--
-- PostgreSQL database dump
--

-- Dumped from database version 17.4
-- Dumped by pg_dump version 17.4

-- Started on 2025-03-18 16:33:15

SET statement_timeout = 0;
SET lock_timeout = 0;
SET idle_in_transaction_session_timeout = 0;
SET transaction_timeout = 0;
SET client_encoding = 'UTF8';
SET standard_conforming_strings = on;
SELECT pg_catalog.set_config('search_path', '', false);
SET check_function_bodies = false;
SET xmloption = content;
SET client_min_messages = warning;
SET row_security = off;

SET default_tablespace = '';

SET default_table_access_method = heap;

--
-- TOC entry 224 (class 1259 OID 25127)
-- Name: order_items; Type: TABLE; Schema: public; Owner: postgres
--

CREATE TABLE public.order_items (
    id integer NOT NULL,
    order_id integer,
    product_id integer NOT NULL,
    quantity integer NOT NULL
);


ALTER TABLE public.order_items OWNER TO postgres;

--
-- TOC entry 223 (class 1259 OID 25126)
-- Name: order_items_id_seq; Type: SEQUENCE; Schema: public; Owner: postgres
--

CREATE SEQUENCE public.order_items_id_seq
    AS integer
    START WITH 1
    INCREMENT BY 1
    NO MINVALUE
    NO MAXVALUE
    CACHE 1;


ALTER SEQUENCE public.order_items_id_seq OWNER TO postgres;

--
-- TOC entry 4837 (class 0 OID 0)
-- Dependencies: 223
-- Name: order_items_id_seq; Type: SEQUENCE OWNED BY; Schema: public; Owner: postgres
--

ALTER SEQUENCE public.order_items_id_seq OWNED BY public.order_items.id;


--
-- TOC entry 220 (class 1259 OID 25097)
-- Name: orders; Type: TABLE; Schema: public; Owner: postgres
--

CREATE TABLE public.orders (
    id integer NOT NULL,
    user_id integer,
    total_amount numeric(10,2) NOT NULL,
    status character varying(20),
    created_at timestamp without time zone DEFAULT CURRENT_TIMESTAMP,
    CONSTRAINT orders_status_check CHECK (((status)::text = ANY ((ARRAY['pending'::character varying, 'completed'::character varying, 'canceled'::character varying])::text[])))
);


ALTER TABLE public.orders OWNER TO postgres;

--
-- TOC entry 219 (class 1259 OID 25096)
-- Name: orders_id_seq; Type: SEQUENCE; Schema: public; Owner: postgres
--

CREATE SEQUENCE public.orders_id_seq
    AS integer
    START WITH 1
    INCREMENT BY 1
    NO MINVALUE
    NO MAXVALUE
    CACHE 1;


ALTER SEQUENCE public.orders_id_seq OWNER TO postgres;

--
-- TOC entry 4838 (class 0 OID 0)
-- Dependencies: 219
-- Name: orders_id_seq; Type: SEQUENCE OWNED BY; Schema: public; Owner: postgres
--

ALTER SEQUENCE public.orders_id_seq OWNED BY public.orders.id;


--
-- TOC entry 222 (class 1259 OID 25117)
-- Name: products; Type: TABLE; Schema: public; Owner: postgres
--

CREATE TABLE public.products (
    id integer NOT NULL,
    name text NOT NULL,
    category text NOT NULL,
    price numeric(10,2) NOT NULL,
    stock integer NOT NULL
);


ALTER TABLE public.products OWNER TO postgres;

--
-- TOC entry 221 (class 1259 OID 25116)
-- Name: products_id_seq; Type: SEQUENCE; Schema: public; Owner: postgres
--

CREATE SEQUENCE public.products_id_seq
    AS integer
    START WITH 1
    INCREMENT BY 1
    NO MINVALUE
    NO MAXVALUE
    CACHE 1;


ALTER SEQUENCE public.products_id_seq OWNER TO postgres;

--
-- TOC entry 4839 (class 0 OID 0)
-- Dependencies: 221
-- Name: products_id_seq; Type: SEQUENCE OWNED BY; Schema: public; Owner: postgres
--

ALTER SEQUENCE public.products_id_seq OWNED BY public.products.id;


--
-- TOC entry 218 (class 1259 OID 25083)
-- Name: users; Type: TABLE; Schema: public; Owner: postgres
--

CREATE TABLE public.users (
    id integer NOT NULL,
    username character varying(50) NOT NULL,
    email character varying(100) NOT NULL,
    password_hash text NOT NULL,
    created_at timestamp without time zone DEFAULT CURRENT_TIMESTAMP
);


ALTER TABLE public.users OWNER TO postgres;

--
-- TOC entry 217 (class 1259 OID 25082)
-- Name: users_id_seq; Type: SEQUENCE; Schema: public; Owner: postgres
--

CREATE SEQUENCE public.users_id_seq
    AS integer
    START WITH 1
    INCREMENT BY 1
    NO MINVALUE
    NO MAXVALUE
    CACHE 1;


ALTER SEQUENCE public.users_id_seq OWNER TO postgres;

--
-- TOC entry 4840 (class 0 OID 0)
-- Dependencies: 217
-- Name: users_id_seq; Type: SEQUENCE OWNED BY; Schema: public; Owner: postgres
--

ALTER SEQUENCE public.users_id_seq OWNED BY public.users.id;


--
-- TOC entry 4661 (class 2604 OID 25130)
-- Name: order_items id; Type: DEFAULT; Schema: public; Owner: postgres
--

ALTER TABLE ONLY public.order_items ALTER COLUMN id SET DEFAULT nextval('public.order_items_id_seq'::regclass);


--
-- TOC entry 4658 (class 2604 OID 25100)
-- Name: orders id; Type: DEFAULT; Schema: public; Owner: postgres
--

ALTER TABLE ONLY public.orders ALTER COLUMN id SET DEFAULT nextval('public.orders_id_seq'::regclass);


--
-- TOC entry 4660 (class 2604 OID 25120)
-- Name: products id; Type: DEFAULT; Schema: public; Owner: postgres
--

ALTER TABLE ONLY public.products ALTER COLUMN id SET DEFAULT nextval('public.products_id_seq'::regclass);


--
-- TOC entry 4656 (class 2604 OID 25086)
-- Name: users id; Type: DEFAULT; Schema: public; Owner: postgres
--

ALTER TABLE ONLY public.users ALTER COLUMN id SET DEFAULT nextval('public.users_id_seq'::regclass);


--
-- TOC entry 4831 (class 0 OID 25127)
-- Dependencies: 224
-- Data for Name: order_items; Type: TABLE DATA; Schema: public; Owner: postgres
--

COPY public.order_items (id, order_id, product_id, quantity) FROM stdin;
2	1317	17	2
3	532	2	5
4	65	21	3
5	1577	22	7
6	226	4	9
7	2063	13	1
8	1592	12	5
9	459	12	2
10	157	3	1
11	1300	13	1
12	938	4	4
13	1561	12	2
14	1565	16	8
15	742	10	9
16	204	13	5
17	1397	7	4
18	164	22	4
19	2095	10	1
20	661	20	3
21	1802	7	3
22	1584	18	1
23	2046	16	8
24	1773	18	3
25	1948	7	2
26	1713	7	4
27	1990	14	7
28	2115	2	3
29	870	13	4
30	162	15	10
31	1429	15	6
32	1737	9	10
33	1052	18	5
34	1167	15	9
35	1758	9	4
36	841	23	5
37	1297	11	8
38	638	11	3
39	222	6	7
40	505	18	6
41	135	14	7
42	1024	24	10
43	610	3	8
44	982	14	5
45	1749	20	6
46	2064	14	10
47	1936	8	7
48	927	21	4
49	1902	4	5
50	1	17	10
51	1083	21	2
52	1500	9	1
53	1478	21	10
54	1572	13	10
55	76	8	8
56	810	20	6
57	1194	21	10
58	1842	4	2
59	1293	21	2
60	1563	2	6
61	1843	13	2
62	2041	23	9
63	279	1	5
64	535	4	10
65	255	6	8
66	441	20	8
67	753	9	3
68	676	23	1
69	337	14	2
70	1206	5	8
71	759	5	8
72	1725	8	4
73	253	22	8
74	1774	4	9
75	792	6	3
76	632	13	8
77	1564	16	5
78	1267	24	8
79	1518	7	9
80	1502	1	9
81	1106	16	10
82	1143	2	9
83	400	21	5
84	588	9	2
85	486	9	7
86	1559	1	10
87	2025	10	8
88	305	4	9
89	959	6	10
90	1948	20	2
91	1189	24	10
92	1920	20	6
93	1594	8	6
94	1140	1	7
95	267	17	5
96	173	12	2
97	1498	12	7
98	623	17	1
99	47	5	4
100	991	25	3
101	257	14	2
102	353	2	2
103	468	11	6
104	1644	4	7
105	713	8	8
106	950	21	5
107	756	2	2
108	986	3	6
109	1187	18	9
110	129	13	2
111	986	21	4
112	1046	12	10
113	841	23	10
114	969	13	8
115	981	24	3
116	1784	23	9
117	365	23	3
118	2058	19	2
119	856	10	4
120	1817	14	4
121	1768	19	1
122	1130	1	3
123	1125	9	2
124	983	11	7
125	1544	11	8
126	1075	7	8
127	100	2	6
128	361	17	2
129	790	24	8
130	838	18	6
131	636	17	3
132	487	11	4
133	289	2	4
134	1391	4	2
135	1152	22	6
136	1890	2	1
137	922	10	8
138	1790	24	6
139	244	4	5
140	601	17	3
141	1690	13	8
142	884	20	4
143	285	21	6
144	1872	19	7
145	1725	1	2
146	1142	16	10
147	1091	10	7
148	1351	15	6
149	1995	10	10
150	1063	15	2
151	140	25	6
152	1646	18	10
153	2098	17	2
154	778	13	7
155	1079	20	10
156	1652	6	7
157	14	1	1
158	1368	14	7
159	1469	25	8
160	1536	24	8
161	1583	17	7
162	237	5	7
163	1842	4	5
164	875	22	4
165	1897	21	10
166	1084	22	1
167	2054	14	9
168	164	19	10
169	476	3	6
170	1601	4	10
171	1654	22	9
172	1570	21	3
173	486	3	7
174	1577	1	9
175	138	23	9
176	908	14	3
177	1891	23	5
178	1642	4	5
179	178	14	6
180	795	17	9
181	689	21	3
182	1635	20	7
183	1995	19	8
184	992	16	9
185	1339	23	7
186	351	25	6
187	1429	4	9
188	767	22	3
189	17	10	6
190	20	6	5
191	250	7	1
192	298	16	1
193	209	22	1
194	540	12	3
195	2009	14	3
196	1431	18	3
197	852	23	7
198	1917	8	2
199	2035	19	1
200	1461	24	5
201	1374	9	1
202	970	1	1
203	1406	20	8
204	1696	3	5
205	1548	24	1
206	1627	24	10
207	434	4	7
208	2117	17	7
209	1185	17	2
210	1738	23	9
211	1851	22	6
212	60	18	6
213	2114	3	3
214	597	13	1
215	549	2	3
216	977	1	2
217	1432	2	7
218	722	5	3
219	1966	18	5
220	1995	3	5
221	1420	4	10
222	103	7	10
223	334	18	4
224	1885	25	4
225	1640	13	7
226	731	19	5
227	786	10	7
228	1692	4	8
229	1812	1	8
230	561	14	1
231	397	23	7
232	1422	7	8
233	1292	1	9
234	1014	1	3
235	1902	25	8
236	253	23	7
237	1651	5	7
238	1394	15	3
239	1515	23	7
240	248	25	10
241	1669	23	9
242	800	8	7
243	2057	7	10
244	1733	12	7
245	1149	23	4
246	75	5	9
247	1919	23	4
248	178	21	5
249	892	22	2
250	341	5	9
251	1308	19	8
252	785	7	6
253	1786	14	4
254	1888	18	4
255	1007	6	10
256	882	18	3
257	210	5	4
258	814	19	5
259	1338	13	1
260	1473	6	10
261	555	14	9
262	1131	16	1
263	50	5	4
264	1983	21	4
265	1763	14	4
266	1737	18	10
267	366	9	6
268	1946	23	7
269	290	5	6
270	905	5	9
271	1356	7	3
272	978	17	4
273	1981	25	4
274	52	6	10
275	1605	8	9
276	1906	2	1
277	1956	11	9
278	304	1	4
279	1492	8	2
280	158	11	6
281	848	12	5
282	998	16	9
283	1140	23	4
284	710	19	4
285	44	10	8
286	1080	10	5
287	1743	23	6
288	2108	17	5
289	1839	1	5
290	634	24	10
291	937	17	6
292	766	4	8
293	568	13	8
294	1508	24	3
295	1921	11	9
296	1897	11	3
297	921	17	3
298	1800	5	10
299	1101	21	3
300	1348	9	1
301	1163	20	9
302	839	6	5
303	1788	19	10
304	846	8	9
305	1716	13	4
306	629	17	2
307	610	25	10
308	2054	11	2
309	560	2	3
310	1569	5	7
311	147	9	5
312	1431	24	7
313	1581	20	7
314	481	2	5
315	1907	10	4
316	2024	25	8
317	221	7	7
318	649	15	2
319	581	8	10
320	615	13	6
321	599	23	5
322	1563	10	3
323	1278	25	6
324	1274	8	6
325	191	2	6
326	1961	21	10
327	1557	20	3
328	330	8	10
329	2114	7	4
330	1117	11	4
331	1934	22	5
332	1641	2	4
333	592	23	10
334	900	17	8
335	1166	9	3
336	232	14	8
337	1433	1	1
338	191	5	7
339	970	23	10
340	10	22	7
341	1513	20	4
342	1414	7	3
343	2038	4	8
344	173	25	6
345	968	21	8
346	108	15	2
347	1391	15	6
348	719	15	4
349	12	15	1
350	1971	11	1
351	1390	17	1
352	189	18	3
353	1630	9	6
354	1040	15	7
355	1039	22	6
356	1821	23	10
357	422	6	6
358	1442	14	8
359	620	2	10
360	111	10	10
361	1879	9	10
362	1084	17	5
363	659	6	6
364	847	2	9
365	374	5	5
366	1286	15	2
367	1650	11	2
368	1384	4	6
369	417	8	9
370	863	3	4
371	1134	12	6
372	79	6	5
373	315	14	9
374	1327	1	6
375	1033	9	2
376	638	6	9
377	1955	3	5
378	141	12	9
379	18	17	9
380	350	5	7
381	728	6	1
382	180	14	4
383	1121	20	10
384	1409	19	1
385	1668	8	10
386	1109	2	10
387	1963	14	8
388	336	25	6
389	456	11	7
390	406	25	10
391	1037	11	5
392	168	8	2
393	38	13	6
394	463	21	7
395	1226	2	5
396	558	13	6
397	546	24	2
398	614	18	9
399	228	18	9
400	1464	10	9
401	1985	11	8
402	2103	20	8
403	822	23	8
404	372	17	8
405	264	17	4
406	580	15	9
407	1864	4	5
408	2018	15	3
409	447	4	3
410	1324	1	1
411	610	3	9
412	679	5	9
413	1801	22	1
414	937	25	9
415	572	22	6
416	1131	22	8
417	1405	17	2
418	1934	8	4
419	720	15	3
420	1847	22	7
421	694	7	10
422	1006	20	1
423	928	1	5
424	1101	17	1
425	781	24	3
426	1596	7	2
427	1965	12	5
428	1584	21	3
429	1701	14	4
430	1352	22	3
431	1756	14	5
432	223	24	3
433	82	21	3
434	1007	2	3
435	1580	3	3
436	1696	22	7
437	415	19	1
438	759	1	6
439	118	17	1
440	1192	11	7
441	1149	8	1
442	2085	6	3
443	126	19	2
444	1634	5	1
445	287	2	8
446	849	21	7
447	1345	22	1
448	218	4	3
449	392	20	1
450	875	6	3
451	572	15	10
452	1764	3	6
453	654	3	9
454	857	12	2
455	1317	1	1
456	1793	4	10
457	1906	12	2
458	323	24	4
459	147	4	1
460	1776	1	6
461	1240	23	7
462	566	17	3
463	1563	17	10
464	1903	24	8
465	586	10	10
466	719	12	7
467	470	10	2
468	1842	9	9
469	1784	24	8
470	1850	18	4
471	1724	1	10
472	1129	12	4
473	2048	13	8
474	2025	20	5
475	97	19	7
476	931	11	2
477	1668	17	6
478	1763	19	6
479	1124	1	9
480	959	7	10
481	857	17	7
482	1472	2	4
483	580	18	9
484	1833	8	5
485	1148	8	9
486	1053	18	9
487	1007	14	1
488	187	23	2
489	1326	14	1
490	1119	14	7
491	248	15	5
492	1008	9	3
493	364	13	10
494	120	15	1
495	1338	4	9
496	1401	15	5
497	602	15	10
498	936	13	10
499	1305	12	9
500	101	14	2
501	2061	11	8
502	1	2	10
503	2	23	8
504	3	20	6
505	4	16	5
506	5	6	5
507	6	11	3
508	7	5	5
509	8	10	7
510	9	3	7
511	10	16	4
512	11	23	9
513	12	8	6
514	13	20	8
515	14	6	10
516	15	12	7
517	16	18	6
518	17	8	8
519	18	17	10
520	19	24	10
521	20	19	7
522	21	17	5
523	22	11	2
524	23	2	8
525	24	17	4
526	25	18	5
527	26	17	5
528	27	24	7
529	28	7	5
530	29	4	2
531	30	3	9
532	31	9	6
533	32	11	3
534	33	24	9
535	34	18	5
536	35	8	6
537	36	4	10
538	37	6	8
539	38	10	1
540	39	17	4
541	40	19	1
542	41	11	3
543	42	10	1
544	43	5	6
545	44	7	9
546	45	1	5
547	46	6	5
548	47	12	4
549	48	21	10
550	49	22	7
551	50	17	2
552	51	14	1
553	52	10	4
554	53	23	3
555	54	25	8
556	55	8	9
557	56	16	7
558	57	16	6
559	58	4	4
560	59	18	1
561	60	6	9
562	61	10	7
563	62	20	7
564	63	11	6
565	64	23	10
566	65	19	7
567	66	12	5
568	67	8	10
569	68	23	3
570	69	19	8
571	70	8	1
572	71	22	7
573	72	7	4
574	73	6	5
575	74	11	7
576	75	17	6
577	76	20	1
578	77	24	10
579	78	23	4
580	79	14	1
581	80	12	8
582	81	17	5
583	82	16	7
584	83	13	6
585	84	2	4
586	85	6	3
587	86	14	7
588	87	4	2
589	88	12	5
590	89	2	6
591	90	5	3
592	91	20	5
593	92	6	4
594	93	22	1
595	94	7	9
596	95	20	3
597	96	13	2
598	97	14	2
599	98	1	8
600	99	13	7
601	100	13	6
602	101	14	4
603	102	13	8
604	103	9	2
605	104	23	8
606	105	3	1
607	106	11	6
608	107	16	10
609	108	5	5
610	109	2	5
611	110	5	4
612	111	6	3
613	112	21	6
614	113	23	9
615	114	6	8
616	115	14	3
617	116	14	5
618	117	17	5
619	118	13	2
620	119	7	10
621	120	16	2
622	121	20	8
623	122	4	3
624	123	3	7
625	124	16	4
626	125	11	2
627	126	17	4
628	127	9	5
629	128	23	9
630	129	24	10
631	130	25	7
632	131	11	1
633	132	25	8
634	133	14	6
635	134	22	2
636	135	8	6
637	136	23	2
638	137	15	4
639	138	10	1
640	139	5	9
641	140	12	7
642	141	11	5
643	142	6	8
644	143	12	10
645	144	22	10
646	145	11	8
647	146	6	5
648	147	15	2
649	148	23	8
650	149	19	10
651	150	22	1
652	151	23	4
653	152	8	4
654	153	18	5
655	154	25	10
656	155	16	2
657	156	23	9
658	157	25	8
659	158	15	7
660	159	22	2
661	160	7	10
662	161	18	8
663	162	19	10
664	163	7	7
665	164	18	6
666	165	6	5
667	166	21	10
668	167	6	5
669	168	4	8
670	169	13	4
671	170	25	6
672	171	15	1
673	172	22	3
674	173	24	6
675	174	11	4
676	175	16	2
677	176	18	1
678	177	9	6
679	178	5	5
680	179	3	1
681	180	20	3
682	181	19	3
683	182	3	8
684	183	21	1
685	184	9	1
686	185	13	1
687	186	1	5
688	187	19	5
689	188	25	1
690	189	15	7
691	190	25	9
692	191	9	2
693	192	3	10
694	193	25	6
695	194	19	4
696	195	18	7
697	196	17	3
698	197	7	9
699	198	1	9
700	199	3	1
701	200	17	6
702	201	1	3
703	202	22	10
704	203	1	9
705	204	8	10
706	205	2	7
707	206	11	7
708	207	16	5
709	208	20	10
710	209	21	9
711	210	16	2
712	211	20	6
713	212	17	9
714	213	18	5
715	214	1	9
716	215	24	8
717	216	15	7
718	217	11	1
719	218	15	1
720	219	14	3
721	220	10	3
722	221	16	8
723	222	22	7
724	223	18	1
725	224	15	4
726	225	2	3
727	226	9	8
728	227	17	7
729	228	10	2
730	229	3	4
731	230	8	6
732	231	3	8
733	232	9	9
734	233	15	3
735	234	7	4
736	235	16	3
737	236	3	6
738	237	9	10
739	238	18	3
740	239	6	8
741	240	14	10
742	241	19	1
743	242	21	8
744	243	17	2
745	244	24	1
746	245	18	1
747	246	12	9
748	247	20	2
749	248	7	6
750	249	20	8
751	250	25	2
752	251	16	5
753	252	24	3
754	253	6	2
755	254	20	8
756	255	23	9
757	256	16	9
758	257	18	8
759	258	23	6
760	259	14	3
761	260	19	3
762	261	9	9
763	262	23	10
764	263	17	7
765	264	5	2
766	265	18	1
767	266	22	7
768	267	25	7
769	268	13	8
770	269	18	4
771	270	10	8
772	271	13	10
773	272	20	7
774	273	1	7
775	274	3	7
776	275	6	6
777	276	8	1
778	277	3	5
779	278	22	1
780	279	4	8
781	280	1	2
782	281	6	5
783	282	9	10
784	283	20	7
785	284	4	9
786	285	15	5
787	286	2	6
788	287	3	8
789	288	13	5
790	289	7	9
791	290	8	8
792	291	20	10
793	292	5	6
794	293	18	4
795	294	18	8
796	295	1	8
797	296	8	4
798	297	16	3
799	298	18	2
800	299	8	8
801	300	3	7
802	301	22	8
803	302	14	1
804	303	10	5
805	304	7	6
806	305	23	3
807	306	6	9
808	307	18	9
809	308	16	1
810	309	22	5
811	310	16	5
812	311	15	5
813	312	12	3
814	313	18	6
815	314	24	9
816	315	4	10
817	316	20	7
818	317	9	5
819	318	14	10
820	319	20	5
821	320	6	4
822	321	15	1
823	322	8	6
824	323	16	9
825	324	1	9
826	325	23	3
827	326	25	1
828	327	20	5
829	328	18	4
830	329	9	8
831	330	17	6
832	331	6	3
833	332	3	3
834	333	16	2
835	334	16	8
836	335	21	5
837	336	15	9
838	337	11	9
839	338	7	3
840	339	25	1
841	340	12	5
842	341	1	7
843	342	7	6
844	343	9	2
845	344	11	10
846	345	4	2
847	346	12	5
848	347	10	1
849	348	24	9
850	349	4	10
851	350	8	9
852	351	13	10
853	352	16	8
854	353	11	10
855	354	5	10
856	355	7	6
857	356	15	8
858	357	24	7
859	358	1	4
860	359	21	4
861	360	12	3
862	361	22	8
863	362	14	6
864	363	15	7
865	364	1	5
866	365	9	6
867	366	8	1
868	367	6	1
869	368	22	2
870	369	20	8
871	370	4	10
872	371	7	1
873	372	11	1
874	373	17	2
875	374	18	10
876	375	4	9
877	376	9	1
878	377	19	2
879	378	5	1
880	379	8	5
881	380	25	9
882	381	9	7
883	382	20	8
884	383	6	4
885	384	20	4
886	385	1	2
887	386	24	9
888	387	3	3
889	388	8	6
890	389	22	8
891	390	12	2
892	391	23	8
893	392	7	10
894	393	6	10
895	394	13	1
896	395	17	1
897	396	2	1
898	397	22	1
899	398	18	9
900	399	13	7
901	400	9	2
902	401	11	3
903	402	3	10
904	403	6	6
905	404	5	3
906	405	19	3
907	406	10	6
908	407	13	2
909	408	16	8
910	409	7	10
911	410	23	4
912	411	6	6
913	412	14	10
914	413	3	5
915	414	19	9
916	415	16	3
917	416	25	5
918	417	2	4
919	418	4	1
920	419	23	8
921	420	22	8
922	421	4	2
923	422	18	5
924	423	11	4
925	424	12	1
926	425	17	8
927	426	2	6
928	427	17	7
929	428	25	8
930	429	1	9
931	430	19	2
932	431	11	5
933	432	13	10
934	433	17	5
935	434	8	1
936	435	14	3
937	436	14	7
938	437	18	7
939	438	9	8
940	439	11	8
941	440	19	7
942	441	5	7
943	442	14	4
944	443	10	5
945	444	20	1
946	445	2	3
947	446	7	3
948	447	18	1
949	448	1	4
950	449	19	1
951	450	23	10
952	451	8	5
953	452	4	5
954	453	17	9
955	454	21	1
956	455	18	8
957	456	7	7
958	457	17	10
959	458	14	3
960	459	19	8
961	460	2	7
962	461	13	3
963	462	7	2
964	463	16	6
965	464	13	5
966	465	21	8
967	466	16	2
968	467	2	7
969	468	13	2
970	469	16	10
971	470	23	9
972	471	17	9
973	472	15	1
974	473	24	7
975	474	9	6
976	475	21	2
977	476	16	8
978	477	5	4
979	478	19	4
980	479	13	6
981	480	2	6
982	481	10	1
983	482	19	8
984	483	14	4
985	484	17	4
986	485	25	1
987	486	20	8
988	487	3	10
989	488	11	10
990	489	22	5
991	490	1	5
992	491	10	2
993	492	9	1
994	493	11	6
995	494	1	3
996	495	21	10
997	496	25	8
998	497	16	4
999	498	17	8
1000	499	2	1
1001	500	10	3
1002	501	13	6
1003	502	14	10
1004	503	20	1
1005	504	7	8
1006	505	23	3
1007	506	6	5
1008	507	19	3
1009	508	17	1
1010	509	1	10
1011	510	11	4
1012	511	20	6
1013	512	25	7
1014	513	24	8
1015	514	22	7
1016	515	16	5
1017	516	2	2
1018	517	1	4
1019	518	24	10
1020	519	20	1
1021	520	5	1
1022	521	18	5
1023	522	14	4
1024	523	11	8
1025	524	12	8
1026	525	20	1
1027	526	22	4
1028	527	21	4
1029	528	14	3
1030	529	18	1
1031	530	25	1
1032	531	25	9
1033	532	14	6
1034	533	10	7
1035	534	2	4
1036	535	17	3
1037	536	7	9
1038	537	10	1
1039	538	12	5
1040	539	8	1
1041	540	23	1
1042	541	9	3
1043	542	12	7
1044	543	24	10
1045	544	3	8
1046	545	22	7
1047	546	20	6
1048	547	22	3
1049	548	8	8
1050	549	9	4
1051	550	17	4
1052	551	20	6
1053	552	1	5
1054	553	5	6
1055	554	1	3
1056	555	5	6
1057	556	8	8
1058	557	13	1
1059	558	13	1
1060	559	4	10
1061	560	1	1
1062	561	19	10
1063	562	16	9
1064	563	13	7
1065	564	6	3
1066	565	5	10
1067	566	9	7
1068	567	3	7
1069	568	9	2
1070	569	17	2
1071	570	1	4
1072	571	9	8
1073	572	14	2
1074	573	18	9
1075	574	21	9
1076	575	18	1
1077	576	8	1
1078	577	1	8
1079	578	18	1
1080	579	11	1
1081	580	5	8
1082	581	6	7
1083	582	1	4
1084	583	9	7
1085	584	8	6
1086	585	15	2
1087	586	9	7
1088	587	25	9
1089	588	23	5
1090	589	7	4
1091	590	21	3
1092	591	25	6
1093	592	22	8
1094	593	17	6
1095	594	14	5
1096	595	25	4
1097	596	23	7
1098	597	22	1
1099	598	18	2
1100	599	3	7
1101	600	1	10
1102	601	13	7
1103	602	5	10
1104	603	2	10
1105	604	18	6
1106	605	7	4
1107	606	1	4
1108	607	9	7
1109	608	14	8
1110	609	1	6
1111	610	20	2
1112	611	12	8
1113	612	17	10
1114	613	24	5
1115	614	25	5
1116	615	7	3
1117	616	11	9
1118	617	13	1
1119	618	9	9
1120	619	25	9
1121	620	17	9
1122	621	24	8
1123	622	23	3
1124	623	8	3
1125	624	24	2
1126	625	3	10
1127	626	19	9
1128	627	25	4
1129	628	11	8
1130	629	3	7
1131	630	3	9
1132	631	23	10
1133	632	24	7
1134	633	23	5
1135	634	14	4
1136	635	8	3
1137	636	12	8
1138	637	16	9
1139	638	10	4
1140	639	23	10
1141	640	18	4
1142	641	2	4
1143	642	10	8
1144	643	22	8
1145	644	13	5
1146	645	1	9
1147	646	6	9
1148	647	23	9
1149	648	3	6
1150	649	15	4
1151	650	21	4
1152	651	19	5
1153	652	11	5
1154	653	9	6
1155	654	24	9
1156	655	23	3
1157	656	12	10
1158	657	12	7
1159	658	23	10
1160	659	2	9
1161	660	23	8
1162	661	23	8
1163	662	16	6
1164	663	15	1
1165	664	11	4
1166	665	7	9
1167	666	17	6
1168	667	2	1
1169	668	9	2
1170	669	3	10
1171	670	21	6
1172	671	25	10
1173	672	23	3
1174	673	16	1
1175	674	18	6
1176	675	3	2
1177	676	2	5
1178	677	21	5
1179	678	25	3
1180	679	21	8
1181	680	1	7
1182	681	24	1
1183	682	6	5
1184	683	21	10
1185	684	8	10
1186	685	18	10
1187	686	18	4
1188	687	8	7
1189	688	2	8
1190	689	17	2
1191	690	10	5
1192	691	10	10
1193	692	11	8
1194	693	4	4
1195	694	13	1
1196	695	25	7
1197	696	9	3
1198	697	8	8
1199	698	16	9
1200	699	7	1
1201	700	13	7
1202	701	13	6
1203	702	7	4
1204	703	9	5
1205	704	16	1
1206	705	6	3
1207	706	7	2
1208	707	4	3
1209	708	11	5
1210	709	10	3
1211	710	20	4
1212	711	14	3
1213	712	11	3
1214	713	3	8
1215	714	23	3
1216	715	20	6
1217	716	18	2
1218	717	19	7
1219	718	7	9
1220	719	21	8
1221	720	2	1
1222	721	15	2
1223	722	12	5
1224	723	18	9
1225	724	6	10
1226	725	9	5
1227	726	14	3
1228	727	8	2
1229	728	5	10
1230	729	7	4
1231	730	23	5
1232	731	2	8
1233	732	25	4
1234	733	2	6
1235	734	20	8
1236	735	16	7
1237	736	7	5
1238	737	16	3
1239	738	22	5
1240	739	16	1
1241	740	9	7
1242	741	14	9
1243	742	21	10
1244	743	16	9
1245	744	1	1
1246	745	10	8
1247	746	9	10
1248	747	9	10
1249	748	10	2
1250	749	2	9
1251	750	25	7
1252	751	25	10
1253	752	1	9
1254	753	19	2
1255	754	13	9
1256	755	9	9
1257	756	21	1
1258	757	22	1
1259	758	13	7
1260	759	9	3
1261	760	22	8
1262	761	25	10
1263	762	16	3
1264	763	4	5
1265	764	19	5
1266	765	11	3
1267	766	3	2
1268	767	17	8
1269	768	6	10
1270	769	21	9
1271	770	19	8
1272	771	13	7
1273	772	1	6
1274	773	7	9
1275	774	25	10
1276	775	7	3
1277	776	15	7
1278	777	24	5
1279	778	17	2
1280	779	12	7
1281	780	7	8
1282	781	8	8
1283	782	8	4
1284	783	11	3
1285	784	18	7
1286	785	4	5
1287	786	1	6
1288	787	16	4
1289	788	1	4
1290	789	19	5
1291	790	20	5
1292	791	10	4
1293	792	19	3
1294	793	5	7
1295	794	9	8
1296	795	7	4
1297	796	2	3
1298	797	22	6
1299	798	18	6
1300	799	5	7
1301	800	14	5
1302	801	8	6
1303	802	22	5
1304	803	9	5
1305	804	16	9
1306	805	7	2
1307	806	24	1
1308	807	18	6
1309	808	13	5
1310	809	8	3
1311	810	22	3
1312	811	3	6
1313	812	13	3
1314	813	11	2
1315	814	21	2
1316	815	7	9
1317	816	9	8
1318	817	8	10
1319	818	21	8
1320	819	20	9
1321	820	12	1
1322	821	20	2
1323	822	15	5
1324	823	17	3
1325	824	15	10
1326	825	21	2
1327	826	21	4
1328	827	20	6
1329	828	11	2
1330	829	24	4
1331	830	12	5
1332	831	21	4
1333	832	23	5
1334	833	13	6
1335	834	24	6
1336	835	1	1
1337	836	4	4
1338	837	13	6
1339	838	20	4
1340	839	12	5
1341	840	8	3
1342	841	18	5
1343	842	3	3
1344	843	24	4
1345	844	4	4
1346	845	12	6
1347	846	18	8
1348	847	9	9
1349	848	7	2
1350	849	19	3
1351	850	16	10
1352	851	14	2
1353	852	16	4
1354	853	13	6
1355	854	2	10
1356	855	9	8
1357	856	14	6
1358	857	14	10
1359	858	15	10
1360	859	1	4
1361	860	16	6
1362	861	14	10
1363	862	4	9
1364	863	16	1
1365	864	3	9
1366	865	19	1
1367	866	11	7
1368	867	11	3
1369	868	18	10
1370	869	10	5
1371	870	13	4
1372	871	19	6
1373	872	23	8
1374	873	14	9
1375	874	9	7
1376	875	2	7
1377	876	5	10
1378	877	13	3
1379	878	19	4
1380	879	14	3
1381	880	8	1
1382	881	20	4
1383	882	22	10
1384	883	8	10
1385	884	20	1
1386	885	23	8
1387	886	6	3
1388	887	13	1
1389	888	25	4
1390	889	3	7
1391	890	18	7
1392	891	9	2
1393	892	16	2
1394	893	2	7
1395	894	15	8
1396	895	4	5
1397	896	25	4
1398	897	8	5
1399	898	13	7
1400	899	9	3
1401	900	7	8
1402	901	19	9
1403	902	16	4
1404	903	7	10
1405	904	15	3
1406	905	22	2
1407	906	11	3
1408	907	3	8
1409	908	12	8
1410	909	15	4
1411	910	18	2
1412	911	14	6
1413	912	3	2
1414	913	11	3
1415	914	9	6
1416	915	17	10
1417	916	1	2
1418	917	13	3
1419	918	15	9
1420	919	12	1
1421	920	15	4
1422	921	5	2
1423	922	7	8
1424	923	12	9
1425	924	4	8
1426	925	25	3
1427	926	7	9
1428	927	5	5
1429	928	24	7
1430	929	10	10
1431	930	2	3
1432	931	25	4
1433	932	4	6
1434	933	11	10
1435	934	24	1
1436	935	3	4
1437	936	7	8
1438	937	20	3
1439	938	21	7
1440	939	19	5
1441	940	1	1
1442	941	18	2
1443	942	13	1
1444	943	11	9
1445	944	24	3
1446	945	6	4
1447	946	24	4
1448	947	21	5
1449	948	16	7
1450	949	24	2
1451	950	13	6
1452	951	9	9
1453	952	15	3
1454	953	9	1
1455	954	20	7
1456	955	2	6
1457	956	8	6
1458	957	25	3
1459	958	22	2
1460	959	18	1
1461	960	22	10
1462	961	18	4
1463	962	14	1
1464	963	23	10
1465	964	5	8
1466	965	9	7
1467	966	11	9
1468	967	24	4
1469	968	10	6
1470	969	13	1
1471	970	8	9
1472	971	13	9
1473	972	4	7
1474	973	13	6
1475	974	17	9
1476	975	8	7
1477	976	3	5
1478	977	13	7
1479	978	9	3
1480	979	25	2
1481	980	24	9
1482	981	3	1
1483	982	14	9
1484	983	7	1
1485	984	5	7
1486	985	11	5
1487	986	25	2
1488	987	7	6
1489	988	9	10
1490	989	19	3
1491	990	22	3
1492	991	6	5
1493	992	8	8
1494	993	20	5
1495	994	5	6
1496	995	23	10
1497	996	9	7
1498	997	20	6
1499	998	20	4
1500	999	18	10
1501	1000	5	9
1502	1001	14	1
1503	1002	22	6
1504	1003	16	5
1505	1004	4	3
1506	1005	16	2
1507	1006	23	2
1508	1007	12	5
1509	1008	8	3
1510	1009	10	9
1511	1010	14	10
1512	1011	5	6
1513	1012	18	8
1514	1013	20	8
1515	1014	12	2
1516	1015	17	7
1517	1016	14	4
1518	1017	2	3
1519	1018	4	6
1520	1019	14	3
1521	1020	11	9
1522	1021	2	2
1523	1022	4	9
1524	1023	16	9
1525	1024	22	2
1526	1025	5	9
1527	1026	4	8
1528	1027	4	8
1529	1028	25	3
1530	1029	20	2
1531	1030	5	4
1532	1031	14	3
1533	1032	25	9
1534	1033	21	4
1535	1034	22	6
1536	1035	4	9
1537	1036	12	3
1538	1037	17	10
1539	1038	14	2
1540	1039	10	7
1541	1040	19	3
1542	1041	20	9
1543	1042	3	2
1544	1043	14	10
1545	1044	22	7
1546	1045	3	6
1547	1046	1	5
1548	1047	12	8
1549	1048	13	2
1550	1049	16	4
1551	1050	21	7
1552	1051	17	2
1553	1052	19	8
1554	1053	20	1
1555	1054	5	9
1556	1055	12	1
1557	1056	19	7
1558	1057	5	7
1559	1058	23	1
1560	1059	14	10
1561	1060	20	4
1562	1061	4	5
1563	1062	21	6
1564	1063	18	1
1565	1064	15	1
1566	1065	2	3
1567	1066	20	5
1568	1067	22	5
1569	1068	7	1
1570	1069	21	8
1571	1070	3	5
1572	1071	17	2
1573	1072	11	2
1574	1073	1	4
1575	1074	19	6
1576	1075	24	2
1577	1076	4	8
1578	1077	18	4
1579	1078	6	9
1580	1079	4	1
1581	1080	6	7
1582	1081	11	8
1583	1082	24	5
1584	1083	2	5
1585	1084	10	4
1586	1085	24	3
1587	1086	1	6
1588	1087	11	9
1589	1088	16	5
1590	1089	4	4
1591	1090	10	5
1592	1091	3	4
1593	1092	1	8
1594	1093	4	6
1595	1094	3	6
1596	1095	18	7
1597	1096	16	7
1598	1097	16	3
1599	1098	9	4
1600	1099	10	3
1601	1100	17	9
1602	1101	11	5
1603	1102	12	2
1604	1103	15	7
1605	1104	9	8
1606	1105	12	7
1607	1106	14	3
1608	1107	3	5
1609	1108	11	3
1610	1109	25	2
1611	1110	21	7
1612	1111	22	2
1613	1112	25	2
1614	1113	23	2
1615	1114	20	10
1616	1115	23	9
1617	1116	15	6
1618	1117	3	3
1619	1118	18	10
1620	1119	15	4
1621	1120	7	8
1622	1121	8	3
1623	1122	14	8
1624	1123	1	5
1625	1124	19	1
1626	1125	19	1
1627	1126	4	5
1628	1127	8	2
1629	1128	21	8
1630	1129	12	2
1631	1130	9	9
1632	1131	22	10
1633	1132	16	5
1634	1133	25	10
1635	1134	23	5
1636	1135	22	6
1637	1136	5	4
1638	1137	9	10
1639	1138	2	9
1640	1139	24	10
1641	1140	8	9
1642	1141	12	3
1643	1142	13	4
1644	1143	11	3
1645	1144	1	9
1646	1145	25	4
1647	1146	22	4
1648	1147	3	7
1649	1148	16	2
1650	1149	6	4
1651	1150	6	3
1652	1151	2	6
1653	1152	24	1
1654	1153	23	10
1655	1154	3	8
1656	1155	11	2
1657	1156	11	1
1658	1157	6	3
1659	1158	5	2
1660	1159	17	9
1661	1160	25	1
1662	1161	25	10
1663	1162	2	9
1664	1163	1	10
1665	1164	15	10
1666	1165	22	8
1667	1166	23	6
1668	1167	4	5
1669	1168	12	10
1670	1169	24	9
1671	1170	24	8
1672	1171	8	6
1673	1172	9	7
1674	1173	18	3
1675	1174	19	3
1676	1175	7	3
1677	1176	10	8
1678	1177	6	2
1679	1178	23	7
1680	1179	10	1
1681	1180	10	5
1682	1181	17	5
1683	1182	5	3
1684	1183	9	10
1685	1184	23	10
1686	1185	8	3
1687	1186	15	5
1688	1187	10	7
1689	1188	2	8
1690	1189	4	2
1691	1190	4	10
1692	1191	19	10
1693	1192	20	8
1694	1193	11	5
1695	1194	15	10
1696	1195	11	5
1697	1196	13	2
1698	1197	24	9
1699	1198	6	6
1700	1199	1	7
1701	1200	18	7
1702	1201	15	3
1703	1202	3	3
1704	1203	9	10
1705	1204	15	9
1706	1205	23	5
1707	1206	10	10
1708	1207	17	5
1709	1208	10	8
1710	1209	25	7
1711	1210	14	3
1712	1211	14	1
1713	1212	11	3
1714	1213	15	6
1715	1214	5	5
1716	1215	20	2
1717	1216	4	8
1718	1217	8	10
1719	1218	1	6
1720	1219	22	5
1721	1220	14	5
1722	1221	7	2
1723	1222	2	5
1724	1223	4	3
1725	1224	25	9
1726	1225	4	3
1727	1226	21	10
1728	1227	18	5
1729	1228	13	6
1730	1229	22	2
1731	1230	16	7
1732	1231	6	6
1733	1232	14	2
1734	1233	19	4
1735	1234	1	3
1736	1235	14	6
1737	1236	22	8
1738	1237	22	1
1739	1238	1	5
1740	1239	2	7
1741	1240	8	2
1742	1241	1	5
1743	1242	15	1
1744	1243	10	2
1745	1244	4	3
1746	1245	7	2
1747	1246	13	6
1748	1247	4	1
1749	1248	8	3
1750	1249	17	6
1751	1250	7	4
1752	1251	24	7
1753	1252	18	7
1754	1253	8	3
1755	1254	21	4
1756	1255	3	4
1757	1256	10	3
1758	1257	15	8
1759	1258	25	2
1760	1259	2	4
1761	1260	21	8
1762	1261	2	8
1763	1262	16	5
1764	1263	4	7
1765	1264	11	6
1766	1265	11	9
1767	1266	20	10
1768	1267	25	1
1769	1268	14	2
1770	1269	22	2
1771	1270	20	4
1772	1271	11	6
1773	1272	3	10
1774	1273	22	2
1775	1274	18	4
1776	1275	23	4
1777	1276	3	8
1778	1277	25	4
1779	1278	6	3
1780	1279	6	4
1781	1280	1	6
1782	1281	8	7
1783	1282	22	1
1784	1283	24	3
1785	1284	5	10
1786	1285	3	3
1787	1286	24	1
1788	1287	19	8
1789	1288	6	5
1790	1289	19	3
1791	1290	22	4
1792	1291	3	7
1793	1292	19	2
1794	1293	13	1
1795	1294	16	7
1796	1295	1	2
1797	1296	21	2
1798	1297	23	5
1799	1298	18	4
1800	1299	6	4
1801	1300	1	4
1802	1301	10	6
1803	1302	11	10
1804	1303	11	1
1805	1304	11	8
1806	1305	24	9
1807	1306	11	6
1808	1307	22	4
1809	1308	15	6
1810	1309	25	4
1811	1310	9	10
1812	1311	22	7
1813	1312	22	8
1814	1313	16	4
1815	1314	3	2
1816	1315	20	1
1817	1316	9	4
1818	1317	24	7
1819	1318	21	5
1820	1319	20	6
1821	1320	8	2
1822	1321	12	5
1823	1322	5	10
1824	1323	3	7
1825	1324	22	8
1826	1325	12	7
1827	1326	23	9
1828	1327	10	5
1829	1328	8	8
1830	1329	5	4
1831	1330	8	10
1832	1331	25	6
1833	1332	3	1
1834	1333	5	3
1835	1334	19	8
1836	1335	23	2
1837	1336	10	1
1838	1337	17	5
1839	1338	22	1
1840	1339	2	8
1841	1340	14	7
1842	1341	9	1
1843	1342	19	9
1844	1343	4	2
1845	1344	7	7
1846	1345	22	4
1847	1346	8	7
1848	1347	20	8
1849	1348	3	8
1850	1349	4	9
1851	1350	15	1
1852	1351	12	5
1853	1352	1	10
1854	1353	6	7
1855	1354	1	6
1856	1355	22	3
1857	1356	12	10
1858	1357	5	5
1859	1358	8	5
1860	1359	3	10
1861	1360	12	3
1862	1361	24	9
1863	1362	25	4
1864	1363	21	8
1865	1364	22	2
1866	1365	19	4
1867	1366	10	3
1868	1367	22	5
1869	1368	23	6
1870	1369	9	2
1871	1370	16	8
1872	1371	20	5
1873	1372	5	7
1874	1373	20	3
1875	1374	8	3
1876	1375	6	5
1877	1376	18	3
1878	1377	16	5
1879	1378	12	3
1880	1379	23	3
1881	1380	5	7
1882	1381	7	6
1883	1382	18	3
1884	1383	6	10
1885	1384	16	5
1886	1385	20	3
1887	1386	24	8
1888	1387	8	1
1889	1388	21	10
1890	1389	3	1
1891	1390	3	4
1892	1391	11	3
1893	1392	18	8
1894	1393	7	4
1895	1394	22	9
1896	1395	13	4
1897	1396	19	2
1898	1397	4	7
1899	1398	13	10
1900	1399	23	9
1901	1400	7	6
1902	1401	7	1
1903	1402	10	3
1904	1403	1	2
1905	1404	16	5
1906	1405	23	8
1907	1406	22	3
1908	1407	10	8
1909	1408	7	7
1910	1409	3	5
1911	1410	9	2
1912	1411	2	7
1913	1412	17	9
1914	1413	13	8
1915	1414	13	7
1916	1415	3	1
1917	1416	1	4
1918	1417	12	6
1919	1418	5	1
1920	1419	21	4
1921	1420	1	7
1922	1421	2	6
1923	1422	12	4
1924	1423	22	2
1925	1424	17	10
1926	1425	25	1
1927	1426	17	2
1928	1427	22	9
1929	1428	8	10
1930	1429	19	4
1931	1430	17	6
1932	1431	20	10
1933	1432	9	8
1934	1433	2	7
1935	1434	16	2
1936	1435	15	3
1937	1436	13	2
1938	1437	5	6
1939	1438	3	7
1940	1439	17	9
1941	1440	6	8
1942	1441	11	5
1943	1442	10	3
1944	1443	9	9
1945	1444	18	9
1946	1445	4	6
1947	1446	18	6
1948	1447	6	7
1949	1448	5	3
1950	1449	7	3
1951	1450	10	1
1952	1451	16	9
1953	1452	10	8
1954	1453	4	9
1955	1454	23	1
1956	1455	14	8
1957	1456	10	3
1958	1457	14	1
1959	1458	24	10
1960	1459	12	5
1961	1460	11	10
1962	1461	17	7
1963	1462	25	8
1964	1463	12	3
1965	1464	4	10
1966	1465	5	10
1967	1466	1	6
1968	1467	15	2
1969	1468	22	5
1970	1469	19	9
1971	1470	20	9
1972	1471	16	8
1973	1472	24	4
1974	1473	8	8
1975	1474	12	6
1976	1475	17	2
1977	1476	13	5
1978	1477	15	1
1979	1478	13	4
1980	1479	5	6
1981	1480	11	6
1982	1481	16	8
1983	1482	8	10
1984	1483	10	7
1985	1484	14	10
1986	1485	5	2
1987	1486	23	2
1988	1487	18	3
1989	1488	12	4
1990	1489	5	1
1991	1490	1	10
1992	1491	17	7
1993	1492	6	9
1994	1493	24	8
1995	1494	16	4
1996	1495	22	3
1997	1496	5	3
1998	1497	2	5
1999	1498	18	1
2000	1499	1	2
2001	1500	25	7
2002	1501	16	8
2003	1502	12	4
2004	1503	17	5
2005	1504	15	5
2006	1505	7	10
2007	1506	13	1
2008	1507	4	5
2009	1508	16	3
2010	1509	20	1
2011	1510	5	1
2012	1511	21	4
2013	1512	7	8
2014	1513	20	8
2015	1514	19	2
2016	1515	9	6
2017	1516	1	4
2018	1517	24	2
2019	1518	23	3
2020	1519	11	8
2021	1520	16	6
2022	1521	19	10
2023	1522	7	7
2024	1523	24	4
2025	1524	14	5
2026	1525	18	6
2027	1526	12	1
2028	1527	17	6
2029	1528	24	5
2030	1529	10	10
2031	1530	18	6
2032	1531	20	7
2033	1532	19	4
2034	1533	23	8
2035	1534	6	8
2036	1535	1	2
2037	1536	1	6
2038	1537	3	7
2039	1538	19	2
2040	1539	24	8
2041	1540	11	10
2042	1541	2	6
2043	1542	13	4
2044	1543	20	10
2045	1544	15	2
2046	1545	13	5
2047	1546	16	7
2048	1547	1	5
2049	1548	5	1
2050	1549	13	6
2051	1550	1	6
2052	1551	22	1
2053	1552	21	7
2054	1553	10	2
2055	1554	12	9
2056	1555	20	1
2057	1556	11	3
2058	1557	12	7
2059	1558	11	9
2060	1559	23	4
2061	1560	8	4
2062	1561	1	7
2063	1562	10	10
2064	1563	8	4
2065	1564	8	4
2066	1565	10	3
2067	1566	19	1
2068	1567	3	5
2069	1568	2	1
2070	1569	9	6
2071	1570	17	10
2072	1571	17	10
2073	1572	19	8
2074	1573	24	7
2075	1574	16	1
2076	1575	7	6
2077	1576	16	7
2078	1577	16	3
2079	1578	14	7
2080	1579	18	4
2081	1580	15	4
2082	1581	3	2
2083	1582	21	8
2084	1583	22	9
2085	1584	24	5
2086	1585	16	9
2087	1586	21	9
2088	1587	17	10
2089	1588	9	3
2090	1589	15	2
2091	1590	1	3
2092	1591	2	10
2093	1592	17	10
2094	1593	25	9
2095	1594	21	9
2096	1595	23	7
2097	1596	1	8
2098	1597	17	2
2099	1598	5	10
2100	1599	18	4
2101	1600	12	5
2102	1601	14	3
2103	1602	10	9
2104	1603	20	4
2105	1604	3	3
2106	1605	4	8
2107	1606	4	9
2108	1607	1	10
2109	1608	17	8
2110	1609	16	1
2111	1610	8	8
2112	1611	7	6
2113	1612	2	3
2114	1613	21	7
2115	1614	23	9
2116	1615	24	3
2117	1616	23	3
2118	1617	9	2
2119	1618	11	5
2120	1619	16	2
2121	1620	14	3
2122	1621	14	10
2123	1622	15	9
2124	1623	22	10
2125	1624	17	8
2126	1625	18	4
2127	1626	17	9
2128	1627	7	3
2129	1628	5	1
2130	1629	10	2
2131	1630	14	8
2132	1631	25	9
2133	1632	15	9
2134	1633	10	1
2135	1634	23	5
2136	1635	3	8
2137	1636	2	7
2138	1637	1	1
2139	1638	5	10
2140	1639	15	3
2141	1640	7	1
2142	1641	2	10
2143	1642	4	1
2144	1643	12	9
2145	1644	8	4
2146	1645	19	8
2147	1646	2	5
2148	1647	5	1
2149	1648	25	10
2150	1649	16	7
2151	1650	19	10
2152	1651	5	5
2153	1652	6	7
2154	1653	25	4
2155	1654	10	2
2156	1655	11	10
2157	1656	11	1
2158	1657	12	9
2159	1658	7	9
2160	1659	4	9
2161	1660	13	5
2162	1661	22	5
2163	1662	5	5
2164	1663	19	8
2165	1664	22	6
2166	1665	4	6
2167	1666	5	2
2168	1667	13	8
2169	1668	23	10
2170	1669	6	4
2171	1670	23	9
2172	1671	17	10
2173	1672	4	1
2174	1673	22	2
2175	1674	8	1
2176	1675	20	2
2177	1676	8	3
2178	1677	21	10
2179	1678	25	8
2180	1679	3	10
2181	1680	19	7
2182	1681	17	3
2183	1682	19	6
2184	1683	13	7
2185	1684	11	7
2186	1685	3	8
2187	1686	17	8
2188	1687	14	1
2189	1688	3	2
2190	1689	2	4
2191	1690	8	10
2192	1691	25	10
2193	1692	7	4
2194	1693	20	5
2195	1694	11	6
2196	1695	2	10
2197	1696	4	6
2198	1697	6	9
2199	1698	12	8
2200	1699	7	7
2201	1700	17	4
2202	1701	18	8
2203	1702	17	3
2204	1703	5	5
2205	1704	21	4
2206	1705	22	5
2207	1706	22	1
2208	1707	6	1
2209	1708	25	10
2210	1709	11	1
2211	1710	21	6
2212	1711	2	8
2213	1712	16	9
2214	1713	14	5
2215	1714	9	5
2216	1715	14	7
2217	1716	11	2
2218	1717	25	4
2219	1718	21	5
2220	1719	17	10
2221	1720	17	4
2222	1721	23	1
2223	1722	3	2
2224	1723	16	9
2225	1724	4	4
2226	1725	13	9
2227	1726	3	2
2228	1727	14	5
2229	1728	12	9
2230	1729	12	1
2231	1730	19	9
2232	1731	14	1
2233	1732	14	3
2234	1733	5	10
2235	1734	20	4
2236	1735	19	7
2237	1736	7	1
2238	1737	17	9
2239	1738	16	7
2240	1739	8	2
2241	1740	14	5
2242	1741	24	8
2243	1742	7	5
2244	1743	4	9
2245	1744	20	2
2246	1745	6	1
2247	1746	24	10
2248	1747	18	10
2249	1748	22	1
2250	1749	13	4
2251	1750	7	9
2252	1751	12	4
2253	1752	1	5
2254	1753	22	9
2255	1754	20	1
2256	1755	18	2
2257	1756	7	1
2258	1757	22	3
2259	1758	18	2
2260	1759	10	7
2261	1760	16	1
2262	1761	12	6
2263	1762	25	4
2264	1763	15	2
2265	1764	5	5
2266	1765	19	5
2267	1766	15	6
2268	1767	5	6
2269	1768	15	5
2270	1769	22	10
2271	1770	11	3
2272	1771	8	6
2273	1772	6	9
2274	1773	24	5
2275	1774	6	9
2276	1775	9	9
2277	1776	8	3
2278	1777	14	7
2279	1778	20	3
2280	1779	25	5
2281	1780	25	1
2282	1781	14	2
2283	1782	24	10
2284	1783	24	4
2285	1784	21	9
2286	1785	3	10
2287	1786	21	10
2288	1787	13	6
2289	1788	23	3
2290	1789	6	3
2291	1790	3	7
2292	1791	10	1
2293	1792	4	1
2294	1793	8	9
2295	1794	21	9
2296	1795	21	8
2297	1796	25	8
2298	1797	1	10
2299	1798	1	3
2300	1799	25	5
2301	1800	14	5
2302	1801	5	2
2303	1802	4	8
2304	1803	10	4
2305	1804	4	3
2306	1805	25	7
2307	1806	9	5
2308	1807	20	8
2309	1808	23	6
2310	1809	8	4
2311	1810	21	10
2312	1811	2	3
2313	1812	1	5
2314	1813	18	4
2315	1814	3	1
2316	1815	13	5
2317	1816	20	5
2318	1817	17	9
2319	1818	8	4
2320	1819	1	9
2321	1820	2	7
2322	1821	15	8
2323	1822	14	3
2324	1823	25	7
2325	1824	3	9
2326	1825	6	1
2327	1826	7	6
2328	1827	4	2
2329	1828	4	5
2330	1829	2	8
2331	1830	14	2
2332	1831	6	2
2333	1832	1	3
2334	1833	9	10
2335	1834	16	6
2336	1835	7	7
2337	1836	15	2
2338	1837	7	9
2339	1838	1	10
2340	1839	2	10
2341	1840	20	8
2342	1841	18	9
2343	1842	15	9
2344	1843	18	8
2345	1844	20	9
2346	1845	21	5
2347	1846	9	9
2348	1847	10	3
2349	1848	14	3
2350	1849	10	6
2351	1850	24	1
2352	1851	1	6
2353	1852	7	9
2354	1853	25	6
2355	1854	20	6
2356	1855	7	6
2357	1856	13	7
2358	1857	13	9
2359	1858	25	2
2360	1859	10	5
2361	1860	2	9
2362	1861	1	6
2363	1862	1	6
2364	1863	10	5
2365	1864	22	1
2366	1865	11	10
2367	1866	19	1
2368	1867	22	4
2369	1868	19	5
2370	1869	12	10
2371	1870	11	4
2372	1871	23	6
2373	1872	9	9
2374	1873	2	5
2375	1874	10	5
2376	1875	3	9
2377	1876	24	1
2378	1877	9	7
2379	1878	7	8
2380	1879	9	6
2381	1880	1	7
2382	1881	4	2
2383	1882	15	4
2384	1883	18	2
2385	1884	15	2
2386	1885	23	7
2387	1886	3	8
2388	1887	15	5
2389	1888	13	2
2390	1889	16	5
2391	1890	17	5
2392	1891	15	2
2393	1892	16	5
2394	1893	24	5
2395	1894	15	3
2396	1895	10	8
2397	1896	7	2
2398	1897	22	10
2399	1898	1	9
2400	1899	8	6
2401	1900	17	7
2402	1901	16	1
2403	1902	19	10
2404	1903	20	7
2405	1904	12	1
2406	1905	14	9
2407	1906	21	5
2408	1907	13	7
2409	1908	22	3
2410	1909	5	1
2411	1910	3	1
2412	1911	21	7
2413	1912	22	1
2414	1913	7	10
2415	1914	23	3
2416	1915	18	7
2417	1916	11	2
2418	1917	7	1
2419	1918	21	4
2420	1919	7	5
2421	1920	3	6
2422	1921	14	10
2423	1922	12	6
2424	1923	9	5
2425	1924	7	10
2426	1925	25	5
2427	1926	18	9
2428	1927	3	1
2429	1928	12	2
2430	1929	20	10
2431	1930	1	5
2432	1931	2	6
2433	1932	1	8
2434	1933	4	3
2435	1934	6	3
2436	1935	16	9
2437	1936	12	7
2438	1937	7	1
2439	1938	11	7
2440	1939	24	3
2441	1940	24	9
2442	1941	2	8
2443	1942	23	3
2444	1943	18	4
2445	1944	21	10
2446	1945	8	6
2447	1946	9	1
2448	1947	2	8
2449	1948	18	7
2450	1949	6	8
2451	1950	17	10
2452	1951	20	5
2453	1952	18	3
2454	1953	15	8
2455	1954	14	9
2456	1955	1	10
2457	1956	12	6
2458	1957	15	3
2459	1958	25	4
2460	1959	25	8
2461	1960	22	7
2462	1961	9	1
2463	1962	5	3
2464	1963	17	9
2465	1964	9	10
2466	1965	12	1
2467	1966	16	9
2468	1967	14	1
2469	1968	21	9
2470	1969	2	7
2471	1970	7	10
2472	1971	14	2
2473	1972	25	6
2474	1973	17	1
2475	1974	15	2
2476	1975	6	3
2477	1976	23	1
2478	1977	18	8
2479	1978	3	1
2480	1979	19	4
2481	1980	16	2
2482	1981	22	7
2483	1982	6	1
2484	1983	13	5
2485	1984	12	3
2486	1985	6	7
2487	1986	2	5
2488	1987	9	5
2489	1988	21	10
2490	1989	9	5
2491	1990	2	1
2492	1991	9	8
2493	1992	15	6
2494	1993	18	3
2495	1994	23	9
2496	1995	22	3
2497	1996	15	4
2498	1997	7	7
2499	1998	18	1
2500	1999	8	3
2501	2000	14	7
2502	2001	11	8
2503	2002	25	10
2504	2003	21	6
2505	2004	6	7
2506	2005	12	10
2507	2006	24	7
2508	2007	17	1
2509	2008	8	2
2510	2009	19	7
2511	2010	10	5
2512	2011	7	2
2513	2012	2	9
2514	2013	23	5
2515	2014	6	7
2516	2015	3	2
2517	2016	23	6
2518	2017	15	4
2519	2018	6	8
2520	2019	5	8
2521	2020	7	9
2522	2021	20	4
2523	2022	23	6
2524	2023	16	1
2525	2024	22	3
2526	2025	25	5
2527	2026	12	6
2528	2027	19	6
2529	2028	18	4
2530	2029	3	7
2531	2030	10	7
2532	2031	6	9
2533	2032	9	6
2534	2033	19	9
2535	2034	23	5
2536	2035	23	3
2537	2036	1	3
2538	2037	13	3
2539	2038	15	9
2540	2039	18	7
2541	2040	4	10
2542	2041	4	6
2543	2042	20	6
2544	2043	21	5
2545	2044	12	6
2546	2045	11	6
2547	2046	15	6
2548	2047	21	10
2549	2048	2	10
2550	2049	1	2
2551	2050	5	1
2552	2051	4	10
2553	2052	10	5
2554	2053	24	10
2555	2054	2	3
2556	2055	9	2
2557	2056	1	5
2558	2057	24	7
2559	2058	1	6
2560	2059	19	7
2561	2060	24	5
2562	2061	12	8
2563	2062	1	7
2564	2063	5	7
2565	2064	15	10
2566	2065	11	1
2567	2066	15	10
2568	2067	18	2
2569	2068	18	1
2570	2069	24	9
2571	2070	17	8
2572	2071	17	4
2573	2074	16	4
2574	2075	5	5
2575	2082	24	9
2576	2083	12	1
2577	2084	15	3
2578	2085	14	5
2579	2086	14	7
2580	2087	7	5
2581	2089	9	8
2582	2090	12	6
2583	2093	23	9
2584	2094	8	10
2585	2095	24	7
2586	2096	12	10
2587	2097	19	8
2588	2098	3	7
2589	2099	2	2
2590	2100	12	10
2591	2101	23	3
2592	2102	19	6
2593	2103	5	5
2594	2104	13	6
2595	2105	3	10
2596	2106	3	7
2597	2107	4	7
2598	2108	1	9
2599	2109	24	4
2600	2110	10	9
2601	2111	25	8
2602	2112	7	7
2603	2113	11	2
2604	2114	8	8
2605	2115	6	7
2606	2116	11	4
2607	2117	25	5
2608	2118	22	4
2609	264	24	7
2610	1617	25	10
2611	678	20	7
2612	1324	24	4
2613	457	9	6
2614	1828	8	7
2615	1415	1	9
2616	1198	21	6
2617	2056	4	4
2618	1940	13	6
2619	909	19	1
2620	1498	13	9
2621	1722	2	7
2622	392	16	10
2623	1301	6	9
2624	1153	14	4
2625	555	16	3
2626	908	10	10
2627	2111	5	2
2628	882	17	4
2629	48	12	9
2630	1400	3	4
2631	554	7	10
2632	1975	10	8
2633	957	4	5
2634	468	10	7
2635	1285	16	6
2636	1219	1	10
2637	77	2	6
2638	1760	12	5
2639	1234	5	3
2640	1765	16	3
2641	1511	25	9
2642	693	5	2
2643	1809	17	9
2644	1043	21	9
2645	1417	10	3
2646	1736	4	5
2647	1956	18	8
2648	596	10	2
2649	1135	17	2
2650	794	21	5
2651	756	17	5
2652	1170	22	1
2653	1839	4	9
2654	696	3	3
2655	1613	7	3
2656	669	16	8
2657	1259	24	3
2658	348	7	5
2659	1081	13	6
2660	710	1	8
2661	1123	12	5
2662	1585	2	10
2663	1906	24	3
2664	2044	8	10
2665	1980	14	10
2666	543	8	9
2667	423	6	1
2668	1693	9	1
2669	1896	14	1
2670	356	16	5
2671	1656	1	1
2672	1496	17	9
2673	977	4	3
2674	1140	7	3
2675	873	13	7
2676	1474	5	4
2677	1940	10	9
2678	1469	20	4
2679	1781	5	6
2680	211	16	8
2681	615	9	9
2682	929	8	9
2683	958	10	6
2684	1531	14	5
2685	82	6	8
2686	817	11	3
2687	1961	8	10
2688	812	13	2
2689	361	8	8
2690	138	4	1
2691	1739	3	3
2692	1660	18	7
2693	70	10	10
2694	780	11	2
2695	1513	11	4
2696	1932	24	9
2697	1318	6	2
2698	1283	21	8
2699	1647	9	1
2700	1057	24	7
2701	152	23	6
2702	1828	5	5
2703	1098	4	7
2704	1939	16	2
2705	1119	11	7
2706	946	18	6
2707	927	23	3
2708	1647	19	3
2709	2125	15	1
2710	2126	15	3
2711	2126	17	1
\.


--
-- TOC entry 4827 (class 0 OID 25097)
-- Dependencies: 220
-- Data for Name: orders; Type: TABLE DATA; Schema: public; Owner: postgres
--

COPY public.orders (id, user_id, total_amount, status, created_at) FROM stdin;
1	1	150.75	pending	2025-03-09 15:14:32.707814
2	6	70.73	canceled	2025-03-09 15:20:55.397754
3	3	270.82	canceled	2025-03-09 15:20:55.397754
4	4	11.16	completed	2025-03-09 15:20:55.397754
5	8	83.38	completed	2025-03-09 15:20:55.397754
6	11	74.55	pending	2025-03-09 15:20:55.397754
7	6	238.65	canceled	2025-03-09 15:20:55.397754
8	6	247.37	pending	2025-03-09 15:20:55.397754
9	3	71.86	pending	2025-03-09 15:20:55.397754
10	9	385.21	canceled	2025-03-09 15:20:55.397754
11	3	276.88	pending	2025-03-09 15:20:55.397754
12	4	140.21	completed	2025-03-09 15:20:55.397754
13	4	433.33	pending	2025-03-09 15:20:55.397754
14	2	133.11	canceled	2025-03-09 15:20:55.397754
15	2	124.82	completed	2025-03-09 15:20:55.397754
16	10	371.48	canceled	2025-03-09 15:20:55.397754
17	6	84.56	pending	2025-03-09 15:20:55.397754
18	3	425.88	canceled	2025-03-09 15:20:55.397754
19	7	42.76	pending	2025-03-09 15:20:55.397754
20	7	111.92	pending	2025-03-09 15:20:55.397754
21	2	68.10	completed	2025-03-09 15:20:55.397754
22	434	164.59	completed	2025-03-09 15:25:50.59417
23	431	170.88	completed	2025-03-09 15:25:50.59417
24	426	127.30	completed	2025-03-09 15:25:50.59417
25	434	103.46	canceled	2025-03-09 15:25:50.59417
26	434	135.81	completed	2025-03-09 15:25:50.59417
27	431	91.45	pending	2025-03-09 15:25:50.59417
28	434	171.74	pending	2025-03-09 15:25:50.59417
29	429	453.79	completed	2025-03-09 15:25:50.59417
30	434	15.53	completed	2025-03-09 15:25:50.59417
31	429	295.64	canceled	2025-03-09 15:25:50.59417
32	431	99.88	completed	2025-03-09 15:25:50.59417
33	426	261.39	pending	2025-03-09 15:25:50.59417
34	426	30.80	completed	2025-03-09 15:25:50.59417
35	428	239.64	pending	2025-03-09 15:25:50.59417
36	428	377.72	pending	2025-03-09 15:25:50.59417
37	426	414.65	completed	2025-03-09 15:25:50.59417
38	425	265.72	canceled	2025-03-09 15:25:50.59417
39	430	438.26	canceled	2025-03-09 15:25:50.59417
40	425	264.91	completed	2025-03-09 15:25:50.59417
41	429	486.74	completed	2025-03-09 15:25:50.59417
42	442	337.41	completed	2025-03-09 15:26:02.174407
43	444	124.49	pending	2025-03-09 15:26:02.174407
44	442	495.48	pending	2025-03-09 15:26:02.174407
45	436	38.71	canceled	2025-03-09 15:26:02.174407
46	443	216.91	completed	2025-03-09 15:26:02.174407
47	441	482.46	canceled	2025-03-09 15:26:02.174407
48	437	173.34	pending	2025-03-09 15:26:02.174407
49	436	190.41	pending	2025-03-09 15:26:02.174407
50	435	463.99	completed	2025-03-09 15:26:02.174407
51	442	364.86	canceled	2025-03-09 15:26:02.174407
52	435	282.30	completed	2025-03-09 15:26:02.174407
53	439	384.36	canceled	2025-03-09 15:26:02.174407
54	444	468.88	pending	2025-03-09 15:26:02.174407
55	440	298.01	completed	2025-03-09 15:26:02.174407
56	442	177.55	completed	2025-03-09 15:26:02.174407
57	439	344.53	pending	2025-03-09 15:26:02.174407
58	443	115.66	pending	2025-03-09 15:26:02.174407
59	435	333.98	pending	2025-03-09 15:26:02.174407
60	438	188.17	pending	2025-03-09 15:26:02.174407
61	443	280.15	pending	2025-03-09 15:26:02.174407
62	1870	118.00	canceled	2025-03-09 15:28:46.027019
63	1843	95.96	canceled	2025-03-09 15:28:46.027019
64	1828	115.13	completed	2025-03-09 15:28:46.027019
65	1918	268.33	pending	2025-03-09 15:28:46.027019
66	1837	213.23	pending	2025-03-09 15:28:46.027019
67	1873	126.39	completed	2025-03-09 15:28:46.027019
68	1844	84.90	completed	2025-03-09 15:28:46.027019
69	1924	301.39	pending	2025-03-09 15:28:46.027019
70	1874	492.36	canceled	2025-03-09 15:28:46.027019
71	1892	395.02	completed	2025-03-09 15:28:46.027019
72	1851	206.78	canceled	2025-03-09 15:28:46.027019
73	1854	250.98	completed	2025-03-09 15:28:46.027019
74	1915	102.47	completed	2025-03-09 15:28:46.027019
75	1835	314.57	completed	2025-03-09 15:28:46.027019
76	1882	145.19	completed	2025-03-09 15:28:46.027019
77	1852	448.27	pending	2025-03-09 15:28:46.027019
78	1846	309.08	pending	2025-03-09 15:28:46.027019
79	1905	478.25	canceled	2025-03-09 15:28:46.027019
80	1919	450.53	pending	2025-03-09 15:28:46.027019
81	1885	296.89	canceled	2025-03-09 15:28:46.027019
82	1906	409.19	pending	2025-03-09 15:28:46.027019
83	1921	88.12	pending	2025-03-09 15:28:46.027019
84	1895	292.23	pending	2025-03-09 15:28:46.027019
85	1886	345.26	completed	2025-03-09 15:28:46.027019
86	1879	373.72	canceled	2025-03-09 15:28:46.027019
87	1850	136.58	pending	2025-03-09 15:28:46.027019
88	1862	421.66	completed	2025-03-09 15:28:46.027019
89	1919	345.61	canceled	2025-03-09 15:28:46.027019
90	1906	264.54	canceled	2025-03-09 15:28:46.027019
91	1864	149.10	pending	2025-03-09 15:28:46.027019
92	1897	67.75	completed	2025-03-09 15:28:46.027019
93	1842	383.57	canceled	2025-03-09 15:28:46.027019
94	1892	471.89	completed	2025-03-09 15:28:46.027019
95	1865	46.10	completed	2025-03-09 15:28:46.027019
96	1902	485.94	completed	2025-03-09 15:28:46.027019
97	1881	166.42	canceled	2025-03-09 15:28:46.027019
98	1891	362.43	completed	2025-03-09 15:28:46.027019
99	1848	348.47	completed	2025-03-09 15:28:46.027019
100	1903	197.36	completed	2025-03-09 15:28:46.027019
101	1839	79.28	completed	2025-03-09 15:28:46.027019
102	1831	277.41	pending	2025-03-09 15:28:46.027019
103	1904	275.71	completed	2025-03-09 15:28:46.027019
104	1852	26.67	completed	2025-03-09 15:28:46.027019
105	1863	121.11	completed	2025-03-09 15:28:46.027019
106	1830	139.58	pending	2025-03-09 15:28:46.027019
107	1918	16.06	pending	2025-03-09 15:28:46.027019
108	1832	20.00	pending	2025-03-09 15:28:46.027019
109	1914	96.14	completed	2025-03-09 15:28:46.027019
110	1888	303.35	pending	2025-03-09 15:28:46.027019
111	1877	342.63	completed	2025-03-09 15:28:46.027019
112	1861	357.85	canceled	2025-03-09 15:28:46.027019
113	1852	484.45	pending	2025-03-09 15:28:46.027019
114	1854	290.97	pending	2025-03-09 15:28:46.027019
115	1917	266.18	completed	2025-03-09 15:28:46.027019
116	1923	72.22	pending	2025-03-09 15:28:46.027019
117	1893	20.85	pending	2025-03-09 15:28:46.027019
118	1842	279.88	canceled	2025-03-09 15:28:46.027019
119	1842	459.38	completed	2025-03-09 15:28:46.027019
120	1848	144.23	completed	2025-03-09 15:28:46.027019
121	1902	291.87	pending	2025-03-09 15:28:46.027019
122	1910	386.95	canceled	2025-03-09 15:28:46.027019
123	1836	455.14	canceled	2025-03-09 15:28:46.027019
124	1913	267.44	completed	2025-03-09 15:28:46.027019
125	1906	224.04	completed	2025-03-09 15:28:46.027019
126	1896	343.69	completed	2025-03-09 15:28:46.027019
127	1867	139.44	completed	2025-03-09 15:28:46.027019
128	1882	148.50	completed	2025-03-09 15:28:46.027019
129	1864	374.63	canceled	2025-03-09 15:28:46.027019
130	1828	418.04	pending	2025-03-09 15:28:46.027019
131	1873	207.19	pending	2025-03-09 15:28:46.027019
132	1855	203.89	completed	2025-03-09 15:28:46.027019
133	1885	125.76	canceled	2025-03-09 15:28:46.027019
134	1871	402.89	pending	2025-03-09 15:28:46.027019
135	1843	328.41	completed	2025-03-09 15:28:46.027019
136	1841	32.65	completed	2025-03-09 15:28:46.027019
137	1913	384.09	completed	2025-03-09 15:28:46.027019
138	1918	241.20	pending	2025-03-09 15:28:46.027019
139	1878	107.94	canceled	2025-03-09 15:28:46.027019
140	1849	23.47	completed	2025-03-09 15:28:46.027019
141	1896	249.02	completed	2025-03-09 15:28:46.027019
142	1881	171.43	canceled	2025-03-09 15:28:46.027019
143	1882	234.20	pending	2025-03-09 15:28:46.027019
144	1891	298.62	completed	2025-03-09 15:28:46.027019
145	1848	240.22	completed	2025-03-09 15:28:46.027019
146	1855	41.34	canceled	2025-03-09 15:28:46.027019
147	1843	423.33	pending	2025-03-09 15:28:46.027019
148	1827	376.42	pending	2025-03-09 15:28:46.027019
149	1841	150.82	completed	2025-03-09 15:28:46.027019
150	1838	372.00	pending	2025-03-09 15:28:46.027019
151	1882	439.39	pending	2025-03-09 15:28:46.027019
152	1860	26.10	pending	2025-03-09 15:28:46.027019
153	1879	177.41	canceled	2025-03-09 15:28:46.027019
154	1843	348.67	pending	2025-03-09 15:28:46.027019
155	1834	467.80	completed	2025-03-09 15:28:46.027019
156	1856	277.39	canceled	2025-03-09 15:28:46.027019
157	1912	476.87	canceled	2025-03-09 15:28:46.027019
158	1877	280.55	pending	2025-03-09 15:28:46.027019
159	1910	22.36	completed	2025-03-09 15:28:46.027019
160	1899	429.96	completed	2025-03-09 15:28:46.027019
161	1877	301.95	completed	2025-03-09 15:28:46.027019
162	1833	460.30	canceled	2025-03-09 15:28:46.027019
163	1865	58.94	completed	2025-03-09 15:28:46.027019
164	1886	30.41	pending	2025-03-09 15:28:46.027019
165	1840	477.31	pending	2025-03-09 15:28:46.027019
166	1833	200.22	completed	2025-03-09 15:28:46.027019
167	1836	161.45	pending	2025-03-09 15:28:46.027019
168	1873	300.13	completed	2025-03-09 15:28:46.027019
169	1838	404.69	pending	2025-03-09 15:28:46.027019
170	1894	118.15	pending	2025-03-09 15:28:46.027019
171	1837	277.15	pending	2025-03-09 15:28:46.027019
172	1842	344.52	canceled	2025-03-09 15:28:46.027019
173	1920	340.54	completed	2025-03-09 15:28:46.027019
174	1846	324.99	canceled	2025-03-09 15:28:46.027019
175	1919	334.77	pending	2025-03-09 15:28:46.027019
176	1841	487.67	completed	2025-03-09 15:28:46.027019
177	1875	165.34	completed	2025-03-09 15:28:46.027019
178	1879	426.74	canceled	2025-03-09 15:28:46.027019
179	1913	417.45	completed	2025-03-09 15:28:46.027019
180	1887	256.49	pending	2025-03-09 15:28:46.027019
181	1850	128.67	pending	2025-03-09 15:28:46.027019
182	1827	413.83	canceled	2025-03-09 15:28:46.027019
183	1906	94.65	pending	2025-03-09 15:28:46.027019
184	1877	273.29	canceled	2025-03-09 15:28:46.027019
185	1853	226.16	completed	2025-03-09 15:28:46.027019
186	1869	176.41	pending	2025-03-09 15:28:46.027019
187	1892	62.84	completed	2025-03-09 15:28:46.027019
188	1868	268.74	canceled	2025-03-09 15:28:46.027019
189	1917	473.13	canceled	2025-03-09 15:28:46.027019
190	1886	355.15	pending	2025-03-09 15:28:46.027019
191	1872	93.96	canceled	2025-03-09 15:28:46.027019
192	1895	473.44	pending	2025-03-09 15:28:46.027019
193	1840	459.27	canceled	2025-03-09 15:28:46.027019
194	1894	314.13	pending	2025-03-09 15:28:46.027019
195	1879	433.22	completed	2025-03-09 15:28:46.027019
196	1904	336.34	pending	2025-03-09 15:28:46.027019
197	1899	197.63	canceled	2025-03-09 15:28:46.027019
198	1858	156.96	completed	2025-03-09 15:28:46.027019
199	1896	310.80	canceled	2025-03-09 15:28:46.027019
200	1870	198.33	completed	2025-03-09 15:28:46.027019
201	1899	380.05	pending	2025-03-09 15:28:46.027019
202	1893	469.40	canceled	2025-03-09 15:28:46.027019
203	1886	47.13	pending	2025-03-09 15:28:46.027019
204	1851	42.48	pending	2025-03-09 15:28:46.027019
205	1825	328.56	completed	2025-03-09 15:28:46.027019
206	1834	140.47	completed	2025-03-09 15:28:46.027019
207	1899	388.08	canceled	2025-03-09 15:28:46.027019
208	1860	139.80	completed	2025-03-09 15:28:46.027019
209	1913	290.75	completed	2025-03-09 15:28:46.027019
210	1835	226.56	canceled	2025-03-09 15:28:46.027019
211	1826	373.50	completed	2025-03-09 15:28:46.027019
212	1873	215.94	pending	2025-03-09 15:28:46.027019
213	1897	455.67	pending	2025-03-09 15:28:46.027019
214	1841	338.99	pending	2025-03-09 15:28:46.027019
215	1850	261.70	completed	2025-03-09 15:28:46.027019
216	1851	41.58	canceled	2025-03-09 15:28:46.027019
217	1902	226.72	pending	2025-03-09 15:28:46.027019
218	1896	66.68	completed	2025-03-09 15:28:46.027019
219	1832	449.40	canceled	2025-03-09 15:28:46.027019
220	1908	363.13	pending	2025-03-09 15:28:46.027019
221	1862	355.86	completed	2025-03-09 15:28:46.027019
222	1885	111.51	completed	2025-03-09 15:28:46.027019
223	1832	404.14	canceled	2025-03-09 15:28:46.027019
224	1875	473.28	completed	2025-03-09 15:28:46.027019
225	1897	116.07	pending	2025-03-09 15:28:46.027019
226	1863	482.54	canceled	2025-03-09 15:28:46.027019
227	1884	24.19	completed	2025-03-09 15:28:46.027019
228	1865	33.03	completed	2025-03-09 15:28:46.027019
229	1849	406.31	completed	2025-03-09 15:28:46.027019
230	1841	107.75	completed	2025-03-09 15:28:46.027019
231	1856	94.04	pending	2025-03-09 15:28:46.027019
232	1854	481.88	canceled	2025-03-09 15:28:46.027019
233	1826	136.16	canceled	2025-03-09 15:28:46.027019
234	1908	240.09	canceled	2025-03-09 15:28:46.027019
235	1863	273.81	completed	2025-03-09 15:28:46.027019
236	1868	97.96	pending	2025-03-09 15:28:46.027019
237	1896	117.53	completed	2025-03-09 15:28:46.027019
238	1856	197.94	completed	2025-03-09 15:28:46.027019
239	1894	296.03	pending	2025-03-09 15:28:46.027019
240	1920	221.54	canceled	2025-03-09 15:28:46.027019
241	1920	271.73	canceled	2025-03-09 15:28:46.027019
242	1881	493.67	completed	2025-03-09 15:28:46.027019
243	1912	134.63	pending	2025-03-09 15:28:46.027019
244	1840	375.64	completed	2025-03-09 15:28:46.027019
245	1829	309.78	canceled	2025-03-09 15:28:46.027019
246	1875	318.22	pending	2025-03-09 15:28:46.027019
247	1844	368.30	canceled	2025-03-09 15:28:46.027019
248	1868	288.44	completed	2025-03-09 15:28:46.027019
249	1900	227.46	canceled	2025-03-09 15:28:46.027019
250	1922	320.34	canceled	2025-03-09 15:28:46.027019
251	1844	132.66	pending	2025-03-09 15:28:46.027019
252	1832	80.67	completed	2025-03-09 15:28:46.027019
253	1919	267.46	canceled	2025-03-09 15:28:46.027019
254	1840	262.36	pending	2025-03-09 15:28:46.027019
255	1911	185.50	pending	2025-03-09 15:28:46.027019
256	1845	44.28	completed	2025-03-09 15:28:46.027019
257	1859	460.77	canceled	2025-03-09 15:28:46.027019
258	1892	468.60	pending	2025-03-09 15:28:46.027019
259	1865	129.88	pending	2025-03-09 15:28:46.027019
260	1919	183.30	pending	2025-03-09 15:28:46.027019
261	1832	461.02	completed	2025-03-09 15:28:46.027019
262	1921	84.89	pending	2025-03-09 15:28:46.027019
263	1883	95.75	pending	2025-03-09 15:28:46.027019
264	1898	248.35	canceled	2025-03-09 15:28:46.027019
265	1891	123.44	completed	2025-03-09 15:28:46.027019
266	1897	375.22	completed	2025-03-09 15:28:46.027019
267	1906	113.25	canceled	2025-03-09 15:28:46.027019
268	1847	11.12	pending	2025-03-09 15:28:46.027019
269	1900	81.62	pending	2025-03-09 15:28:46.027019
270	1910	415.87	completed	2025-03-09 15:28:46.027019
271	1916	112.56	completed	2025-03-09 15:28:46.027019
272	1884	308.78	completed	2025-03-09 15:28:46.027019
273	1890	450.53	canceled	2025-03-09 15:28:46.027019
274	1836	192.63	pending	2025-03-09 15:28:46.027019
275	1830	477.10	completed	2025-03-09 15:28:46.027019
276	1907	454.10	completed	2025-03-09 15:28:46.027019
277	1884	386.89	completed	2025-03-09 15:28:46.027019
278	1845	309.03	completed	2025-03-09 15:28:46.027019
279	1899	288.70	completed	2025-03-09 15:28:46.027019
280	1917	132.99	completed	2025-03-09 15:28:46.027019
281	1833	471.16	completed	2025-03-09 15:28:46.027019
282	1844	306.43	completed	2025-03-09 15:28:46.027019
283	1868	107.96	canceled	2025-03-09 15:28:46.027019
284	1835	444.41	pending	2025-03-09 15:28:46.027019
285	1872	209.96	pending	2025-03-09 15:28:46.027019
286	1887	184.87	canceled	2025-03-09 15:28:46.027019
287	1835	11.97	completed	2025-03-09 15:28:46.027019
288	1857	310.56	completed	2025-03-09 15:28:46.027019
289	1911	446.69	pending	2025-03-09 15:28:46.027019
290	1888	226.97	canceled	2025-03-09 15:28:46.027019
291	1842	249.71	completed	2025-03-09 15:28:46.027019
292	1863	372.59	canceled	2025-03-09 15:28:46.027019
293	1913	361.09	pending	2025-03-09 15:28:46.027019
294	1834	275.74	pending	2025-03-09 15:28:46.027019
295	1859	298.85	pending	2025-03-09 15:28:46.027019
296	1830	228.61	pending	2025-03-09 15:28:46.027019
297	1828	366.18	pending	2025-03-09 15:28:46.027019
298	1906	252.95	completed	2025-03-09 15:28:46.027019
299	1902	233.78	canceled	2025-03-09 15:28:46.027019
300	1896	26.73	completed	2025-03-09 15:28:46.027019
301	1911	151.11	canceled	2025-03-09 15:28:46.027019
302	1922	134.09	pending	2025-03-09 15:28:46.027019
303	1907	456.10	canceled	2025-03-09 15:28:46.027019
304	1838	47.01	pending	2025-03-09 15:28:46.027019
305	1884	349.01	completed	2025-03-09 15:28:46.027019
306	1850	263.67	pending	2025-03-09 15:28:46.027019
307	1863	49.72	completed	2025-03-09 15:28:46.027019
308	1896	438.76	pending	2025-03-09 15:28:46.027019
309	1830	46.09	canceled	2025-03-09 15:28:46.027019
310	1869	175.73	canceled	2025-03-09 15:28:46.027019
311	1896	376.61	canceled	2025-03-09 15:28:46.027019
312	1911	182.62	canceled	2025-03-09 15:28:46.027019
313	1901	403.73	completed	2025-03-09 15:28:46.027019
314	1835	99.90	completed	2025-03-09 15:28:46.027019
315	1891	130.35	pending	2025-03-09 15:28:46.027019
316	1828	54.60	pending	2025-03-09 15:28:46.027019
317	1860	436.55	completed	2025-03-09 15:28:46.027019
318	1836	268.65	pending	2025-03-09 15:28:46.027019
319	1888	14.12	pending	2025-03-09 15:28:46.027019
320	1881	329.72	pending	2025-03-09 15:28:46.027019
321	1858	79.55	completed	2025-03-09 15:28:46.027019
322	1889	384.05	pending	2025-03-09 15:28:46.027019
323	1919	156.12	canceled	2025-03-09 15:28:46.027019
324	1891	352.61	completed	2025-03-09 15:28:46.027019
325	1867	384.04	completed	2025-03-09 15:28:46.027019
326	1831	14.89	completed	2025-03-09 15:28:46.027019
327	1825	82.06	pending	2025-03-09 15:28:46.027019
328	1917	75.91	canceled	2025-03-09 15:28:46.027019
329	1909	281.51	completed	2025-03-09 15:28:46.027019
330	1890	487.89	canceled	2025-03-09 15:28:46.027019
331	1847	24.53	completed	2025-03-09 15:28:46.027019
332	1833	462.32	pending	2025-03-09 15:28:46.027019
333	1892	298.96	completed	2025-03-09 15:28:46.027019
334	1830	357.83	canceled	2025-03-09 15:28:46.027019
335	1886	80.59	pending	2025-03-09 15:28:46.027019
336	1861	254.10	pending	2025-03-09 15:28:46.027019
337	1830	420.77	canceled	2025-03-09 15:28:46.027019
338	1880	402.17	canceled	2025-03-09 15:28:46.027019
339	1846	279.47	completed	2025-03-09 15:28:46.027019
340	1848	336.68	completed	2025-03-09 15:28:46.027019
341	1920	364.76	completed	2025-03-09 15:28:46.027019
342	1859	88.41	pending	2025-03-09 15:28:46.027019
343	1912	85.94	canceled	2025-03-09 15:28:46.027019
344	1832	279.35	completed	2025-03-09 15:28:46.027019
345	1829	84.61	completed	2025-03-09 15:28:46.027019
346	1863	33.80	completed	2025-03-09 15:28:46.027019
347	1924	137.74	canceled	2025-03-09 15:28:46.027019
348	1904	419.32	canceled	2025-03-09 15:28:46.027019
349	1879	22.59	pending	2025-03-09 15:28:46.027019
350	1882	359.83	pending	2025-03-09 15:28:46.027019
351	1893	220.83	pending	2025-03-09 15:28:46.027019
352	1850	232.22	completed	2025-03-09 15:28:46.027019
353	1877	159.42	completed	2025-03-09 15:28:46.027019
354	1837	89.58	canceled	2025-03-09 15:28:46.027019
355	1847	412.47	pending	2025-03-09 15:28:46.027019
356	1891	462.10	completed	2025-03-09 15:28:46.027019
357	1901	64.86	pending	2025-03-09 15:28:46.027019
358	1892	457.40	canceled	2025-03-09 15:28:46.027019
359	1838	103.05	canceled	2025-03-09 15:28:46.027019
360	1872	111.37	canceled	2025-03-09 15:28:46.027019
361	1878	290.52	pending	2025-03-09 15:28:46.027019
362	1921	36.87	canceled	2025-03-09 15:28:46.027019
363	1907	281.16	canceled	2025-03-09 15:28:46.027019
364	1897	335.64	pending	2025-03-09 15:28:46.027019
365	1871	193.37	completed	2025-03-09 15:28:46.027019
366	1853	35.88	canceled	2025-03-09 15:28:46.027019
367	1920	92.09	pending	2025-03-09 15:28:46.027019
368	1872	110.29	canceled	2025-03-09 15:28:46.027019
369	1870	114.25	canceled	2025-03-09 15:28:46.027019
370	1848	107.40	completed	2025-03-09 15:28:46.027019
371	1883	360.27	canceled	2025-03-09 15:28:46.027019
372	1877	329.40	completed	2025-03-09 15:28:46.027019
373	1875	133.38	completed	2025-03-09 15:28:46.027019
374	1870	181.00	completed	2025-03-09 15:28:46.027019
375	1891	374.56	completed	2025-03-09 15:28:46.027019
376	1888	448.26	pending	2025-03-09 15:28:46.027019
377	1838	191.77	completed	2025-03-09 15:28:46.027019
378	1883	220.48	pending	2025-03-09 15:28:46.027019
379	1833	161.96	pending	2025-03-09 15:28:46.027019
380	1833	298.59	completed	2025-03-09 15:28:46.027019
381	1924	183.72	canceled	2025-03-09 15:28:46.027019
382	1840	167.25	pending	2025-03-09 15:28:46.027019
383	1904	464.55	canceled	2025-03-09 15:28:46.027019
384	1874	476.41	pending	2025-03-09 15:28:46.027019
385	1902	76.50	pending	2025-03-09 15:28:46.027019
386	1829	284.79	completed	2025-03-09 15:28:46.027019
387	1887	301.90	completed	2025-03-09 15:28:46.027019
388	1883	201.94	canceled	2025-03-09 15:28:46.027019
389	1865	158.98	completed	2025-03-09 15:28:46.027019
390	1854	392.77	completed	2025-03-09 15:28:46.027019
391	1877	475.08	pending	2025-03-09 15:28:46.027019
392	1832	101.14	completed	2025-03-09 15:28:46.027019
393	1838	454.07	pending	2025-03-09 15:28:46.027019
394	1920	215.64	canceled	2025-03-09 15:28:46.027019
395	1854	47.94	pending	2025-03-09 15:28:46.027019
396	1873	392.24	pending	2025-03-09 15:28:46.027019
397	1866	87.62	canceled	2025-03-09 15:28:46.027019
398	1862	153.41	pending	2025-03-09 15:28:46.027019
399	1885	325.60	completed	2025-03-09 15:28:46.027019
400	1919	180.41	completed	2025-03-09 15:28:46.027019
401	1903	61.91	pending	2025-03-09 15:28:46.027019
402	1864	107.50	pending	2025-03-09 15:28:46.027019
403	1855	472.11	completed	2025-03-09 15:28:46.027019
404	1863	341.00	canceled	2025-03-09 15:28:46.027019
405	1898	265.00	completed	2025-03-09 15:28:46.027019
406	1863	165.96	pending	2025-03-09 15:28:46.027019
407	1858	183.92	pending	2025-03-09 15:28:46.027019
408	1878	114.30	canceled	2025-03-09 15:28:46.027019
409	1854	204.10	pending	2025-03-09 15:28:46.027019
410	1882	184.90	canceled	2025-03-09 15:28:46.027019
411	1880	181.38	pending	2025-03-09 15:28:46.027019
412	1850	72.73	canceled	2025-03-09 15:28:46.027019
413	1826	249.03	completed	2025-03-09 15:28:46.027019
414	1903	46.57	pending	2025-03-09 15:28:46.027019
415	1868	473.55	completed	2025-03-09 15:28:46.027019
416	1887	15.40	completed	2025-03-09 15:28:46.027019
417	1888	72.28	canceled	2025-03-09 15:28:46.027019
418	1917	227.79	canceled	2025-03-09 15:28:46.027019
419	1865	220.72	completed	2025-03-09 15:28:46.027019
420	1871	387.28	completed	2025-03-09 15:28:46.027019
421	1845	250.51	pending	2025-03-09 15:28:46.027019
422	1862	434.06	canceled	2025-03-09 15:28:46.027019
423	1847	383.21	pending	2025-03-09 15:28:46.027019
424	1885	483.14	canceled	2025-03-09 15:28:46.027019
425	1905	395.60	pending	2025-03-09 15:28:46.027019
426	1914	174.12	completed	2025-03-09 15:28:46.027019
427	1911	308.38	completed	2025-03-09 15:28:46.027019
428	1910	45.56	completed	2025-03-09 15:28:46.027019
429	1923	389.04	completed	2025-03-09 15:28:46.027019
430	1886	256.31	pending	2025-03-09 15:28:46.027019
431	1861	288.40	pending	2025-03-09 15:28:46.027019
432	1924	209.04	canceled	2025-03-09 15:28:46.027019
433	1859	276.84	completed	2025-03-09 15:28:46.027019
434	1894	350.70	canceled	2025-03-09 15:28:46.027019
435	1903	315.63	pending	2025-03-09 15:28:46.027019
436	1907	365.85	completed	2025-03-09 15:28:46.027019
437	1825	279.69	completed	2025-03-09 15:28:46.027019
438	1833	474.09	canceled	2025-03-09 15:28:46.027019
439	1864	205.62	canceled	2025-03-09 15:28:46.027019
440	1839	341.85	pending	2025-03-09 15:28:46.027019
441	1901	466.83	pending	2025-03-09 15:28:46.027019
442	1879	346.40	completed	2025-03-09 15:28:46.027019
443	1862	75.34	completed	2025-03-09 15:28:46.027019
444	1826	326.29	pending	2025-03-09 15:28:46.027019
445	1865	419.81	pending	2025-03-09 15:28:46.027019
446	1904	476.18	pending	2025-03-09 15:28:46.027019
447	1911	323.84	completed	2025-03-09 15:28:46.027019
448	1880	258.74	completed	2025-03-09 15:28:46.027019
449	1881	365.25	pending	2025-03-09 15:28:46.027019
450	1836	229.58	completed	2025-03-09 15:28:46.027019
451	1915	48.29	canceled	2025-03-09 15:28:46.027019
452	1844	61.71	pending	2025-03-09 15:28:46.027019
453	1845	120.75	completed	2025-03-09 15:28:46.027019
454	1830	277.35	completed	2025-03-09 15:28:46.027019
455	1851	121.56	pending	2025-03-09 15:28:46.027019
456	1917	154.77	canceled	2025-03-09 15:28:46.027019
457	1841	236.05	completed	2025-03-09 15:28:46.027019
458	1914	157.63	pending	2025-03-09 15:28:46.027019
459	1850	200.54	canceled	2025-03-09 15:28:46.027019
460	1834	474.58	completed	2025-03-09 15:28:46.027019
461	1873	353.29	canceled	2025-03-09 15:28:46.027019
462	1871	368.14	pending	2025-03-09 15:28:46.027019
463	1892	80.65	pending	2025-03-09 15:28:46.027019
464	1884	223.90	completed	2025-03-09 15:28:46.027019
465	1880	467.09	pending	2025-03-09 15:28:46.027019
466	1893	224.49	pending	2025-03-09 15:28:46.027019
467	1893	322.94	pending	2025-03-09 15:28:46.027019
468	1885	60.16	completed	2025-03-09 15:28:46.027019
469	1875	416.41	completed	2025-03-09 15:28:46.027019
470	1826	148.98	completed	2025-03-09 15:28:46.027019
471	1924	433.47	pending	2025-03-09 15:28:46.027019
472	1895	475.53	pending	2025-03-09 15:28:46.027019
473	1857	27.37	completed	2025-03-09 15:28:46.027019
474	1913	213.38	pending	2025-03-09 15:28:46.027019
475	1882	232.77	canceled	2025-03-09 15:28:46.027019
476	1858	322.91	pending	2025-03-09 15:28:46.027019
477	1850	168.78	completed	2025-03-09 15:28:46.027019
478	1903	352.35	canceled	2025-03-09 15:28:46.027019
479	1911	456.72	completed	2025-03-09 15:28:46.027019
480	1826	410.60	canceled	2025-03-09 15:28:46.027019
481	1900	13.52	completed	2025-03-09 15:28:46.027019
482	1862	490.51	completed	2025-03-09 15:28:46.027019
483	1896	29.44	pending	2025-03-09 15:28:46.027019
484	1875	71.34	completed	2025-03-09 15:28:46.027019
485	1916	140.90	completed	2025-03-09 15:28:46.027019
486	1872	495.08	canceled	2025-03-09 15:28:46.027019
487	1885	251.29	canceled	2025-03-09 15:28:46.027019
488	1829	92.09	pending	2025-03-09 15:28:46.027019
489	1841	170.79	canceled	2025-03-09 15:28:46.027019
490	1831	288.08	completed	2025-03-09 15:28:46.027019
491	1865	148.74	completed	2025-03-09 15:28:46.027019
492	1907	289.15	pending	2025-03-09 15:28:46.027019
493	1905	210.99	canceled	2025-03-09 15:28:46.027019
494	1882	493.92	pending	2025-03-09 15:28:46.027019
495	1885	211.90	canceled	2025-03-09 15:28:46.027019
496	1825	325.44	completed	2025-03-09 15:28:46.027019
497	1898	349.62	canceled	2025-03-09 15:28:46.027019
498	1834	280.65	canceled	2025-03-09 15:28:46.027019
499	1871	435.97	canceled	2025-03-09 15:28:46.027019
500	1876	352.79	canceled	2025-03-09 15:28:46.027019
501	1889	43.33	canceled	2025-03-09 15:28:46.027019
502	1851	360.26	completed	2025-03-09 15:28:46.027019
503	1909	341.08	pending	2025-03-09 15:28:46.027019
504	1893	154.96	canceled	2025-03-09 15:28:46.027019
505	1855	230.62	canceled	2025-03-09 15:28:46.027019
506	1906	207.28	completed	2025-03-09 15:28:46.027019
507	1906	263.61	pending	2025-03-09 15:28:46.027019
508	1902	333.67	completed	2025-03-09 15:28:46.027019
509	1893	377.10	completed	2025-03-09 15:28:46.027019
510	1836	388.40	pending	2025-03-09 15:28:46.027019
511	1896	408.06	canceled	2025-03-09 15:28:46.027019
512	1834	454.26	canceled	2025-03-09 15:28:46.027019
513	1889	245.40	canceled	2025-03-09 15:28:46.027019
514	1884	342.70	completed	2025-03-09 15:28:46.027019
515	1867	214.91	pending	2025-03-09 15:28:46.027019
516	1897	219.92	canceled	2025-03-09 15:28:46.027019
517	1924	212.85	completed	2025-03-09 15:28:46.027019
518	1915	149.72	canceled	2025-03-09 15:28:46.027019
519	1913	235.50	canceled	2025-03-09 15:28:46.027019
520	1830	334.58	completed	2025-03-09 15:28:46.027019
521	1879	460.83	completed	2025-03-09 15:28:46.027019
522	1892	489.80	completed	2025-03-09 15:28:46.027019
523	1864	125.68	completed	2025-03-09 15:28:46.027019
524	1855	333.27	completed	2025-03-09 15:28:46.027019
525	1831	168.43	pending	2025-03-09 15:28:46.027019
526	1877	437.77	pending	2025-03-09 15:28:46.027019
527	1835	371.98	pending	2025-03-09 15:28:46.027019
528	1842	53.15	completed	2025-03-09 15:28:46.027019
529	1892	48.72	canceled	2025-03-09 15:28:46.027019
530	1877	448.66	canceled	2025-03-09 15:28:46.027019
531	1878	258.07	canceled	2025-03-09 15:28:46.027019
532	1854	393.83	completed	2025-03-09 15:28:46.027019
533	1885	155.91	pending	2025-03-09 15:28:46.027019
534	1860	105.89	completed	2025-03-09 15:28:46.027019
535	1911	483.42	canceled	2025-03-09 15:28:46.027019
536	1905	306.59	canceled	2025-03-09 15:28:46.027019
537	1837	440.35	pending	2025-03-09 15:28:46.027019
538	1862	247.37	pending	2025-03-09 15:28:46.027019
539	1866	183.65	canceled	2025-03-09 15:28:46.027019
540	1896	364.42	canceled	2025-03-09 15:28:46.027019
541	1878	30.76	pending	2025-03-09 15:28:46.027019
542	1866	392.99	canceled	2025-03-09 15:28:46.027019
543	1841	401.18	pending	2025-03-09 15:28:46.027019
544	1907	44.00	completed	2025-03-09 15:28:46.027019
545	1830	75.25	completed	2025-03-09 15:28:46.027019
546	1886	183.81	completed	2025-03-09 15:28:46.027019
547	1909	460.91	pending	2025-03-09 15:28:46.027019
548	1906	289.38	completed	2025-03-09 15:28:46.027019
549	1873	439.16	canceled	2025-03-09 15:28:46.027019
550	1860	441.97	completed	2025-03-09 15:28:46.027019
551	1843	117.42	canceled	2025-03-09 15:28:46.027019
552	1853	181.76	pending	2025-03-09 15:28:46.027019
553	1890	87.09	pending	2025-03-09 15:28:46.027019
554	1885	476.87	canceled	2025-03-09 15:28:46.027019
555	1854	128.64	canceled	2025-03-09 15:28:46.027019
556	1877	255.60	canceled	2025-03-09 15:28:46.027019
557	1903	408.03	pending	2025-03-09 15:28:46.027019
558	1915	420.95	canceled	2025-03-09 15:28:46.027019
559	1899	478.31	pending	2025-03-09 15:28:46.027019
560	1890	99.72	pending	2025-03-09 15:28:46.027019
561	1879	215.26	canceled	2025-03-09 15:28:46.027019
562	1882	427.79	canceled	2025-03-09 15:28:46.027019
563	1912	151.25	completed	2025-03-09 15:28:46.027019
564	1865	55.25	pending	2025-03-09 15:28:46.027019
565	1916	315.01	completed	2025-03-09 15:28:46.027019
566	1831	255.06	pending	2025-03-09 15:28:46.027019
567	1918	176.78	canceled	2025-03-09 15:28:46.027019
568	1896	492.19	canceled	2025-03-09 15:28:46.027019
569	1882	482.49	pending	2025-03-09 15:28:46.027019
570	1845	259.25	pending	2025-03-09 15:28:46.027019
571	1913	203.96	canceled	2025-03-09 15:28:46.027019
572	1919	50.97	canceled	2025-03-09 15:28:46.027019
573	1919	455.32	canceled	2025-03-09 15:28:46.027019
574	1825	83.14	completed	2025-03-09 15:28:46.027019
575	1854	213.05	canceled	2025-03-09 15:28:46.027019
576	1894	106.92	completed	2025-03-09 15:28:46.027019
577	1852	394.18	completed	2025-03-09 15:28:46.027019
578	1894	17.67	pending	2025-03-09 15:28:46.027019
579	1888	486.84	pending	2025-03-09 15:28:46.027019
580	1869	35.64	pending	2025-03-09 15:28:46.027019
581	1841	42.21	completed	2025-03-09 15:28:46.027019
582	1904	485.15	completed	2025-03-09 15:28:46.027019
583	1903	86.33	canceled	2025-03-09 15:28:46.027019
584	1830	402.00	pending	2025-03-09 15:28:46.027019
585	1866	427.36	completed	2025-03-09 15:28:46.027019
586	1846	434.39	pending	2025-03-09 15:28:46.027019
587	1914	438.43	pending	2025-03-09 15:28:46.027019
588	1863	126.97	completed	2025-03-09 15:28:46.027019
589	1837	413.82	completed	2025-03-09 15:28:46.027019
590	1891	417.80	canceled	2025-03-09 15:28:46.027019
591	1896	270.59	canceled	2025-03-09 15:28:46.027019
592	1851	155.44	completed	2025-03-09 15:28:46.027019
593	1838	207.76	canceled	2025-03-09 15:28:46.027019
594	1903	381.05	canceled	2025-03-09 15:28:46.027019
595	1862	86.71	pending	2025-03-09 15:28:46.027019
596	1900	144.78	pending	2025-03-09 15:28:46.027019
597	1840	294.58	completed	2025-03-09 15:28:46.027019
598	1904	61.31	completed	2025-03-09 15:28:46.027019
599	1877	403.08	completed	2025-03-09 15:28:46.027019
600	1896	343.38	canceled	2025-03-09 15:28:46.027019
601	1875	36.73	canceled	2025-03-09 15:28:46.027019
602	1877	438.19	pending	2025-03-09 15:28:46.027019
603	1865	58.72	completed	2025-03-09 15:28:46.027019
604	1863	333.23	canceled	2025-03-09 15:28:46.027019
605	1878	307.51	canceled	2025-03-09 15:28:46.027019
606	1910	135.59	canceled	2025-03-09 15:28:46.027019
607	1896	104.76	pending	2025-03-09 15:28:46.027019
608	1849	432.02	canceled	2025-03-09 15:28:46.027019
609	1841	162.75	canceled	2025-03-09 15:28:46.027019
610	1865	212.83	canceled	2025-03-09 15:28:46.027019
611	1849	448.90	pending	2025-03-09 15:28:46.027019
612	1907	50.76	pending	2025-03-09 15:28:46.027019
613	1859	269.35	canceled	2025-03-09 15:28:46.027019
614	1914	384.43	pending	2025-03-09 15:28:46.027019
615	1840	368.13	canceled	2025-03-09 15:28:46.027019
616	1897	206.81	canceled	2025-03-09 15:28:46.027019
617	1892	447.67	canceled	2025-03-09 15:28:46.027019
618	1901	386.03	canceled	2025-03-09 15:28:46.027019
619	1900	202.82	canceled	2025-03-09 15:28:46.027019
620	1870	458.76	canceled	2025-03-09 15:28:46.027019
621	1865	255.87	completed	2025-03-09 15:28:46.027019
622	1857	52.64	canceled	2025-03-09 15:28:46.027019
623	1913	255.80	canceled	2025-03-09 15:28:46.027019
624	1872	20.97	canceled	2025-03-09 15:28:46.027019
625	1901	223.09	pending	2025-03-09 15:28:46.027019
626	1825	56.41	canceled	2025-03-09 15:28:46.027019
627	1888	444.94	pending	2025-03-09 15:28:46.027019
628	1916	175.57	pending	2025-03-09 15:28:46.027019
629	1833	357.31	canceled	2025-03-09 15:28:46.027019
630	1857	442.53	completed	2025-03-09 15:28:46.027019
631	1846	350.16	completed	2025-03-09 15:28:46.027019
632	1828	418.91	pending	2025-03-09 15:28:46.027019
633	1851	144.82	canceled	2025-03-09 15:28:46.027019
634	1921	81.17	canceled	2025-03-09 15:28:46.027019
635	1859	117.97	pending	2025-03-09 15:28:46.027019
636	1854	345.93	pending	2025-03-09 15:28:46.027019
637	1831	318.36	completed	2025-03-09 15:28:46.027019
638	1902	342.00	completed	2025-03-09 15:28:46.027019
639	1916	473.64	canceled	2025-03-09 15:28:46.027019
640	1900	306.43	completed	2025-03-09 15:28:46.027019
641	1836	129.54	pending	2025-03-09 15:28:46.027019
642	1881	285.23	completed	2025-03-09 15:28:46.027019
643	1904	169.25	completed	2025-03-09 15:28:46.027019
644	1909	69.49	completed	2025-03-09 15:28:46.027019
645	1861	238.16	completed	2025-03-09 15:28:46.027019
646	1836	179.12	completed	2025-03-09 15:28:46.027019
647	1911	316.41	completed	2025-03-09 15:28:46.027019
648	1886	254.83	completed	2025-03-09 15:28:46.027019
649	1862	132.65	canceled	2025-03-09 15:28:46.027019
650	1829	116.90	canceled	2025-03-09 15:28:46.027019
651	1892	436.09	completed	2025-03-09 15:28:46.027019
652	1826	276.57	completed	2025-03-09 15:28:46.027019
653	1831	457.39	completed	2025-03-09 15:28:46.027019
654	1909	283.25	canceled	2025-03-09 15:28:46.027019
655	1861	206.92	completed	2025-03-09 15:28:46.027019
656	1851	395.85	canceled	2025-03-09 15:28:46.027019
657	1884	378.32	pending	2025-03-09 15:28:46.027019
658	1892	365.23	pending	2025-03-09 15:28:46.027019
659	1872	26.75	canceled	2025-03-09 15:28:46.027019
660	1845	264.91	completed	2025-03-09 15:28:46.027019
661	1877	159.47	canceled	2025-03-09 15:28:46.027019
662	1858	215.01	pending	2025-03-09 15:28:46.027019
663	1846	130.98	pending	2025-03-09 15:28:46.027019
664	1888	34.70	pending	2025-03-09 15:28:46.027019
665	1896	120.03	canceled	2025-03-09 15:28:46.027019
666	1906	469.60	pending	2025-03-09 15:28:46.027019
667	1905	158.33	pending	2025-03-09 15:28:46.027019
668	1915	208.01	completed	2025-03-09 15:28:46.027019
669	1890	418.54	pending	2025-03-09 15:28:46.027019
670	1834	88.10	pending	2025-03-09 15:28:46.027019
671	1858	424.70	pending	2025-03-09 15:28:46.027019
672	1873	331.26	completed	2025-03-09 15:28:46.027019
673	1896	470.34	completed	2025-03-09 15:28:46.027019
674	1858	306.96	pending	2025-03-09 15:28:46.027019
675	1831	230.69	pending	2025-03-09 15:28:46.027019
676	1854	40.50	canceled	2025-03-09 15:28:46.027019
677	1842	472.03	completed	2025-03-09 15:28:46.027019
678	1868	456.45	canceled	2025-03-09 15:28:46.027019
679	1913	489.13	canceled	2025-03-09 15:28:46.027019
680	1904	240.10	completed	2025-03-09 15:28:46.027019
681	1838	322.77	canceled	2025-03-09 15:28:46.027019
682	1843	141.98	pending	2025-03-09 15:28:46.027019
683	1901	31.37	completed	2025-03-09 15:28:46.027019
684	1871	342.95	canceled	2025-03-09 15:28:46.027019
685	1868	494.10	canceled	2025-03-09 15:28:46.027019
686	1864	154.10	completed	2025-03-09 15:28:46.027019
687	1830	16.95	canceled	2025-03-09 15:28:46.027019
688	1924	197.68	completed	2025-03-09 15:28:46.027019
689	1831	41.09	completed	2025-03-09 15:28:46.027019
690	1829	230.71	canceled	2025-03-09 15:28:46.027019
691	1907	40.22	pending	2025-03-09 15:28:46.027019
692	1860	237.75	pending	2025-03-09 15:28:46.027019
693	1843	151.67	pending	2025-03-09 15:28:46.027019
694	1868	441.67	canceled	2025-03-09 15:28:46.027019
695	1889	196.29	pending	2025-03-09 15:28:46.027019
696	1903	393.17	completed	2025-03-09 15:28:46.027019
697	1857	173.10	pending	2025-03-09 15:28:46.027019
698	1881	41.67	canceled	2025-03-09 15:28:46.027019
699	1846	169.15	canceled	2025-03-09 15:28:46.027019
700	1879	114.34	completed	2025-03-09 15:28:46.027019
701	1857	361.50	completed	2025-03-09 15:28:46.027019
702	1863	494.99	pending	2025-03-09 15:28:46.027019
703	1829	65.38	pending	2025-03-09 15:28:46.027019
704	1827	313.85	completed	2025-03-09 15:28:46.027019
705	1914	187.21	pending	2025-03-09 15:28:46.027019
706	1854	183.84	completed	2025-03-09 15:28:46.027019
707	1874	245.57	pending	2025-03-09 15:28:46.027019
708	1918	224.47	completed	2025-03-09 15:28:46.027019
709	1894	309.89	pending	2025-03-09 15:28:46.027019
710	1839	412.19	pending	2025-03-09 15:28:46.027019
711	1914	79.79	canceled	2025-03-09 15:28:46.027019
712	1887	305.92	completed	2025-03-09 15:28:46.027019
713	1879	339.00	pending	2025-03-09 15:28:46.027019
714	1893	348.08	completed	2025-03-09 15:28:46.027019
715	1898	200.64	canceled	2025-03-09 15:28:46.027019
716	1857	84.36	completed	2025-03-09 15:28:46.027019
717	1830	430.56	canceled	2025-03-09 15:28:46.027019
718	1896	224.63	completed	2025-03-09 15:28:46.027019
719	1843	374.20	canceled	2025-03-09 15:28:46.027019
720	1911	62.37	completed	2025-03-09 15:28:46.027019
721	1891	407.03	canceled	2025-03-09 15:28:46.027019
722	1875	63.35	pending	2025-03-09 15:28:46.027019
723	1879	180.32	canceled	2025-03-09 15:28:46.027019
724	1869	443.66	completed	2025-03-09 15:28:46.027019
725	1862	473.09	completed	2025-03-09 15:28:46.027019
726	1916	418.35	canceled	2025-03-09 15:28:46.027019
727	1841	130.30	pending	2025-03-09 15:28:46.027019
728	1872	288.18	completed	2025-03-09 15:28:46.027019
729	1906	253.57	canceled	2025-03-09 15:28:46.027019
730	1884	277.85	canceled	2025-03-09 15:28:46.027019
731	1902	476.04	canceled	2025-03-09 15:28:46.027019
732	1885	298.59	pending	2025-03-09 15:28:46.027019
733	1850	29.71	pending	2025-03-09 15:28:46.027019
734	1853	108.53	canceled	2025-03-09 15:28:46.027019
735	1912	394.56	completed	2025-03-09 15:28:46.027019
736	1829	177.65	completed	2025-03-09 15:28:46.027019
737	1888	154.91	pending	2025-03-09 15:28:46.027019
738	1904	122.71	pending	2025-03-09 15:28:46.027019
739	1903	184.15	completed	2025-03-09 15:28:46.027019
740	1874	18.52	completed	2025-03-09 15:28:46.027019
741	1866	46.39	canceled	2025-03-09 15:28:46.027019
742	1825	158.69	canceled	2025-03-09 15:28:46.027019
743	1846	211.55	canceled	2025-03-09 15:28:46.027019
744	1843	484.01	canceled	2025-03-09 15:28:46.027019
745	1865	272.44	pending	2025-03-09 15:28:46.027019
746	1871	287.12	pending	2025-03-09 15:28:46.027019
747	1855	493.36	completed	2025-03-09 15:28:46.027019
748	1851	383.51	pending	2025-03-09 15:28:46.027019
749	1825	70.64	canceled	2025-03-09 15:28:46.027019
750	1906	479.87	canceled	2025-03-09 15:28:46.027019
751	1902	91.86	pending	2025-03-09 15:28:46.027019
752	1855	316.73	pending	2025-03-09 15:28:46.027019
753	1904	324.76	pending	2025-03-09 15:28:46.027019
754	1900	86.08	pending	2025-03-09 15:28:46.027019
755	1825	475.29	completed	2025-03-09 15:28:46.027019
756	1837	323.52	pending	2025-03-09 15:28:46.027019
757	1880	450.11	canceled	2025-03-09 15:28:46.027019
758	1855	114.17	completed	2025-03-09 15:28:46.027019
759	1828	298.25	completed	2025-03-09 15:28:46.027019
760	1865	190.47	completed	2025-03-09 15:28:46.027019
761	1872	10.09	canceled	2025-03-09 15:28:46.027019
762	1839	197.02	pending	2025-03-09 15:28:46.027019
763	1887	489.88	canceled	2025-03-09 15:28:46.027019
764	1906	122.06	completed	2025-03-09 15:28:46.027019
765	1916	287.72	pending	2025-03-09 15:28:46.027019
766	1854	245.11	pending	2025-03-09 15:28:46.027019
767	1830	210.69	completed	2025-03-09 15:28:46.027019
768	1833	495.34	canceled	2025-03-09 15:28:46.027019
769	1904	78.59	completed	2025-03-09 15:28:46.027019
770	1902	11.74	completed	2025-03-09 15:28:46.027019
771	1875	483.97	canceled	2025-03-09 15:28:46.027019
772	1843	336.13	completed	2025-03-09 15:28:46.027019
773	1842	69.24	pending	2025-03-09 15:28:46.027019
774	1881	235.42	completed	2025-03-09 15:28:46.027019
775	1876	363.15	pending	2025-03-09 15:28:46.027019
776	1839	66.01	canceled	2025-03-09 15:28:46.027019
777	1882	235.65	canceled	2025-03-09 15:28:46.027019
778	1857	357.86	canceled	2025-03-09 15:28:46.027019
779	1905	239.92	canceled	2025-03-09 15:28:46.027019
780	1885	244.98	canceled	2025-03-09 15:28:46.027019
781	1892	156.98	completed	2025-03-09 15:28:46.027019
782	1859	319.26	canceled	2025-03-09 15:28:46.027019
783	1836	472.51	canceled	2025-03-09 15:28:46.027019
784	1862	328.26	completed	2025-03-09 15:28:46.027019
785	1863	426.04	pending	2025-03-09 15:28:46.027019
786	1832	267.06	canceled	2025-03-09 15:28:46.027019
787	1901	426.08	canceled	2025-03-09 15:28:46.027019
788	1913	68.31	pending	2025-03-09 15:28:46.027019
789	1845	130.08	pending	2025-03-09 15:28:46.027019
790	1831	251.04	pending	2025-03-09 15:28:46.027019
791	1838	404.23	canceled	2025-03-09 15:28:46.027019
792	1922	424.04	pending	2025-03-09 15:28:46.027019
793	1865	440.91	completed	2025-03-09 15:28:46.027019
794	1924	266.05	completed	2025-03-09 15:28:46.027019
795	1924	343.56	completed	2025-03-09 15:28:46.027019
796	1840	26.11	pending	2025-03-09 15:28:46.027019
797	1901	138.80	completed	2025-03-09 15:28:46.027019
798	1858	474.71	pending	2025-03-09 15:28:46.027019
799	1888	115.29	pending	2025-03-09 15:28:46.027019
800	1901	208.79	completed	2025-03-09 15:28:46.027019
801	1882	471.85	pending	2025-03-09 15:28:46.027019
802	1924	304.45	completed	2025-03-09 15:28:46.027019
803	1887	246.77	pending	2025-03-09 15:28:46.027019
804	1879	380.98	pending	2025-03-09 15:28:46.027019
805	1876	147.39	pending	2025-03-09 15:28:46.027019
806	1884	417.24	completed	2025-03-09 15:28:46.027019
807	1835	31.38	completed	2025-03-09 15:28:46.027019
808	1899	448.14	canceled	2025-03-09 15:28:46.027019
809	1879	307.08	completed	2025-03-09 15:28:46.027019
810	1827	471.88	pending	2025-03-09 15:28:46.027019
811	1837	332.18	pending	2025-03-09 15:28:46.027019
812	1886	281.89	canceled	2025-03-09 15:28:46.027019
813	1918	309.73	canceled	2025-03-09 15:28:46.027019
814	1873	451.71	pending	2025-03-09 15:28:46.027019
815	1880	229.51	canceled	2025-03-09 15:28:46.027019
816	1898	140.10	completed	2025-03-09 15:28:46.027019
817	1869	444.68	canceled	2025-03-09 15:28:46.027019
818	1836	486.61	canceled	2025-03-09 15:28:46.027019
819	1849	154.66	completed	2025-03-09 15:28:46.027019
820	1846	26.05	pending	2025-03-09 15:28:46.027019
821	1852	36.02	completed	2025-03-09 15:28:46.027019
822	1851	312.13	completed	2025-03-09 15:28:46.027019
823	1862	225.68	canceled	2025-03-09 15:28:46.027019
824	1860	261.68	canceled	2025-03-09 15:28:46.027019
825	1923	327.30	completed	2025-03-09 15:28:46.027019
826	1906	46.06	pending	2025-03-09 15:28:46.027019
827	1907	343.24	completed	2025-03-09 15:28:46.027019
828	1919	33.15	completed	2025-03-09 15:28:46.027019
829	1893	238.47	pending	2025-03-09 15:28:46.027019
830	1881	425.46	completed	2025-03-09 15:28:46.027019
831	1903	492.10	completed	2025-03-09 15:28:46.027019
832	1884	272.17	pending	2025-03-09 15:28:46.027019
833	1905	426.45	canceled	2025-03-09 15:28:46.027019
834	1882	76.59	pending	2025-03-09 15:28:46.027019
835	1904	316.07	completed	2025-03-09 15:28:46.027019
836	1841	338.99	canceled	2025-03-09 15:28:46.027019
837	1909	298.59	pending	2025-03-09 15:28:46.027019
838	1851	326.60	completed	2025-03-09 15:28:46.027019
839	1832	496.74	canceled	2025-03-09 15:28:46.027019
840	1902	476.84	completed	2025-03-09 15:28:46.027019
841	1886	386.62	completed	2025-03-09 15:28:46.027019
842	1872	168.81	pending	2025-03-09 15:28:46.027019
843	1894	137.94	canceled	2025-03-09 15:28:46.027019
844	1855	235.86	pending	2025-03-09 15:28:46.027019
845	1885	455.90	pending	2025-03-09 15:28:46.027019
846	1841	373.04	canceled	2025-03-09 15:28:46.027019
847	1922	369.00	completed	2025-03-09 15:28:46.027019
848	1892	435.30	canceled	2025-03-09 15:28:46.027019
849	1867	286.77	completed	2025-03-09 15:28:46.027019
850	1851	100.04	canceled	2025-03-09 15:28:46.027019
851	1903	337.90	canceled	2025-03-09 15:28:46.027019
852	1861	436.09	canceled	2025-03-09 15:28:46.027019
853	1880	128.54	pending	2025-03-09 15:28:46.027019
854	1863	353.05	pending	2025-03-09 15:28:46.027019
855	1871	189.10	completed	2025-03-09 15:28:46.027019
856	1829	237.69	canceled	2025-03-09 15:28:46.027019
857	1920	51.12	completed	2025-03-09 15:28:46.027019
858	1830	240.60	canceled	2025-03-09 15:28:46.027019
859	1853	416.77	canceled	2025-03-09 15:28:46.027019
860	1849	497.82	completed	2025-03-09 15:28:46.027019
861	1833	307.98	completed	2025-03-09 15:28:46.027019
862	1868	221.73	pending	2025-03-09 15:28:46.027019
863	1846	459.65	canceled	2025-03-09 15:28:46.027019
864	1848	423.82	completed	2025-03-09 15:28:46.027019
865	1842	252.66	pending	2025-03-09 15:28:46.027019
866	1908	183.42	pending	2025-03-09 15:28:46.027019
867	1825	154.92	completed	2025-03-09 15:28:46.027019
868	1907	285.88	completed	2025-03-09 15:28:46.027019
869	1906	398.36	canceled	2025-03-09 15:28:46.027019
870	1865	390.57	completed	2025-03-09 15:28:46.027019
871	1914	343.75	pending	2025-03-09 15:28:46.027019
872	1832	40.32	pending	2025-03-09 15:28:46.027019
873	1827	203.17	pending	2025-03-09 15:28:46.027019
874	1842	469.33	canceled	2025-03-09 15:28:46.027019
875	1847	52.71	canceled	2025-03-09 15:28:46.027019
876	1899	325.88	canceled	2025-03-09 15:28:46.027019
877	1882	324.38	pending	2025-03-09 15:28:46.027019
878	1896	111.03	pending	2025-03-09 15:28:46.027019
879	1855	483.95	canceled	2025-03-09 15:28:46.027019
880	1904	120.94	completed	2025-03-09 15:28:46.027019
881	1875	232.78	completed	2025-03-09 15:28:46.027019
882	1922	397.51	completed	2025-03-09 15:28:46.027019
883	1867	222.26	canceled	2025-03-09 15:28:46.027019
884	1924	75.32	completed	2025-03-09 15:28:46.027019
885	1902	303.57	canceled	2025-03-09 15:28:46.027019
886	1917	309.49	completed	2025-03-09 15:28:46.027019
887	1845	148.02	pending	2025-03-09 15:28:46.027019
888	1844	102.61	completed	2025-03-09 15:28:46.027019
889	1840	61.28	canceled	2025-03-09 15:28:46.027019
890	1924	62.65	pending	2025-03-09 15:28:46.027019
891	1914	480.59	canceled	2025-03-09 15:28:46.027019
892	1923	399.29	canceled	2025-03-09 15:28:46.027019
893	1893	29.68	canceled	2025-03-09 15:28:46.027019
894	1861	360.12	canceled	2025-03-09 15:28:46.027019
895	1844	69.82	completed	2025-03-09 15:28:46.027019
896	1874	186.39	canceled	2025-03-09 15:28:46.027019
897	1841	407.74	canceled	2025-03-09 15:28:46.027019
898	1825	476.63	canceled	2025-03-09 15:28:46.027019
899	1874	282.36	completed	2025-03-09 15:28:46.027019
900	1912	355.82	completed	2025-03-09 15:28:46.027019
901	1904	451.05	canceled	2025-03-09 15:28:46.027019
902	1895	247.94	pending	2025-03-09 15:28:46.027019
903	1922	264.00	pending	2025-03-09 15:28:46.027019
904	1863	261.79	pending	2025-03-09 15:28:46.027019
905	1831	386.40	canceled	2025-03-09 15:28:46.027019
906	1869	241.43	pending	2025-03-09 15:28:46.027019
907	1914	394.10	completed	2025-03-09 15:28:46.027019
908	1883	484.47	canceled	2025-03-09 15:28:46.027019
909	1881	225.07	completed	2025-03-09 15:28:46.027019
910	1924	352.71	completed	2025-03-09 15:28:46.027019
911	1899	163.17	completed	2025-03-09 15:28:46.027019
912	1908	444.49	pending	2025-03-09 15:28:46.027019
913	1855	396.71	completed	2025-03-09 15:28:46.027019
914	1871	125.61	pending	2025-03-09 15:28:46.027019
915	1918	69.75	pending	2025-03-09 15:28:46.027019
916	1831	412.17	completed	2025-03-09 15:28:46.027019
917	1916	110.12	completed	2025-03-09 15:28:46.027019
918	1834	486.03	canceled	2025-03-09 15:28:46.027019
919	1900	184.21	pending	2025-03-09 15:28:46.027019
920	1868	314.82	completed	2025-03-09 15:28:46.027019
921	1909	326.94	completed	2025-03-09 15:28:46.027019
922	1849	419.14	completed	2025-03-09 15:28:46.027019
923	1890	396.88	canceled	2025-03-09 15:28:46.027019
924	1853	139.70	completed	2025-03-09 15:28:46.027019
925	1910	489.97	canceled	2025-03-09 15:28:46.027019
926	1907	224.09	pending	2025-03-09 15:28:46.027019
927	1869	489.98	pending	2025-03-09 15:28:46.027019
928	1920	185.01	completed	2025-03-09 15:28:46.027019
929	1871	294.50	pending	2025-03-09 15:28:46.027019
930	1873	498.66	completed	2025-03-09 15:28:46.027019
931	1865	182.91	completed	2025-03-09 15:28:46.027019
932	1870	113.31	completed	2025-03-09 15:28:46.027019
933	1881	275.29	pending	2025-03-09 15:28:46.027019
934	1888	398.79	completed	2025-03-09 15:28:46.027019
935	1877	81.76	canceled	2025-03-09 15:28:46.027019
936	1882	335.64	canceled	2025-03-09 15:28:46.027019
937	1907	18.69	pending	2025-03-09 15:28:46.027019
938	1893	301.34	completed	2025-03-09 15:28:46.027019
939	1888	190.26	completed	2025-03-09 15:28:46.027019
940	1841	435.13	completed	2025-03-09 15:28:46.027019
941	1862	236.90	completed	2025-03-09 15:28:46.027019
942	1833	271.14	completed	2025-03-09 15:28:46.027019
943	1860	354.72	canceled	2025-03-09 15:28:46.027019
944	1873	271.34	completed	2025-03-09 15:28:46.027019
945	1907	327.90	pending	2025-03-09 15:28:46.027019
946	1883	28.66	pending	2025-03-09 15:28:46.027019
947	1868	213.36	pending	2025-03-09 15:28:46.027019
948	1908	231.27	canceled	2025-03-09 15:28:46.027019
949	1889	117.22	completed	2025-03-09 15:28:46.027019
950	1919	40.75	pending	2025-03-09 15:28:46.027019
951	1889	274.51	pending	2025-03-09 15:28:46.027019
952	1828	179.13	canceled	2025-03-09 15:28:46.027019
953	1897	262.64	completed	2025-03-09 15:28:46.027019
954	1850	80.45	pending	2025-03-09 15:28:46.027019
955	1862	82.36	canceled	2025-03-09 15:28:46.027019
956	1862	278.15	canceled	2025-03-09 15:28:46.027019
957	1864	132.60	completed	2025-03-09 15:28:46.027019
958	1922	131.98	completed	2025-03-09 15:28:46.027019
959	1893	463.84	completed	2025-03-09 15:28:46.027019
960	1884	304.65	pending	2025-03-09 15:28:46.027019
961	1832	353.67	completed	2025-03-09 15:28:46.027019
962	1922	278.16	canceled	2025-03-09 15:28:46.027019
963	1870	368.68	completed	2025-03-09 15:28:46.027019
964	1871	376.59	completed	2025-03-09 15:28:46.027019
965	1924	87.14	canceled	2025-03-09 15:28:46.027019
966	1872	331.05	pending	2025-03-09 15:28:46.027019
967	1913	442.94	canceled	2025-03-09 15:28:46.027019
968	1893	442.78	canceled	2025-03-09 15:28:46.027019
969	1827	322.59	canceled	2025-03-09 15:28:46.027019
970	1828	182.95	pending	2025-03-09 15:28:46.027019
971	1889	286.82	completed	2025-03-09 15:28:46.027019
972	1879	377.78	canceled	2025-03-09 15:28:46.027019
973	1902	329.52	completed	2025-03-09 15:28:46.027019
974	1895	343.30	pending	2025-03-09 15:28:46.027019
975	1835	272.97	pending	2025-03-09 15:28:46.027019
976	1915	133.72	completed	2025-03-09 15:28:46.027019
977	1830	99.44	pending	2025-03-09 15:28:46.027019
978	1838	93.43	pending	2025-03-09 15:28:46.027019
979	1923	114.48	pending	2025-03-09 15:28:46.027019
980	1914	18.14	pending	2025-03-09 15:28:46.027019
981	1833	483.63	pending	2025-03-09 15:28:46.027019
982	1864	369.69	canceled	2025-03-09 15:28:46.027019
983	1899	310.74	canceled	2025-03-09 15:28:46.027019
984	1908	250.60	canceled	2025-03-09 15:28:46.027019
985	1922	278.32	pending	2025-03-09 15:28:46.027019
986	1910	162.51	canceled	2025-03-09 15:28:46.027019
987	1912	416.28	pending	2025-03-09 15:28:46.027019
988	1917	244.08	canceled	2025-03-09 15:28:46.027019
989	1890	447.42	completed	2025-03-09 15:28:46.027019
990	1894	78.82	pending	2025-03-09 15:28:46.027019
991	1880	455.95	pending	2025-03-09 15:28:46.027019
992	1894	421.79	completed	2025-03-09 15:28:46.027019
993	1893	305.11	completed	2025-03-09 15:28:46.027019
994	1876	163.88	pending	2025-03-09 15:28:46.027019
995	1847	382.14	completed	2025-03-09 15:28:46.027019
996	1875	395.59	pending	2025-03-09 15:28:46.027019
997	1909	288.96	canceled	2025-03-09 15:28:46.027019
998	1880	67.33	completed	2025-03-09 15:28:46.027019
999	1887	386.90	completed	2025-03-09 15:28:46.027019
1000	1914	455.11	pending	2025-03-09 15:28:46.027019
1001	1848	331.11	completed	2025-03-09 15:28:46.027019
1002	1900	83.97	canceled	2025-03-09 15:28:46.027019
1003	1879	420.29	pending	2025-03-09 15:28:46.027019
1004	1828	497.82	canceled	2025-03-09 15:28:46.027019
1005	1908	297.82	completed	2025-03-09 15:28:46.027019
1006	1905	149.77	pending	2025-03-09 15:28:46.027019
1007	1889	99.51	completed	2025-03-09 15:28:46.027019
1008	1851	477.79	pending	2025-03-09 15:28:46.027019
1009	1852	480.09	pending	2025-03-09 15:28:46.027019
1010	1832	200.35	pending	2025-03-09 15:28:46.027019
1011	1873	168.39	pending	2025-03-09 15:28:46.027019
1012	1830	281.90	pending	2025-03-09 15:28:46.027019
1013	1838	65.17	canceled	2025-03-09 15:28:46.027019
1014	1905	73.58	pending	2025-03-09 15:28:46.027019
1015	1874	305.89	pending	2025-03-09 15:28:46.027019
1016	1857	197.00	canceled	2025-03-09 15:28:46.027019
1017	1831	83.30	completed	2025-03-09 15:28:46.027019
1018	1830	369.90	canceled	2025-03-09 15:28:46.027019
1019	1830	465.80	pending	2025-03-09 15:28:46.027019
1020	1907	77.09	pending	2025-03-09 15:28:46.027019
1021	1880	236.66	pending	2025-03-09 15:28:46.027019
1022	1846	124.12	completed	2025-03-09 15:28:46.027019
1023	1874	423.16	canceled	2025-03-09 15:28:46.027019
1024	1896	129.14	completed	2025-03-09 15:28:46.027019
1025	1912	487.96	pending	2025-03-09 15:28:46.027019
1026	1886	39.29	canceled	2025-03-09 15:28:46.027019
1027	1848	156.03	completed	2025-03-09 15:28:46.027019
1028	1895	246.49	canceled	2025-03-09 15:28:46.027019
1029	1882	42.37	completed	2025-03-09 15:28:46.027019
1030	1845	258.56	completed	2025-03-09 15:28:46.027019
1031	1885	52.00	canceled	2025-03-09 15:28:46.027019
1032	1850	328.09	pending	2025-03-09 15:28:46.027019
1033	1832	188.98	completed	2025-03-09 15:28:46.027019
1034	1831	479.21	canceled	2025-03-09 15:28:46.027019
1035	1906	345.04	canceled	2025-03-09 15:28:46.027019
1036	1875	417.05	canceled	2025-03-09 15:28:46.027019
1037	1873	43.26	pending	2025-03-09 15:28:46.027019
1038	1903	139.08	pending	2025-03-09 15:28:46.027019
1039	1876	97.26	completed	2025-03-09 15:28:46.027019
1040	1923	372.96	completed	2025-03-09 15:28:46.027019
1041	1917	468.23	pending	2025-03-09 15:28:46.027019
1042	1903	208.37	pending	2025-03-09 15:28:46.027019
1043	1843	370.51	pending	2025-03-09 15:28:46.027019
1044	1845	116.05	canceled	2025-03-09 15:28:46.027019
1045	1825	320.89	pending	2025-03-09 15:28:46.027019
1046	1852	84.01	canceled	2025-03-09 15:28:46.027019
1047	1922	245.52	pending	2025-03-09 15:28:46.027019
1048	1922	206.17	pending	2025-03-09 15:28:46.027019
1049	1883	91.72	pending	2025-03-09 15:28:46.027019
1050	1837	267.21	pending	2025-03-09 15:28:46.027019
1051	1849	445.95	canceled	2025-03-09 15:28:46.027019
1052	1830	288.11	canceled	2025-03-09 15:28:46.027019
1053	1885	64.43	canceled	2025-03-09 15:28:46.027019
1054	1921	268.94	pending	2025-03-09 15:28:46.027019
1055	1894	328.70	completed	2025-03-09 15:28:46.027019
1056	1849	314.07	canceled	2025-03-09 15:28:46.027019
1057	1896	411.94	canceled	2025-03-09 15:28:46.027019
1058	1890	453.69	completed	2025-03-09 15:28:46.027019
1059	1876	378.52	completed	2025-03-09 15:28:46.027019
1060	1894	115.58	completed	2025-03-09 15:28:46.027019
1061	1893	114.97	pending	2025-03-09 15:28:46.027019
1062	1920	100.57	pending	2025-03-09 15:28:46.027019
1063	1877	394.04	completed	2025-03-09 15:28:46.027019
1064	1866	466.59	pending	2025-03-09 15:28:46.027019
1065	1865	244.52	canceled	2025-03-09 15:28:46.027019
1066	1871	62.90	completed	2025-03-09 15:28:46.027019
1067	1892	229.75	canceled	2025-03-09 15:28:46.027019
1068	1908	326.95	canceled	2025-03-09 15:28:46.027019
1069	1856	361.07	completed	2025-03-09 15:28:46.027019
1070	1914	413.56	completed	2025-03-09 15:28:46.027019
1071	1886	147.32	completed	2025-03-09 15:28:46.027019
1072	1850	345.23	completed	2025-03-09 15:28:46.027019
1073	1863	446.30	pending	2025-03-09 15:28:46.027019
1074	1923	422.78	canceled	2025-03-09 15:28:46.027019
1075	1851	310.46	canceled	2025-03-09 15:28:46.027019
1076	1851	346.08	canceled	2025-03-09 15:28:46.027019
1077	1827	480.04	canceled	2025-03-09 15:28:46.027019
1078	1908	46.81	canceled	2025-03-09 15:28:46.027019
1079	1849	313.17	completed	2025-03-09 15:28:46.027019
1080	1898	88.87	completed	2025-03-09 15:28:46.027019
1081	1896	32.92	canceled	2025-03-09 15:28:46.027019
1082	1828	431.88	completed	2025-03-09 15:28:46.027019
1083	1888	113.20	completed	2025-03-09 15:28:46.027019
1084	1840	295.65	canceled	2025-03-09 15:28:46.027019
1085	1857	451.59	canceled	2025-03-09 15:28:46.027019
1086	1843	94.46	canceled	2025-03-09 15:28:46.027019
1087	1901	163.50	canceled	2025-03-09 15:28:46.027019
1088	1855	268.39	pending	2025-03-09 15:28:46.027019
1089	1862	422.81	canceled	2025-03-09 15:28:46.027019
1090	1894	456.16	canceled	2025-03-09 15:28:46.027019
1091	1827	20.74	completed	2025-03-09 15:28:46.027019
1092	1848	147.94	canceled	2025-03-09 15:28:46.027019
1093	1876	376.14	completed	2025-03-09 15:28:46.027019
1094	1884	398.04	pending	2025-03-09 15:28:46.027019
1095	1851	180.97	pending	2025-03-09 15:28:46.027019
1096	1842	50.43	pending	2025-03-09 15:28:46.027019
1097	1888	187.55	completed	2025-03-09 15:28:46.027019
1098	1852	75.84	canceled	2025-03-09 15:28:46.027019
1099	1840	101.88	pending	2025-03-09 15:28:46.027019
1100	1914	383.19	completed	2025-03-09 15:28:46.027019
1101	1860	324.56	canceled	2025-03-09 15:28:46.027019
1102	1872	127.44	pending	2025-03-09 15:28:46.027019
1103	1832	302.88	canceled	2025-03-09 15:28:46.027019
1104	1870	346.39	completed	2025-03-09 15:28:46.027019
1105	1825	275.45	completed	2025-03-09 15:28:46.027019
1106	1894	482.47	completed	2025-03-09 15:28:46.027019
1107	1825	412.82	canceled	2025-03-09 15:28:46.027019
1108	1832	240.66	canceled	2025-03-09 15:28:46.027019
1109	1920	19.63	pending	2025-03-09 15:28:46.027019
1110	1874	432.39	canceled	2025-03-09 15:28:46.027019
1111	1922	274.86	pending	2025-03-09 15:28:46.027019
1112	1871	234.66	completed	2025-03-09 15:28:46.027019
1113	1911	207.74	pending	2025-03-09 15:28:46.027019
1114	1895	30.51	pending	2025-03-09 15:28:46.027019
1115	1906	232.29	pending	2025-03-09 15:28:46.027019
1116	1924	96.20	canceled	2025-03-09 15:28:46.027019
1117	1859	151.35	canceled	2025-03-09 15:28:46.027019
1118	1910	66.11	canceled	2025-03-09 15:28:46.027019
1119	1894	280.51	completed	2025-03-09 15:28:46.027019
1120	1849	274.63	canceled	2025-03-09 15:28:46.027019
1121	1885	338.79	canceled	2025-03-09 15:28:46.027019
1122	1899	186.42	canceled	2025-03-09 15:28:46.027019
1123	1880	492.44	pending	2025-03-09 15:28:46.027019
1124	1863	151.38	pending	2025-03-09 15:28:46.027019
1125	1906	291.70	canceled	2025-03-09 15:28:46.027019
1126	1919	117.99	pending	2025-03-09 15:28:46.027019
1127	1827	74.09	pending	2025-03-09 15:28:46.027019
1128	1922	450.61	completed	2025-03-09 15:28:46.027019
1129	1856	218.01	canceled	2025-03-09 15:28:46.027019
1130	1856	259.57	completed	2025-03-09 15:28:46.027019
1131	1890	241.68	pending	2025-03-09 15:28:46.027019
1132	1916	176.89	completed	2025-03-09 15:28:46.027019
1133	1836	134.95	pending	2025-03-09 15:28:46.027019
1134	1903	91.98	canceled	2025-03-09 15:28:46.027019
1135	1857	318.35	pending	2025-03-09 15:28:46.027019
1136	1904	393.06	pending	2025-03-09 15:28:46.027019
1137	1853	369.97	pending	2025-03-09 15:28:46.027019
1138	1867	201.67	completed	2025-03-09 15:28:46.027019
1139	1899	113.95	pending	2025-03-09 15:28:46.027019
1140	1889	205.04	canceled	2025-03-09 15:28:46.027019
1141	1909	482.97	completed	2025-03-09 15:28:46.027019
1142	1825	215.16	canceled	2025-03-09 15:28:46.027019
1143	1864	208.14	pending	2025-03-09 15:28:46.027019
1144	1924	284.39	completed	2025-03-09 15:28:46.027019
1145	1868	231.79	canceled	2025-03-09 15:28:46.027019
1146	1911	468.62	pending	2025-03-09 15:28:46.027019
1147	1884	326.40	pending	2025-03-09 15:28:46.027019
1148	1901	102.28	completed	2025-03-09 15:28:46.027019
1149	1863	53.65	completed	2025-03-09 15:28:46.027019
1150	1894	205.13	pending	2025-03-09 15:28:46.027019
1151	1856	18.12	pending	2025-03-09 15:28:46.027019
1152	1828	356.12	canceled	2025-03-09 15:28:46.027019
1153	1847	216.45	pending	2025-03-09 15:28:46.027019
1154	1856	128.11	canceled	2025-03-09 15:28:46.027019
1155	1866	465.09	completed	2025-03-09 15:28:46.027019
1156	1883	257.42	canceled	2025-03-09 15:28:46.027019
1157	1908	273.64	pending	2025-03-09 15:28:46.027019
1158	1842	90.43	canceled	2025-03-09 15:28:46.027019
1159	1854	497.55	canceled	2025-03-09 15:28:46.027019
1160	1885	175.06	completed	2025-03-09 15:28:46.027019
1161	1875	116.36	pending	2025-03-09 15:28:46.027019
1162	1883	80.32	pending	2025-03-09 15:28:46.027019
1163	1894	400.35	pending	2025-03-09 15:28:46.027019
1164	1897	15.32	canceled	2025-03-09 15:28:46.027019
1165	1827	32.24	completed	2025-03-09 15:28:46.027019
1166	1920	408.76	canceled	2025-03-09 15:28:46.027019
1167	1876	385.70	pending	2025-03-09 15:28:46.027019
1168	1858	496.23	canceled	2025-03-09 15:28:46.027019
1169	1843	323.69	pending	2025-03-09 15:28:46.027019
1170	1874	389.97	canceled	2025-03-09 15:28:46.027019
1171	1924	435.99	completed	2025-03-09 15:28:46.027019
1172	1853	141.60	completed	2025-03-09 15:28:46.027019
1173	1826	158.09	completed	2025-03-09 15:28:46.027019
1174	1905	278.00	canceled	2025-03-09 15:28:46.027019
1175	1885	160.85	completed	2025-03-09 15:28:46.027019
1176	1872	250.70	pending	2025-03-09 15:28:46.027019
1177	1890	288.88	pending	2025-03-09 15:28:46.027019
1178	1889	340.03	completed	2025-03-09 15:28:46.027019
1179	1906	307.64	canceled	2025-03-09 15:28:46.027019
1180	1847	80.48	pending	2025-03-09 15:28:46.027019
1181	1907	276.65	pending	2025-03-09 15:28:46.027019
1182	1892	417.05	pending	2025-03-09 15:28:46.027019
1183	1838	438.78	canceled	2025-03-09 15:28:46.027019
1184	1919	12.32	completed	2025-03-09 15:28:46.027019
1185	1866	494.56	completed	2025-03-09 15:28:46.027019
1186	1867	338.95	completed	2025-03-09 15:28:46.027019
1187	1848	111.18	completed	2025-03-09 15:28:46.027019
1188	1843	188.60	pending	2025-03-09 15:28:46.027019
1189	1858	427.52	pending	2025-03-09 15:28:46.027019
1190	1855	96.38	completed	2025-03-09 15:28:46.027019
1191	1856	489.43	canceled	2025-03-09 15:28:46.027019
1192	1877	388.22	canceled	2025-03-09 15:28:46.027019
1193	1839	355.05	completed	2025-03-09 15:28:46.027019
1194	1919	405.35	canceled	2025-03-09 15:28:46.027019
1195	1835	13.55	completed	2025-03-09 15:28:46.027019
1196	1870	480.49	completed	2025-03-09 15:28:46.027019
1197	1882	102.97	completed	2025-03-09 15:28:46.027019
1198	1831	369.24	completed	2025-03-09 15:28:46.027019
1199	1832	137.57	canceled	2025-03-09 15:28:46.027019
1200	1842	163.53	pending	2025-03-09 15:28:46.027019
1201	1892	333.07	completed	2025-03-09 15:28:46.027019
1202	1893	193.90	pending	2025-03-09 15:28:46.027019
1203	1827	268.70	canceled	2025-03-09 15:28:46.027019
1204	1851	226.19	completed	2025-03-09 15:28:46.027019
1205	1893	453.48	canceled	2025-03-09 15:28:46.027019
1206	1826	297.23	pending	2025-03-09 15:28:46.027019
1207	1900	143.11	completed	2025-03-09 15:28:46.027019
1208	1843	353.18	completed	2025-03-09 15:28:46.027019
1209	1843	77.77	canceled	2025-03-09 15:28:46.027019
1210	1919	369.84	canceled	2025-03-09 15:28:46.027019
1211	1853	93.06	pending	2025-03-09 15:28:46.027019
1212	1902	110.23	pending	2025-03-09 15:28:46.027019
1213	1868	146.55	pending	2025-03-09 15:28:46.027019
1214	1838	12.72	canceled	2025-03-09 15:28:46.027019
1215	1835	87.00	canceled	2025-03-09 15:28:46.027019
1216	1827	489.85	pending	2025-03-09 15:28:46.027019
1217	1878	290.93	pending	2025-03-09 15:28:46.027019
1218	1905	214.13	pending	2025-03-09 15:28:46.027019
1219	1861	223.43	canceled	2025-03-09 15:28:46.027019
1220	1909	455.63	completed	2025-03-09 15:28:46.027019
1221	1911	128.36	pending	2025-03-09 15:28:46.027019
1222	1862	485.76	canceled	2025-03-09 15:28:46.027019
1223	1893	199.78	canceled	2025-03-09 15:28:46.027019
1224	1924	276.63	canceled	2025-03-09 15:28:46.027019
1225	1888	257.88	pending	2025-03-09 15:28:46.027019
1226	1923	445.62	pending	2025-03-09 15:28:46.027019
1227	1852	49.68	canceled	2025-03-09 15:28:46.027019
1228	1897	324.56	canceled	2025-03-09 15:28:46.027019
1229	1850	110.32	completed	2025-03-09 15:28:46.027019
1230	1837	411.17	canceled	2025-03-09 15:28:46.027019
1231	1916	395.44	completed	2025-03-09 15:28:46.027019
1232	1851	463.52	pending	2025-03-09 15:28:46.027019
1233	1882	56.58	canceled	2025-03-09 15:28:46.027019
1234	1879	128.70	completed	2025-03-09 15:28:46.027019
1235	1923	354.08	completed	2025-03-09 15:28:46.027019
1236	1895	27.04	canceled	2025-03-09 15:28:46.027019
1237	1879	52.30	canceled	2025-03-09 15:28:46.027019
1238	1907	253.31	canceled	2025-03-09 15:28:46.027019
1239	1856	25.60	pending	2025-03-09 15:28:46.027019
1240	1915	494.24	completed	2025-03-09 15:28:46.027019
1241	1910	82.73	canceled	2025-03-09 15:28:46.027019
1242	1834	66.65	completed	2025-03-09 15:28:46.027019
1243	1898	190.49	pending	2025-03-09 15:28:46.027019
1244	1866	181.04	completed	2025-03-09 15:28:46.027019
1245	1884	167.64	completed	2025-03-09 15:28:46.027019
1246	1892	307.12	pending	2025-03-09 15:28:46.027019
1247	1869	242.72	canceled	2025-03-09 15:28:46.027019
1248	1858	108.98	completed	2025-03-09 15:28:46.027019
1249	1863	415.20	pending	2025-03-09 15:28:46.027019
1250	1915	79.24	completed	2025-03-09 15:28:46.027019
1251	1842	423.83	canceled	2025-03-09 15:28:46.027019
1252	1902	482.01	canceled	2025-03-09 15:28:46.027019
1253	1875	477.23	completed	2025-03-09 15:28:46.027019
1254	1852	237.58	pending	2025-03-09 15:28:46.027019
1255	1858	345.91	pending	2025-03-09 15:28:46.027019
1256	1863	208.61	pending	2025-03-09 15:28:46.027019
1257	1881	429.27	pending	2025-03-09 15:28:46.027019
1258	1844	246.40	pending	2025-03-09 15:28:46.027019
1259	1831	69.87	completed	2025-03-09 15:28:46.027019
1260	1839	376.84	completed	2025-03-09 15:28:46.027019
1261	1893	156.12	completed	2025-03-09 15:28:46.027019
1262	1855	293.30	pending	2025-03-09 15:28:46.027019
1263	1875	274.02	canceled	2025-03-09 15:28:46.027019
1264	1913	486.12	pending	2025-03-09 15:28:46.027019
1265	1840	479.66	completed	2025-03-09 15:28:46.027019
1266	1862	150.64	pending	2025-03-09 15:28:46.027019
1267	1915	109.88	completed	2025-03-09 15:28:46.027019
1268	1878	144.46	canceled	2025-03-09 15:28:46.027019
1269	1843	129.60	completed	2025-03-09 15:28:46.027019
1270	1889	444.96	pending	2025-03-09 15:28:46.027019
1271	1891	132.82	pending	2025-03-09 15:28:46.027019
1272	1921	216.31	completed	2025-03-09 15:28:46.027019
1273	1861	221.72	pending	2025-03-09 15:28:46.027019
1274	1826	94.76	canceled	2025-03-09 15:28:46.027019
1275	1829	471.93	canceled	2025-03-09 15:28:46.027019
1276	1884	74.89	pending	2025-03-09 15:28:46.027019
1277	1909	106.71	canceled	2025-03-09 15:28:46.027019
1278	1848	125.79	canceled	2025-03-09 15:28:46.027019
1279	1867	357.87	pending	2025-03-09 15:28:46.027019
1280	1865	395.21	completed	2025-03-09 15:28:46.027019
1281	1923	157.71	completed	2025-03-09 15:28:46.027019
1282	1838	225.47	completed	2025-03-09 15:28:46.027019
1283	1895	406.57	canceled	2025-03-09 15:28:46.027019
1284	1881	251.25	pending	2025-03-09 15:28:46.027019
1285	1855	16.37	pending	2025-03-09 15:28:46.027019
1286	1893	330.85	completed	2025-03-09 15:28:46.027019
1287	1831	134.25	completed	2025-03-09 15:28:46.027019
1288	1847	391.60	completed	2025-03-09 15:28:46.027019
1289	1918	204.01	canceled	2025-03-09 15:28:46.027019
1290	1831	61.08	canceled	2025-03-09 15:28:46.027019
1291	1857	257.40	completed	2025-03-09 15:28:46.027019
1292	1881	76.15	pending	2025-03-09 15:28:46.027019
1293	1830	182.33	canceled	2025-03-09 15:28:46.027019
1294	1924	371.76	pending	2025-03-09 15:28:46.027019
1295	1863	293.69	pending	2025-03-09 15:28:46.027019
1296	1899	48.17	completed	2025-03-09 15:28:46.027019
1297	1866	479.58	pending	2025-03-09 15:28:46.027019
1298	1894	277.09	pending	2025-03-09 15:28:46.027019
1299	1855	295.48	pending	2025-03-09 15:28:46.027019
1300	1915	228.48	canceled	2025-03-09 15:28:46.027019
1301	1902	495.16	pending	2025-03-09 15:28:46.027019
1302	1912	97.83	completed	2025-03-09 15:28:46.027019
1303	1882	202.14	completed	2025-03-09 15:28:46.027019
1304	1874	305.08	pending	2025-03-09 15:28:46.027019
1305	1877	99.40	completed	2025-03-09 15:28:46.027019
1306	1858	115.49	completed	2025-03-09 15:28:46.027019
1307	1919	99.12	canceled	2025-03-09 15:28:46.027019
1308	1848	103.05	pending	2025-03-09 15:28:46.027019
1309	1890	297.34	canceled	2025-03-09 15:28:46.027019
1310	1842	281.03	canceled	2025-03-09 15:28:46.027019
1311	1900	470.09	completed	2025-03-09 15:28:46.027019
1312	1871	116.16	pending	2025-03-09 15:28:46.027019
1313	1924	480.40	canceled	2025-03-09 15:28:46.027019
1314	1835	230.43	completed	2025-03-09 15:28:46.027019
1315	1828	437.70	pending	2025-03-09 15:28:46.027019
1316	1848	429.06	completed	2025-03-09 15:28:46.027019
1317	1845	230.82	completed	2025-03-09 15:28:46.027019
1318	1890	314.11	canceled	2025-03-09 15:28:46.027019
1319	1884	20.52	canceled	2025-03-09 15:28:46.027019
1320	1923	317.44	completed	2025-03-09 15:28:46.027019
1321	1893	161.14	pending	2025-03-09 15:28:46.027019
1322	1829	478.32	completed	2025-03-09 15:28:46.027019
1323	1872	192.86	pending	2025-03-09 15:28:46.027019
1324	1850	123.72	canceled	2025-03-09 15:28:46.027019
1325	1915	147.62	pending	2025-03-09 15:28:46.027019
1326	1905	482.17	completed	2025-03-09 15:28:46.027019
1327	1856	27.16	completed	2025-03-09 15:28:46.027019
1328	1910	125.67	pending	2025-03-09 15:28:46.027019
1329	1831	22.12	pending	2025-03-09 15:28:46.027019
1330	1858	142.94	pending	2025-03-09 15:28:46.027019
1331	1834	105.74	pending	2025-03-09 15:28:46.027019
1332	1922	227.49	completed	2025-03-09 15:28:46.027019
1333	1895	14.88	canceled	2025-03-09 15:28:46.027019
1334	1920	297.94	completed	2025-03-09 15:28:46.027019
1335	1844	211.29	completed	2025-03-09 15:28:46.027019
1336	1889	124.56	completed	2025-03-09 15:28:46.027019
1337	1921	362.82	canceled	2025-03-09 15:28:46.027019
1338	1908	278.20	completed	2025-03-09 15:28:46.027019
1339	1920	310.42	completed	2025-03-09 15:28:46.027019
1340	1876	153.35	pending	2025-03-09 15:28:46.027019
1341	1852	246.22	completed	2025-03-09 15:28:46.027019
1342	1880	456.04	pending	2025-03-09 15:28:46.027019
1343	1882	153.60	pending	2025-03-09 15:28:46.027019
1344	1924	57.68	pending	2025-03-09 15:28:46.027019
1345	1843	69.74	pending	2025-03-09 15:28:46.027019
1346	1902	449.45	pending	2025-03-09 15:28:46.027019
1347	1916	131.40	pending	2025-03-09 15:28:46.027019
1348	1920	178.52	canceled	2025-03-09 15:28:46.027019
1349	1825	243.23	canceled	2025-03-09 15:28:46.027019
1350	1828	199.52	completed	2025-03-09 15:28:46.027019
1351	1836	408.68	pending	2025-03-09 15:28:46.027019
1352	1856	353.20	pending	2025-03-09 15:28:46.027019
1353	1882	434.97	canceled	2025-03-09 15:28:46.027019
1354	1906	317.92	completed	2025-03-09 15:28:46.027019
1355	1894	421.30	canceled	2025-03-09 15:28:46.027019
1356	1886	392.33	canceled	2025-03-09 15:28:46.027019
1357	1897	432.16	pending	2025-03-09 15:28:46.027019
1358	1827	81.97	completed	2025-03-09 15:28:46.027019
1359	1838	188.06	completed	2025-03-09 15:28:46.027019
1360	1909	363.75	pending	2025-03-09 15:28:46.027019
1361	1831	439.17	pending	2025-03-09 15:28:46.027019
1362	1918	44.72	pending	2025-03-09 15:28:46.027019
1363	1912	368.12	pending	2025-03-09 15:28:46.027019
1364	1887	464.04	canceled	2025-03-09 15:28:46.027019
1365	1846	364.21	pending	2025-03-09 15:28:46.027019
1366	1865	435.78	pending	2025-03-09 15:28:46.027019
1367	1867	204.70	pending	2025-03-09 15:28:46.027019
1368	1861	229.31	canceled	2025-03-09 15:28:46.027019
1369	1839	106.17	completed	2025-03-09 15:28:46.027019
1370	1856	117.57	canceled	2025-03-09 15:28:46.027019
1371	1859	35.02	canceled	2025-03-09 15:28:46.027019
1372	1922	90.29	pending	2025-03-09 15:28:46.027019
1373	1870	82.37	pending	2025-03-09 15:28:46.027019
1374	1863	181.44	completed	2025-03-09 15:28:46.027019
1375	1904	259.71	completed	2025-03-09 15:28:46.027019
1376	1909	57.18	completed	2025-03-09 15:28:46.027019
1377	1840	28.11	pending	2025-03-09 15:28:46.027019
1378	1897	223.73	completed	2025-03-09 15:28:46.027019
1379	1866	429.77	canceled	2025-03-09 15:28:46.027019
1380	1852	66.18	pending	2025-03-09 15:28:46.027019
1381	1849	212.96	canceled	2025-03-09 15:28:46.027019
1382	1899	469.70	canceled	2025-03-09 15:28:46.027019
1383	1924	85.15	canceled	2025-03-09 15:28:46.027019
1384	1825	138.92	canceled	2025-03-09 15:28:46.027019
1385	1878	113.60	canceled	2025-03-09 15:28:46.027019
1386	1828	222.16	completed	2025-03-09 15:28:46.027019
1387	1907	179.46	canceled	2025-03-09 15:28:46.027019
1388	1917	239.53	pending	2025-03-09 15:28:46.027019
1389	1898	36.62	canceled	2025-03-09 15:28:46.027019
1390	1916	218.34	completed	2025-03-09 15:28:46.027019
1391	1913	99.02	pending	2025-03-09 15:28:46.027019
1392	1831	318.86	completed	2025-03-09 15:28:46.027019
1393	1909	348.53	pending	2025-03-09 15:28:46.027019
1394	1923	198.74	pending	2025-03-09 15:28:46.027019
1395	1903	251.81	canceled	2025-03-09 15:28:46.027019
1396	1857	217.88	pending	2025-03-09 15:28:46.027019
1397	1861	434.38	completed	2025-03-09 15:28:46.027019
1398	1860	92.86	pending	2025-03-09 15:28:46.027019
1399	1893	470.47	completed	2025-03-09 15:28:46.027019
1400	1878	337.11	completed	2025-03-09 15:28:46.027019
1401	1850	140.41	completed	2025-03-09 15:28:46.027019
1402	1862	271.35	canceled	2025-03-09 15:28:46.027019
1403	1872	137.88	completed	2025-03-09 15:28:46.027019
1404	1870	486.15	completed	2025-03-09 15:28:46.027019
1405	1875	287.33	completed	2025-03-09 15:28:46.027019
1406	1903	34.87	canceled	2025-03-09 15:28:46.027019
1407	1849	351.40	canceled	2025-03-09 15:28:46.027019
1408	1826	76.89	pending	2025-03-09 15:28:46.027019
1409	1895	45.96	canceled	2025-03-09 15:28:46.027019
1410	1864	273.60	canceled	2025-03-09 15:28:46.027019
1411	1919	189.30	canceled	2025-03-09 15:28:46.027019
1412	1881	341.60	canceled	2025-03-09 15:28:46.027019
1413	1915	278.90	pending	2025-03-09 15:28:46.027019
1414	1843	274.57	canceled	2025-03-09 15:28:46.027019
1415	1924	136.65	pending	2025-03-09 15:28:46.027019
1416	1911	122.37	pending	2025-03-09 15:28:46.027019
1417	1885	455.25	pending	2025-03-09 15:28:46.027019
1418	1874	132.27	canceled	2025-03-09 15:28:46.027019
1419	1898	293.60	pending	2025-03-09 15:28:46.027019
1420	1838	345.40	completed	2025-03-09 15:28:46.027019
1421	1885	256.71	completed	2025-03-09 15:28:46.027019
1422	1845	48.85	completed	2025-03-09 15:28:46.027019
1423	1922	439.64	canceled	2025-03-09 15:28:46.027019
1424	1878	376.61	completed	2025-03-09 15:28:46.027019
1425	1853	274.22	canceled	2025-03-09 15:28:46.027019
1426	1856	255.11	pending	2025-03-09 15:28:46.027019
1427	1898	38.95	pending	2025-03-09 15:28:46.027019
1428	1859	427.53	canceled	2025-03-09 15:28:46.027019
1429	1901	217.66	canceled	2025-03-09 15:28:46.027019
1430	1905	359.77	completed	2025-03-09 15:28:46.027019
1431	1917	416.54	completed	2025-03-09 15:28:46.027019
1432	1912	399.30	canceled	2025-03-09 15:28:46.027019
1433	1842	398.42	pending	2025-03-09 15:28:46.027019
1434	1838	411.59	pending	2025-03-09 15:28:46.027019
1435	1831	327.60	completed	2025-03-09 15:28:46.027019
1436	1825	336.39	pending	2025-03-09 15:28:46.027019
1437	1889	444.87	completed	2025-03-09 15:28:46.027019
1438	1923	494.72	pending	2025-03-09 15:28:46.027019
1439	1852	287.66	pending	2025-03-09 15:28:46.027019
1440	1903	462.37	completed	2025-03-09 15:28:46.027019
1441	1840	421.90	pending	2025-03-09 15:28:46.027019
1442	1861	194.95	completed	2025-03-09 15:28:46.027019
1443	1859	14.03	canceled	2025-03-09 15:28:46.027019
1444	1831	133.39	completed	2025-03-09 15:28:46.027019
1445	1905	54.99	pending	2025-03-09 15:28:46.027019
1446	1865	466.57	canceled	2025-03-09 15:28:46.027019
1447	1890	197.47	completed	2025-03-09 15:28:46.027019
1448	1874	206.37	completed	2025-03-09 15:28:46.027019
1449	1849	204.97	completed	2025-03-09 15:28:46.027019
1450	1893	31.94	completed	2025-03-09 15:28:46.027019
1451	1913	244.47	pending	2025-03-09 15:28:46.027019
1452	1867	413.53	completed	2025-03-09 15:28:46.027019
1453	1885	379.86	completed	2025-03-09 15:28:46.027019
1454	1888	329.52	pending	2025-03-09 15:28:46.027019
1455	1879	263.78	pending	2025-03-09 15:28:46.027019
1456	1894	319.03	canceled	2025-03-09 15:28:46.027019
1457	1889	395.48	canceled	2025-03-09 15:28:46.027019
1458	1870	99.29	pending	2025-03-09 15:28:46.027019
1459	1829	268.69	pending	2025-03-09 15:28:46.027019
1460	1905	463.12	canceled	2025-03-09 15:28:46.027019
1461	1910	178.33	canceled	2025-03-09 15:28:46.027019
1462	1900	228.82	completed	2025-03-09 15:28:46.027019
1463	1864	86.33	canceled	2025-03-09 15:28:46.027019
1464	1883	88.04	completed	2025-03-09 15:28:46.027019
1465	1909	259.63	completed	2025-03-09 15:28:46.027019
1466	1828	486.08	completed	2025-03-09 15:28:46.027019
1467	1909	124.36	canceled	2025-03-09 15:28:46.027019
1468	1847	427.11	canceled	2025-03-09 15:28:46.027019
1469	1853	112.89	canceled	2025-03-09 15:28:46.027019
1470	1845	223.29	completed	2025-03-09 15:28:46.027019
1471	1901	263.15	pending	2025-03-09 15:28:46.027019
1472	1856	83.27	completed	2025-03-09 15:28:46.027019
1473	1880	119.29	completed	2025-03-09 15:28:46.027019
1474	1857	31.93	canceled	2025-03-09 15:28:46.027019
1475	1847	279.53	canceled	2025-03-09 15:28:46.027019
1476	1915	306.17	pending	2025-03-09 15:28:46.027019
1477	1855	73.83	canceled	2025-03-09 15:28:46.027019
1478	1858	184.83	completed	2025-03-09 15:28:46.027019
1479	1866	243.62	canceled	2025-03-09 15:28:46.027019
1480	1917	136.72	canceled	2025-03-09 15:28:46.027019
1481	1887	211.89	completed	2025-03-09 15:28:46.027019
1482	1873	149.67	pending	2025-03-09 15:28:46.027019
1483	1838	351.01	completed	2025-03-09 15:28:46.027019
1484	1843	196.92	completed	2025-03-09 15:28:46.027019
1485	1905	321.29	pending	2025-03-09 15:28:46.027019
1486	1907	193.80	canceled	2025-03-09 15:28:46.027019
1487	1855	427.09	pending	2025-03-09 15:28:46.027019
1488	1920	366.46	canceled	2025-03-09 15:28:46.027019
1489	1836	85.17	completed	2025-03-09 15:28:46.027019
1490	1924	99.50	pending	2025-03-09 15:28:46.027019
1491	1902	239.92	canceled	2025-03-09 15:28:46.027019
1492	1906	138.59	pending	2025-03-09 15:28:46.027019
1493	1828	421.66	completed	2025-03-09 15:28:46.027019
1494	1861	160.63	canceled	2025-03-09 15:28:46.027019
1495	1830	93.49	pending	2025-03-09 15:28:46.027019
1496	1891	314.74	pending	2025-03-09 15:28:46.027019
1497	1921	88.27	canceled	2025-03-09 15:28:46.027019
1498	1881	276.99	completed	2025-03-09 15:28:46.027019
1499	1860	48.84	completed	2025-03-09 15:28:46.027019
1500	1922	456.17	pending	2025-03-09 15:28:46.027019
1501	1897	435.31	completed	2025-03-09 15:28:46.027019
1502	1897	455.93	pending	2025-03-09 15:28:46.027019
1503	1901	42.70	completed	2025-03-09 15:28:46.027019
1504	1920	369.23	pending	2025-03-09 15:28:46.027019
1505	1849	262.08	pending	2025-03-09 15:28:46.027019
1506	1914	41.13	pending	2025-03-09 15:28:46.027019
1507	1909	240.52	pending	2025-03-09 15:28:46.027019
1508	1837	408.02	canceled	2025-03-09 15:28:46.027019
1509	1880	196.36	completed	2025-03-09 15:28:46.027019
1510	1924	85.65	completed	2025-03-09 15:28:46.027019
1511	1903	260.94	canceled	2025-03-09 15:28:46.027019
1512	1830	39.53	canceled	2025-03-09 15:28:46.027019
1513	1911	75.21	pending	2025-03-09 15:28:46.027019
1514	1908	203.59	canceled	2025-03-09 15:28:46.027019
1515	1825	70.76	canceled	2025-03-09 15:28:46.027019
1516	1830	258.12	pending	2025-03-09 15:28:46.027019
1517	1885	69.11	canceled	2025-03-09 15:28:46.027019
1518	1863	328.86	canceled	2025-03-09 15:28:46.027019
1519	1866	151.79	pending	2025-03-09 15:28:46.027019
1520	1838	238.07	completed	2025-03-09 15:28:46.027019
1521	1837	196.23	canceled	2025-03-09 15:28:46.027019
1522	1893	470.65	completed	2025-03-09 15:28:46.027019
1523	1846	394.45	pending	2025-03-09 15:28:46.027019
1524	1906	385.09	pending	2025-03-09 15:28:46.027019
1525	1885	90.50	completed	2025-03-09 15:28:46.027019
1526	1865	98.19	pending	2025-03-09 15:28:46.027019
1527	1914	383.91	pending	2025-03-09 15:28:46.027019
1528	1869	196.25	completed	2025-03-09 15:28:46.027019
1529	1922	497.39	canceled	2025-03-09 15:28:46.027019
1530	1914	64.68	pending	2025-03-09 15:28:46.027019
1531	1907	280.60	pending	2025-03-09 15:28:46.027019
1532	1841	487.65	completed	2025-03-09 15:28:46.027019
1533	1891	217.78	canceled	2025-03-09 15:28:46.027019
1534	1863	285.57	canceled	2025-03-09 15:28:46.027019
1535	1897	282.57	completed	2025-03-09 15:28:46.027019
1536	1921	499.74	canceled	2025-03-09 15:28:46.027019
1537	1916	359.20	canceled	2025-03-09 15:28:46.027019
1538	1832	138.44	completed	2025-03-09 15:28:46.027019
1539	1854	222.06	completed	2025-03-09 15:28:46.027019
1540	1912	169.81	pending	2025-03-09 15:28:46.027019
1541	1832	462.02	pending	2025-03-09 15:28:46.027019
1542	1843	129.67	pending	2025-03-09 15:28:46.027019
1543	1876	231.26	canceled	2025-03-09 15:28:46.027019
1544	1882	366.76	completed	2025-03-09 15:28:46.027019
1545	1891	226.99	pending	2025-03-09 15:28:46.027019
1546	1844	26.17	pending	2025-03-09 15:28:46.027019
1547	1895	272.83	completed	2025-03-09 15:28:46.027019
1548	1884	429.63	pending	2025-03-09 15:28:46.027019
1549	1840	18.08	completed	2025-03-09 15:28:46.027019
1550	1861	321.83	completed	2025-03-09 15:28:46.027019
1551	1847	382.63	pending	2025-03-09 15:28:46.027019
1552	1866	471.42	completed	2025-03-09 15:28:46.027019
1553	1829	447.30	pending	2025-03-09 15:28:46.027019
1554	1875	31.34	completed	2025-03-09 15:28:46.027019
1555	1839	180.38	completed	2025-03-09 15:28:46.027019
1556	1872	366.47	pending	2025-03-09 15:28:46.027019
1557	1836	302.61	canceled	2025-03-09 15:28:46.027019
1558	1849	377.75	pending	2025-03-09 15:28:46.027019
1559	1886	425.45	canceled	2025-03-09 15:28:46.027019
1560	1889	409.85	pending	2025-03-09 15:28:46.027019
1561	1869	89.09	completed	2025-03-09 15:28:46.027019
1562	1901	100.06	completed	2025-03-09 15:28:46.027019
1563	1835	118.44	canceled	2025-03-09 15:28:46.027019
1564	1887	351.15	completed	2025-03-09 15:28:46.027019
1565	1883	248.50	completed	2025-03-09 15:28:46.027019
1566	1908	357.94	canceled	2025-03-09 15:28:46.027019
1567	1904	100.35	canceled	2025-03-09 15:28:46.027019
1568	1829	454.26	completed	2025-03-09 15:28:46.027019
1569	1828	120.47	canceled	2025-03-09 15:28:46.027019
1570	1830	223.92	canceled	2025-03-09 15:28:46.027019
1571	1877	389.12	canceled	2025-03-09 15:28:46.027019
1572	1899	216.33	completed	2025-03-09 15:28:46.027019
1573	1897	309.10	completed	2025-03-09 15:28:46.027019
1574	1903	404.99	canceled	2025-03-09 15:28:46.027019
1575	1853	446.89	completed	2025-03-09 15:28:46.027019
1576	1877	143.56	canceled	2025-03-09 15:28:46.027019
1577	1885	290.65	completed	2025-03-09 15:28:46.027019
1578	1905	176.57	completed	2025-03-09 15:28:46.027019
1579	1837	112.21	completed	2025-03-09 15:28:46.027019
1580	1907	196.10	completed	2025-03-09 15:28:46.027019
1581	1917	190.64	completed	2025-03-09 15:28:46.027019
1582	1851	285.40	canceled	2025-03-09 15:28:46.027019
1583	1835	233.05	canceled	2025-03-09 15:28:46.027019
1584	1829	456.82	pending	2025-03-09 15:28:46.027019
1585	1838	262.33	completed	2025-03-09 15:28:46.027019
1586	1857	210.65	completed	2025-03-09 15:28:46.027019
1587	1917	16.72	canceled	2025-03-09 15:28:46.027019
1588	1893	127.79	pending	2025-03-09 15:28:46.027019
1589	1872	189.50	canceled	2025-03-09 15:28:46.027019
1590	1857	329.63	completed	2025-03-09 15:28:46.027019
1591	1903	429.42	canceled	2025-03-09 15:28:46.027019
1592	1876	36.06	canceled	2025-03-09 15:28:46.027019
1593	1908	156.14	canceled	2025-03-09 15:28:46.027019
1594	1909	194.58	completed	2025-03-09 15:28:46.027019
1595	1832	10.53	pending	2025-03-09 15:28:46.027019
1596	1874	476.35	pending	2025-03-09 15:28:46.027019
1597	1906	13.32	completed	2025-03-09 15:28:46.027019
1598	1838	488.42	canceled	2025-03-09 15:28:46.027019
1599	1920	41.42	pending	2025-03-09 15:28:46.027019
1600	1844	135.17	completed	2025-03-09 15:28:46.027019
1601	1828	478.33	canceled	2025-03-09 15:28:46.027019
1602	1836	157.36	pending	2025-03-09 15:28:46.027019
1603	1872	455.57	completed	2025-03-09 15:28:46.027019
1604	1828	36.44	completed	2025-03-09 15:28:46.027019
1605	1847	106.71	canceled	2025-03-09 15:28:46.027019
1606	1835	194.25	pending	2025-03-09 15:28:46.027019
1607	1922	296.35	pending	2025-03-09 15:28:46.027019
1608	1828	460.92	pending	2025-03-09 15:28:46.027019
1609	1880	343.06	canceled	2025-03-09 15:28:46.027019
1610	1878	212.53	completed	2025-03-09 15:28:46.027019
1611	1842	478.63	completed	2025-03-09 15:28:46.027019
1612	1901	125.90	completed	2025-03-09 15:28:46.027019
1613	1910	335.66	completed	2025-03-09 15:28:46.027019
1614	1858	319.24	completed	2025-03-09 15:28:46.027019
1615	1897	392.66	completed	2025-03-09 15:28:46.027019
1616	1904	127.78	pending	2025-03-09 15:28:46.027019
1617	1879	106.94	canceled	2025-03-09 15:28:46.027019
1618	1910	368.68	pending	2025-03-09 15:28:46.027019
1619	1874	438.61	pending	2025-03-09 15:28:46.027019
1620	1888	323.52	pending	2025-03-09 15:28:46.027019
1621	1888	278.78	canceled	2025-03-09 15:28:46.027019
1622	1885	218.24	completed	2025-03-09 15:28:46.027019
1623	1834	159.59	completed	2025-03-09 15:28:46.027019
1624	1915	30.15	completed	2025-03-09 15:28:46.027019
1625	1836	282.98	completed	2025-03-09 15:28:46.027019
1626	1896	316.33	pending	2025-03-09 15:28:46.027019
1627	1916	16.00	pending	2025-03-09 15:28:46.027019
1628	1844	12.98	completed	2025-03-09 15:28:46.027019
1629	1869	33.44	pending	2025-03-09 15:28:46.027019
1630	1852	202.73	pending	2025-03-09 15:28:46.027019
1631	1866	287.03	completed	2025-03-09 15:28:46.027019
1632	1858	258.16	completed	2025-03-09 15:28:46.027019
1633	1898	205.90	pending	2025-03-09 15:28:46.027019
1634	1900	430.27	completed	2025-03-09 15:28:46.027019
1635	1924	25.67	canceled	2025-03-09 15:28:46.027019
1636	1866	85.54	canceled	2025-03-09 15:28:46.027019
1637	1888	277.98	completed	2025-03-09 15:28:46.027019
1638	1868	102.99	completed	2025-03-09 15:28:46.027019
1639	1833	147.29	pending	2025-03-09 15:28:46.027019
1640	1896	344.36	pending	2025-03-09 15:28:46.027019
1641	1838	130.54	canceled	2025-03-09 15:28:46.027019
1642	1832	220.54	pending	2025-03-09 15:28:46.027019
1643	1852	26.12	canceled	2025-03-09 15:28:46.027019
1644	1862	412.76	completed	2025-03-09 15:28:46.027019
1645	1870	450.05	canceled	2025-03-09 15:28:46.027019
1646	1922	364.60	canceled	2025-03-09 15:28:46.027019
1647	1894	69.72	pending	2025-03-09 15:28:46.027019
1648	1863	71.53	completed	2025-03-09 15:28:46.027019
1649	1875	357.81	canceled	2025-03-09 15:28:46.027019
1650	1864	37.50	completed	2025-03-09 15:28:46.027019
1651	1898	118.26	pending	2025-03-09 15:28:46.027019
1652	1870	75.40	canceled	2025-03-09 15:28:46.027019
1653	1853	93.04	pending	2025-03-09 15:28:46.027019
1654	1875	276.88	pending	2025-03-09 15:28:46.027019
1655	1861	290.65	pending	2025-03-09 15:28:46.027019
1656	1898	420.39	completed	2025-03-09 15:28:46.027019
1657	1835	388.95	completed	2025-03-09 15:28:46.027019
1658	1914	302.79	completed	2025-03-09 15:28:46.027019
1659	1903	57.98	completed	2025-03-09 15:28:46.027019
1660	1856	495.06	canceled	2025-03-09 15:28:46.027019
1661	1837	427.73	completed	2025-03-09 15:28:46.027019
1662	1893	43.82	completed	2025-03-09 15:28:46.027019
1663	1844	95.76	pending	2025-03-09 15:28:46.027019
1664	1829	97.08	pending	2025-03-09 15:28:46.027019
1665	1899	353.01	completed	2025-03-09 15:28:46.027019
1666	1871	463.60	completed	2025-03-09 15:28:46.027019
1667	1908	84.70	completed	2025-03-09 15:28:46.027019
1668	1839	57.90	pending	2025-03-09 15:28:46.027019
1669	1899	100.22	canceled	2025-03-09 15:28:46.027019
1670	1869	288.90	completed	2025-03-09 15:28:46.027019
1671	1902	486.37	pending	2025-03-09 15:28:46.027019
1672	1915	466.10	canceled	2025-03-09 15:28:46.027019
1673	1858	241.58	pending	2025-03-09 15:28:46.027019
1674	1888	334.84	canceled	2025-03-09 15:28:46.027019
1675	1921	145.38	pending	2025-03-09 15:28:46.027019
1676	1869	321.28	canceled	2025-03-09 15:28:46.027019
1677	1880	357.54	pending	2025-03-09 15:28:46.027019
1678	1852	289.42	completed	2025-03-09 15:28:46.027019
1679	1863	267.71	canceled	2025-03-09 15:28:46.027019
1680	1878	376.83	canceled	2025-03-09 15:28:46.027019
1681	1871	414.89	canceled	2025-03-09 15:28:46.027019
1682	1869	79.89	canceled	2025-03-09 15:28:46.027019
1683	1859	211.06	canceled	2025-03-09 15:28:46.027019
1684	1904	57.32	canceled	2025-03-09 15:28:46.027019
1685	1898	250.90	pending	2025-03-09 15:28:46.027019
1686	1901	230.16	completed	2025-03-09 15:28:46.027019
1687	1851	197.33	canceled	2025-03-09 15:28:46.027019
1688	1896	84.04	completed	2025-03-09 15:28:46.027019
1689	1894	174.60	canceled	2025-03-09 15:28:46.027019
1690	1868	302.68	canceled	2025-03-09 15:28:46.027019
1691	1906	477.21	canceled	2025-03-09 15:28:46.027019
1692	1904	112.61	completed	2025-03-09 15:28:46.027019
1693	1865	401.46	completed	2025-03-09 15:28:46.027019
1694	1855	344.19	pending	2025-03-09 15:28:46.027019
1695	1848	248.93	canceled	2025-03-09 15:28:46.027019
1696	1921	423.47	completed	2025-03-09 15:28:46.027019
1697	1870	336.68	canceled	2025-03-09 15:28:46.027019
1698	1843	92.63	canceled	2025-03-09 15:28:46.027019
1699	1917	104.79	canceled	2025-03-09 15:28:46.027019
1700	1905	277.54	completed	2025-03-09 15:28:46.027019
1701	1871	382.44	pending	2025-03-09 15:28:46.027019
1702	1895	444.20	pending	2025-03-09 15:28:46.027019
1703	1871	355.15	canceled	2025-03-09 15:28:46.027019
1704	1924	436.76	pending	2025-03-09 15:28:46.027019
1705	1832	290.90	canceled	2025-03-09 15:28:46.027019
1706	1881	205.15	completed	2025-03-09 15:28:46.027019
1707	1856	204.94	canceled	2025-03-09 15:28:46.027019
1708	1920	334.60	canceled	2025-03-09 15:28:46.027019
1709	1898	62.81	completed	2025-03-09 15:28:46.027019
1710	1908	270.17	canceled	2025-03-09 15:28:46.027019
1711	1829	245.18	pending	2025-03-09 15:28:46.027019
1712	1909	33.72	completed	2025-03-09 15:28:46.027019
1713	1827	499.05	completed	2025-03-09 15:28:46.027019
1714	1850	150.24	completed	2025-03-09 15:28:46.027019
1715	1917	167.97	canceled	2025-03-09 15:28:46.027019
1716	1915	221.01	pending	2025-03-09 15:28:46.027019
1717	1893	313.69	completed	2025-03-09 15:28:46.027019
1718	1855	444.60	canceled	2025-03-09 15:28:46.027019
1719	1876	206.30	completed	2025-03-09 15:28:46.027019
1720	1838	171.09	canceled	2025-03-09 15:28:46.027019
1721	1832	383.06	canceled	2025-03-09 15:28:46.027019
1722	1891	382.06	completed	2025-03-09 15:28:46.027019
1723	1861	336.68	canceled	2025-03-09 15:28:46.027019
1724	1915	435.71	canceled	2025-03-09 15:28:46.027019
1725	1884	141.94	pending	2025-03-09 15:28:46.027019
1726	1829	184.31	pending	2025-03-09 15:28:46.027019
1727	1836	307.22	pending	2025-03-09 15:28:46.027019
1728	1900	80.48	pending	2025-03-09 15:28:46.027019
1729	1849	476.47	canceled	2025-03-09 15:28:46.027019
1730	1883	102.12	completed	2025-03-09 15:28:46.027019
1731	1884	410.37	pending	2025-03-09 15:28:46.027019
1732	1849	414.01	canceled	2025-03-09 15:28:46.027019
1733	1884	330.81	canceled	2025-03-09 15:28:46.027019
1734	1843	277.92	pending	2025-03-09 15:28:46.027019
1735	1875	112.60	completed	2025-03-09 15:28:46.027019
1736	1897	163.59	canceled	2025-03-09 15:28:46.027019
1737	1874	221.17	pending	2025-03-09 15:28:46.027019
1738	1904	150.22	completed	2025-03-09 15:28:46.027019
1739	1856	248.39	canceled	2025-03-09 15:28:46.027019
1740	1847	56.57	pending	2025-03-09 15:28:46.027019
1741	1879	353.76	completed	2025-03-09 15:28:46.027019
1742	1884	200.70	canceled	2025-03-09 15:28:46.027019
1743	1874	154.84	completed	2025-03-09 15:28:46.027019
1744	1857	372.07	completed	2025-03-09 15:28:46.027019
1745	1893	359.92	canceled	2025-03-09 15:28:46.027019
1746	1853	177.59	pending	2025-03-09 15:28:46.027019
1747	1857	228.34	canceled	2025-03-09 15:28:46.027019
1748	1885	276.04	canceled	2025-03-09 15:28:46.027019
1749	1846	26.16	completed	2025-03-09 15:28:46.027019
1750	1865	220.84	completed	2025-03-09 15:28:46.027019
1751	1899	139.49	completed	2025-03-09 15:28:46.027019
1752	1828	311.81	completed	2025-03-09 15:28:46.027019
1753	1871	311.03	completed	2025-03-09 15:28:46.027019
1754	1912	117.77	completed	2025-03-09 15:28:46.027019
1755	1879	389.21	completed	2025-03-09 15:28:46.027019
1756	1872	216.12	canceled	2025-03-09 15:28:46.027019
1757	1885	72.91	pending	2025-03-09 15:28:46.027019
1758	1837	251.52	completed	2025-03-09 15:28:46.027019
1759	1887	261.77	pending	2025-03-09 15:28:46.027019
1760	1871	342.85	pending	2025-03-09 15:28:46.027019
1761	1890	201.40	pending	2025-03-09 15:28:46.027019
1762	1865	310.48	completed	2025-03-09 15:28:46.027019
1763	1889	311.72	completed	2025-03-09 15:28:46.027019
1764	1841	297.56	pending	2025-03-09 15:28:46.027019
1765	1924	475.18	pending	2025-03-09 15:28:46.027019
1766	1898	285.61	pending	2025-03-09 15:28:46.027019
1767	1857	133.64	canceled	2025-03-09 15:28:46.027019
1768	1884	85.94	completed	2025-03-09 15:28:46.027019
1769	1873	58.88	completed	2025-03-09 15:28:46.027019
1770	1894	207.19	canceled	2025-03-09 15:28:46.027019
1771	1900	87.92	completed	2025-03-09 15:28:46.027019
1772	1842	93.62	pending	2025-03-09 15:28:46.027019
1773	1912	435.17	completed	2025-03-09 15:28:46.027019
1774	1900	467.79	canceled	2025-03-09 15:28:46.027019
1775	1838	338.90	completed	2025-03-09 15:28:46.027019
1776	1907	30.00	pending	2025-03-09 15:28:46.027019
1777	1832	175.13	completed	2025-03-09 15:28:46.027019
1778	1892	312.47	canceled	2025-03-09 15:28:46.027019
1779	1836	322.77	canceled	2025-03-09 15:28:46.027019
1780	1864	10.26	completed	2025-03-09 15:28:46.027019
1781	1907	87.70	pending	2025-03-09 15:28:46.027019
1782	1838	251.08	canceled	2025-03-09 15:28:46.027019
1783	1885	226.84	canceled	2025-03-09 15:28:46.027019
1784	1852	230.44	completed	2025-03-09 15:28:46.027019
1785	1889	83.90	pending	2025-03-09 15:28:46.027019
1786	1870	201.13	pending	2025-03-09 15:28:46.027019
1787	1844	112.17	canceled	2025-03-09 15:28:46.027019
1788	1831	193.63	canceled	2025-03-09 15:28:46.027019
1789	1850	293.27	canceled	2025-03-09 15:28:46.027019
1790	1865	101.39	canceled	2025-03-09 15:28:46.027019
1791	1905	194.78	pending	2025-03-09 15:28:46.027019
1792	1848	86.53	pending	2025-03-09 15:28:46.027019
1793	1869	46.19	canceled	2025-03-09 15:28:46.027019
1794	1832	118.04	completed	2025-03-09 15:28:46.027019
1795	1830	139.22	pending	2025-03-09 15:28:46.027019
1796	1890	426.81	completed	2025-03-09 15:28:46.027019
1797	1906	98.96	pending	2025-03-09 15:28:46.027019
1798	1872	65.09	canceled	2025-03-09 15:28:46.027019
1799	1886	436.85	completed	2025-03-09 15:28:46.027019
1800	1883	17.59	pending	2025-03-09 15:28:46.027019
1801	1910	184.58	completed	2025-03-09 15:28:46.027019
1802	1867	279.19	pending	2025-03-09 15:28:46.027019
1803	1864	431.56	canceled	2025-03-09 15:28:46.027019
1804	1859	115.83	canceled	2025-03-09 15:28:46.027019
1805	1848	235.11	completed	2025-03-09 15:28:46.027019
1806	1882	211.99	canceled	2025-03-09 15:28:46.027019
1807	1838	432.21	pending	2025-03-09 15:28:46.027019
1808	1905	139.60	pending	2025-03-09 15:28:46.027019
1809	1923	421.99	canceled	2025-03-09 15:28:46.027019
1810	1915	141.73	completed	2025-03-09 15:28:46.027019
1811	1876	47.70	canceled	2025-03-09 15:28:46.027019
1812	1900	209.77	canceled	2025-03-09 15:28:46.027019
1813	1851	48.75	pending	2025-03-09 15:28:46.027019
1814	1868	305.44	completed	2025-03-09 15:28:46.027019
1815	1854	22.07	canceled	2025-03-09 15:28:46.027019
1816	1893	200.39	pending	2025-03-09 15:28:46.027019
1817	1857	332.26	canceled	2025-03-09 15:28:46.027019
1818	1877	267.99	pending	2025-03-09 15:28:46.027019
1819	1910	306.38	pending	2025-03-09 15:28:46.027019
1820	1859	226.79	canceled	2025-03-09 15:28:46.027019
1821	1866	382.32	completed	2025-03-09 15:28:46.027019
1822	1898	125.07	pending	2025-03-09 15:28:46.027019
1823	1880	131.52	canceled	2025-03-09 15:28:46.027019
1824	1850	359.82	canceled	2025-03-09 15:28:46.027019
1825	1887	67.78	pending	2025-03-09 15:28:46.027019
1826	1869	395.33	canceled	2025-03-09 15:28:46.027019
1827	1864	314.42	pending	2025-03-09 15:28:46.027019
1828	1918	77.16	canceled	2025-03-09 15:28:46.027019
1829	1827	357.29	completed	2025-03-09 15:28:46.027019
1830	1909	165.68	completed	2025-03-09 15:28:46.027019
1831	1844	13.72	canceled	2025-03-09 15:28:46.027019
1832	1831	349.09	canceled	2025-03-09 15:28:46.027019
1833	1889	268.52	pending	2025-03-09 15:28:46.027019
1834	1905	70.44	pending	2025-03-09 15:28:46.027019
1835	1910	231.92	completed	2025-03-09 15:28:46.027019
1836	1913	490.17	canceled	2025-03-09 15:28:46.027019
1837	1854	425.14	pending	2025-03-09 15:28:46.027019
1838	1918	467.21	completed	2025-03-09 15:28:46.027019
1839	1850	54.90	pending	2025-03-09 15:28:46.027019
1840	1843	64.10	pending	2025-03-09 15:28:46.027019
1841	1863	247.43	canceled	2025-03-09 15:28:46.027019
1842	1908	61.46	completed	2025-03-09 15:28:46.027019
1843	1869	481.55	pending	2025-03-09 15:28:46.027019
1844	1899	212.37	canceled	2025-03-09 15:28:46.027019
1845	1916	348.13	canceled	2025-03-09 15:28:46.027019
1846	1909	241.72	pending	2025-03-09 15:28:46.027019
1847	1838	292.25	canceled	2025-03-09 15:28:46.027019
1848	1846	169.00	completed	2025-03-09 15:28:46.027019
1849	1902	260.51	pending	2025-03-09 15:28:46.027019
1850	1880	37.43	completed	2025-03-09 15:28:46.027019
1851	1901	225.03	completed	2025-03-09 15:28:46.027019
1852	1897	173.29	pending	2025-03-09 15:28:46.027019
1853	1910	283.83	completed	2025-03-09 15:28:46.027019
1854	1835	53.83	pending	2025-03-09 15:28:46.027019
1855	1847	440.92	completed	2025-03-09 15:28:46.027019
1856	1915	204.94	pending	2025-03-09 15:28:46.027019
1857	1863	396.37	pending	2025-03-09 15:28:46.027019
1858	1862	126.50	canceled	2025-03-09 15:28:46.027019
1859	1871	174.15	pending	2025-03-09 15:28:46.027019
1860	1884	413.83	completed	2025-03-09 15:28:46.027019
1861	1897	288.30	completed	2025-03-09 15:28:46.027019
1862	1844	217.99	pending	2025-03-09 15:28:46.027019
1863	1829	478.28	canceled	2025-03-09 15:28:46.027019
1864	1897	402.57	completed	2025-03-09 15:28:46.027019
1865	1885	227.54	canceled	2025-03-09 15:28:46.027019
1866	1842	213.06	canceled	2025-03-09 15:28:46.027019
1867	1827	178.39	pending	2025-03-09 15:28:46.027019
1868	1826	332.73	pending	2025-03-09 15:28:46.027019
1869	1865	265.15	canceled	2025-03-09 15:28:46.027019
1870	1889	177.65	completed	2025-03-09 15:28:46.027019
1871	1836	286.49	completed	2025-03-09 15:28:46.027019
1872	1893	154.89	pending	2025-03-09 15:28:46.027019
1873	1908	89.55	canceled	2025-03-09 15:28:46.027019
1874	1833	113.44	pending	2025-03-09 15:28:46.027019
1875	1888	85.39	completed	2025-03-09 15:28:46.027019
1876	1895	378.48	canceled	2025-03-09 15:28:46.027019
1877	1877	230.19	canceled	2025-03-09 15:28:46.027019
1878	1924	70.33	pending	2025-03-09 15:28:46.027019
1879	1852	472.78	canceled	2025-03-09 15:28:46.027019
1880	1881	294.03	pending	2025-03-09 15:28:46.027019
1881	1876	172.76	completed	2025-03-09 15:28:46.027019
1882	1903	30.34	completed	2025-03-09 15:28:46.027019
1883	1843	399.12	canceled	2025-03-09 15:28:46.027019
1884	1893	432.62	pending	2025-03-09 15:28:46.027019
1885	1866	178.51	completed	2025-03-09 15:28:46.027019
1886	1913	206.41	completed	2025-03-09 15:28:46.027019
1887	1868	17.72	pending	2025-03-09 15:28:46.027019
1888	1869	240.57	pending	2025-03-09 15:28:46.027019
1889	1863	298.10	canceled	2025-03-09 15:28:46.027019
1890	1832	274.78	pending	2025-03-09 15:28:46.027019
1891	1837	358.67	canceled	2025-03-09 15:28:46.027019
1892	1830	227.39	pending	2025-03-09 15:28:46.027019
1893	1917	175.91	pending	2025-03-09 15:28:46.027019
1894	1889	385.00	pending	2025-03-09 15:28:46.027019
1895	1862	399.01	completed	2025-03-09 15:28:46.027019
1896	1851	205.69	pending	2025-03-09 15:28:46.027019
1897	1842	13.77	completed	2025-03-09 15:28:46.027019
1898	1848	280.59	completed	2025-03-09 15:28:46.027019
1899	1825	264.97	canceled	2025-03-09 15:28:46.027019
1900	1892	390.49	canceled	2025-03-09 15:28:46.027019
1901	1857	199.55	canceled	2025-03-09 15:28:46.027019
1902	1854	438.21	canceled	2025-03-09 15:28:46.027019
1903	1911	305.97	completed	2025-03-09 15:28:46.027019
1904	1835	274.99	completed	2025-03-09 15:28:46.027019
1905	1869	403.21	pending	2025-03-09 15:28:46.027019
1906	1882	364.84	pending	2025-03-09 15:28:46.027019
1907	1867	332.56	canceled	2025-03-09 15:28:46.027019
1908	1897	149.26	canceled	2025-03-09 15:28:46.027019
1909	1857	338.76	canceled	2025-03-09 15:28:46.027019
1910	1833	313.13	canceled	2025-03-09 15:28:46.027019
1911	1870	357.43	canceled	2025-03-09 15:28:46.027019
1912	1856	426.85	pending	2025-03-09 15:28:46.027019
1913	1857	335.04	canceled	2025-03-09 15:28:46.027019
1914	1869	82.70	canceled	2025-03-09 15:28:46.027019
1915	1863	222.08	pending	2025-03-09 15:28:46.027019
1916	1883	280.05	pending	2025-03-09 15:28:46.027019
1917	1886	349.57	canceled	2025-03-09 15:28:46.027019
1918	1924	478.44	completed	2025-03-09 15:28:46.027019
1919	1922	437.40	completed	2025-03-09 15:28:46.027019
1920	1837	197.47	pending	2025-03-09 15:28:46.027019
1921	1905	42.59	pending	2025-03-09 15:28:46.027019
1922	1840	280.93	completed	2025-03-09 15:28:46.027019
1923	1917	318.17	completed	2025-03-09 15:28:46.027019
1924	1845	147.07	canceled	2025-03-09 15:28:46.027019
1925	1910	234.54	canceled	2025-03-09 15:28:46.027019
1926	1863	50.11	completed	2025-03-09 15:28:46.027019
1927	1924	141.92	pending	2025-03-09 15:28:46.027019
1928	1828	14.96	pending	2025-03-09 15:28:46.027019
1929	1886	401.73	canceled	2025-03-09 15:28:46.027019
1930	1916	479.60	pending	2025-03-09 15:28:46.027019
1931	1852	259.08	pending	2025-03-09 15:28:46.027019
1932	1901	230.27	completed	2025-03-09 15:28:46.027019
1933	1886	74.02	completed	2025-03-09 15:28:46.027019
1934	1885	163.42	canceled	2025-03-09 15:28:46.027019
1935	1923	200.47	canceled	2025-03-09 15:28:46.027019
1936	1847	162.89	pending	2025-03-09 15:28:46.027019
1937	1825	394.50	completed	2025-03-09 15:28:46.027019
1938	1850	336.93	canceled	2025-03-09 15:28:46.027019
1939	1840	431.70	completed	2025-03-09 15:28:46.027019
1940	1910	491.85	completed	2025-03-09 15:28:46.027019
1941	1854	429.84	canceled	2025-03-09 15:28:46.027019
1942	1924	274.78	canceled	2025-03-09 15:28:46.027019
1943	1855	428.47	completed	2025-03-09 15:28:46.027019
1944	1826	81.85	canceled	2025-03-09 15:28:46.027019
1945	1874	379.81	pending	2025-03-09 15:28:46.027019
1946	1873	52.69	completed	2025-03-09 15:28:46.027019
1947	1875	475.88	pending	2025-03-09 15:28:46.027019
1948	1908	300.44	pending	2025-03-09 15:28:46.027019
1949	1906	173.12	pending	2025-03-09 15:28:46.027019
1950	1897	379.19	completed	2025-03-09 15:28:46.027019
1951	1914	120.62	canceled	2025-03-09 15:28:46.027019
1952	1889	22.18	pending	2025-03-09 15:28:46.027019
1953	1894	186.63	completed	2025-03-09 15:28:46.027019
1954	1830	367.11	canceled	2025-03-09 15:28:46.027019
1955	1833	498.29	canceled	2025-03-09 15:28:46.027019
1956	1853	221.61	completed	2025-03-09 15:28:46.027019
1957	1866	394.39	completed	2025-03-09 15:28:46.027019
1958	1870	345.65	canceled	2025-03-09 15:28:46.027019
1959	1842	373.76	completed	2025-03-09 15:28:46.027019
1960	1868	316.06	pending	2025-03-09 15:28:46.027019
1961	1841	462.83	completed	2025-03-09 15:28:46.027019
1962	1894	265.25	canceled	2025-03-09 15:28:46.027019
1963	1833	392.17	completed	2025-03-09 15:28:46.027019
1964	1919	203.36	completed	2025-03-09 15:28:46.027019
1965	1830	466.35	completed	2025-03-09 15:28:46.027019
1966	1870	189.41	canceled	2025-03-09 15:28:46.027019
1967	1866	489.56	canceled	2025-03-09 15:28:46.027019
1968	1919	58.07	pending	2025-03-09 15:28:46.027019
1969	1874	52.58	canceled	2025-03-09 15:28:46.027019
1970	1884	200.05	canceled	2025-03-09 15:28:46.027019
1971	1841	395.49	canceled	2025-03-09 15:28:46.027019
1972	1875	272.43	canceled	2025-03-09 15:28:46.027019
1973	1858	302.88	canceled	2025-03-09 15:28:46.027019
1974	1874	64.42	canceled	2025-03-09 15:28:46.027019
1975	1884	406.04	completed	2025-03-09 15:28:46.027019
1976	1920	320.51	canceled	2025-03-09 15:28:46.027019
1977	1856	243.28	pending	2025-03-09 15:28:46.027019
1978	1870	184.89	canceled	2025-03-09 15:28:46.027019
1979	1869	85.94	canceled	2025-03-09 15:28:46.027019
1980	1873	258.45	completed	2025-03-09 15:28:46.027019
1981	1910	397.55	canceled	2025-03-09 15:28:46.027019
1982	1854	121.09	pending	2025-03-09 15:28:46.027019
1983	1906	201.71	completed	2025-03-09 15:28:46.027019
1984	1921	311.22	pending	2025-03-09 15:28:46.027019
1985	1846	240.16	canceled	2025-03-09 15:28:46.027019
1986	1871	484.43	completed	2025-03-09 15:28:46.027019
1987	1861	315.71	pending	2025-03-09 15:28:46.027019
1988	1827	213.77	canceled	2025-03-09 15:28:46.027019
1989	1919	393.52	canceled	2025-03-09 15:28:46.027019
1990	1850	383.02	completed	2025-03-09 15:28:46.027019
1991	1840	400.90	canceled	2025-03-09 15:28:46.027019
1992	1906	237.84	pending	2025-03-09 15:28:46.027019
1993	1909	54.99	canceled	2025-03-09 15:28:46.027019
1994	1861	373.86	pending	2025-03-09 15:28:46.027019
1995	1887	385.50	canceled	2025-03-09 15:28:46.027019
1996	1833	318.58	canceled	2025-03-09 15:28:46.027019
1997	1869	49.60	canceled	2025-03-09 15:28:46.027019
1998	1877	88.95	pending	2025-03-09 15:28:46.027019
1999	1840	332.58	completed	2025-03-09 15:28:46.027019
2000	1898	53.10	pending	2025-03-09 15:28:46.027019
2001	1918	91.29	completed	2025-03-09 15:28:46.027019
2002	1862	74.27	canceled	2025-03-09 15:28:46.027019
2003	1897	419.31	canceled	2025-03-09 15:28:46.027019
2004	1892	285.39	completed	2025-03-09 15:28:46.027019
2005	1863	390.38	completed	2025-03-09 15:28:46.027019
2006	1898	482.39	completed	2025-03-09 15:28:46.027019
2007	1879	23.74	canceled	2025-03-09 15:28:46.027019
2008	1915	174.18	canceled	2025-03-09 15:28:46.027019
2009	1839	26.87	canceled	2025-03-09 15:28:46.027019
2010	1911	143.76	canceled	2025-03-09 15:28:46.027019
2011	1917	117.90	pending	2025-03-09 15:28:46.027019
2012	1829	215.80	pending	2025-03-09 15:28:46.027019
2013	1916	78.72	completed	2025-03-09 15:28:46.027019
2014	1829	421.36	pending	2025-03-09 15:28:46.027019
2015	1849	317.67	completed	2025-03-09 15:28:46.027019
2016	1844	82.40	pending	2025-03-09 15:28:46.027019
2017	1827	446.09	completed	2025-03-09 15:28:46.027019
2018	1851	87.55	completed	2025-03-09 15:28:46.027019
2019	1852	385.63	completed	2025-03-09 15:28:46.027019
2020	1866	56.88	completed	2025-03-09 15:28:46.027019
2021	1923	338.04	canceled	2025-03-09 15:28:46.027019
2022	1903	385.65	completed	2025-03-09 15:28:46.027019
2023	1863	384.91	completed	2025-03-09 15:28:46.027019
2024	1860	388.14	canceled	2025-03-09 15:28:46.027019
2025	1910	175.00	pending	2025-03-09 15:28:46.027019
2026	1868	454.63	pending	2025-03-09 15:28:46.027019
2027	1871	282.78	pending	2025-03-09 15:28:46.027019
2028	1892	318.61	pending	2025-03-09 15:28:46.027019
2029	1873	327.50	pending	2025-03-09 15:28:46.027019
2030	1914	262.50	completed	2025-03-09 15:28:46.027019
2031	1865	193.06	pending	2025-03-09 15:28:46.027019
2032	1866	353.80	canceled	2025-03-09 15:28:46.027019
2033	1886	84.29	pending	2025-03-09 15:28:46.027019
2034	1864	463.15	pending	2025-03-09 15:28:46.027019
2035	1843	355.66	completed	2025-03-09 15:28:46.027019
2036	1834	486.68	completed	2025-03-09 15:28:46.027019
2037	1881	102.69	canceled	2025-03-09 15:28:46.027019
2038	1847	31.39	completed	2025-03-09 15:28:46.027019
2039	1828	157.29	canceled	2025-03-09 15:28:46.027019
2040	1857	70.67	canceled	2025-03-09 15:28:46.027019
2041	1902	158.08	canceled	2025-03-09 15:28:46.027019
2042	1831	361.96	completed	2025-03-09 15:28:46.027019
2043	1866	44.70	completed	2025-03-09 15:28:46.027019
2044	1868	315.32	completed	2025-03-09 15:28:46.027019
2045	1895	391.54	canceled	2025-03-09 15:28:46.027019
2046	1879	225.25	pending	2025-03-09 15:28:46.027019
2047	1918	158.05	completed	2025-03-09 15:28:46.027019
2048	1838	84.68	canceled	2025-03-09 15:28:46.027019
2049	1897	471.02	completed	2025-03-09 15:28:46.027019
2050	1836	119.51	pending	2025-03-09 15:28:46.027019
2051	1872	266.89	canceled	2025-03-09 15:28:46.027019
2052	1882	156.94	pending	2025-03-09 15:28:46.027019
2053	1878	409.98	canceled	2025-03-09 15:28:46.027019
2054	1862	348.90	pending	2025-03-09 15:28:46.027019
2055	1896	226.67	canceled	2025-03-09 15:28:46.027019
2056	1854	438.57	canceled	2025-03-09 15:28:46.027019
2057	1901	348.58	canceled	2025-03-09 15:28:46.027019
2058	1915	455.72	canceled	2025-03-09 15:28:46.027019
2059	1908	181.82	canceled	2025-03-09 15:28:46.027019
2060	1867	222.38	pending	2025-03-09 15:28:46.027019
2061	1919	91.35	completed	2025-03-09 15:28:46.027019
2062	1926	130.73	completed	2025-03-10 15:35:21.880249
2063	1926	130.73	completed	2025-03-10 15:35:36.330017
2064	1	130.73	completed	2025-03-10 15:35:43.525808
2065	5	150.00	completed	2025-03-10 15:36:07.164294
2066	1926	500.00	completed	2025-03-10 16:06:34.109083
2067	1926	1000.00	completed	2025-03-10 16:12:19.753901
2068	1926	1000.00	completed	2025-03-10 16:12:42.883392
2069	1926	1000.00	completed	2025-03-10 16:13:39.087166
2070	1926	2000.00	completed	2025-03-10 16:22:36.314808
2071	1926	5000.00	completed	2025-03-10 16:46:08.289739
2074	1926	3000.00	completed	2025-03-10 16:50:33.100271
2075	1926	3000.00	completed	2025-03-10 16:51:14.382566
2082	1926	2500.00	completed	2025-03-10 17:02:14.609688
2083	1	512.00	completed	2025-03-10 17:05:34.732902
2084	1	1520.00	completed	2025-03-10 17:05:59.404681
2085	1	2501.00	completed	2025-03-10 17:07:47.148323
2086	1	150.00	completed	2025-03-10 17:09:14.801716
2087	1926	12000.00	completed	2025-03-11 10:22:32.281681
2089	1	3200.00	completed	2025-03-11 10:24:17.263377
2090	1	7300.00	pending	2025-03-11 10:33:35.226771
2093	1	320.00	completed	2025-03-11 11:05:31.223373
2094	1	320.00	canceled	2025-03-11 11:40:59.19498
2095	1	80000.00	canceled	2025-03-11 16:18:45.026452
2096	1	2500.00	pending	2025-03-12 11:02:06.950117
2097	1	510.00	pending	2025-03-12 11:51:44.965263
2098	1	1235.00	pending	2025-03-12 12:46:03.333685
2099	1	2.00	canceled	2025-03-12 13:16:14.582471
2100	1	250.00	pending	2025-03-12 15:34:02.517553
2101	1	200.00	pending	2025-03-15 16:23:00.635211
2102	1	200.00	completed	2025-03-15 16:23:08.882844
2103	1	200.00	completed	2025-03-15 16:23:12.195936
2104	1	200.00	completed	2025-03-15 16:23:41.422645
2105	1	200.00	completed	2025-03-15 16:23:56.615983
2106	1	200.00	pending	2025-03-15 16:25:25.528969
2107	1	200.00	pending	2025-03-15 16:26:23.652093
2108	1	200.00	pending	2025-03-15 16:27:22.794285
2109	1	200.00	pending	2025-03-15 16:27:43.362234
2110	1	200.00	pending	2025-03-15 16:28:05.794606
2111	1	200.00	pending	2025-03-15 16:29:00.644817
2112	1	200.00	pending	2025-03-15 16:29:33.521515
2113	1	200.00	pending	2025-03-15 16:29:59.129402
2114	1	500.00	pending	2025-03-15 16:31:14.087546
2115	1	200.00	completed	2025-03-15 16:31:47.903957
2116	1	200.00	canceled	2025-03-15 16:38:49.231187
2117	1	300.00	pending	2025-03-15 16:40:31.88485
2118	1	200.00	completed	2025-03-15 16:40:38.10794
2119	1969	1000.00	pending	2025-03-17 16:02:42.71643
2120	1969	1000.00	pending	2025-03-17 16:03:20.919231
2121	1	19.99	pending	2025-03-18 11:17:31.032085
2122	1	19.99	pending	2025-03-18 11:18:19.301287
2123	1	349.97	completed	2025-03-18 11:18:59.318766
2124	1	19.99	completed	2025-03-18 11:32:35.672352
2125	1	549.99	pending	2025-03-18 11:37:33.457715
2126	1	1779.96	completed	2025-03-18 15:14:52.701273
\.


--
-- TOC entry 4829 (class 0 OID 25117)
-- Dependencies: 222
-- Data for Name: products; Type: TABLE DATA; Schema: public; Owner: postgres
--

COPY public.products (id, name, category, price, stock) FROM stdin;
1	Wireless Mouse	Electronics	25.99	120
2	Mechanical Keyboard	Electronics	89.99	75
3	USB-C Charger	Electronics	15.99	200
4	Laptop Stand	Office	34.99	50
5	Noise-Canceling Headphones	Electronics	129.99	30
6	Yoga Mat	Fitness	22.99	80
7	Running Shoes	Footwear	55.99	60
8	Bluetooth Speaker	Electronics	49.99	90
9	Smartwatch	Wearable Tech	199.99	40
10	Gaming Chair	Furniture	189.99	20
11	Coffee Maker	Kitchen	79.99	110
12	Air Fryer	Kitchen	99.99	50
13	LED Desk Lamp	Office	27.99	85
14	Power Bank 20000mAh	Electronics	39.99	150
15	DSLR Camera	Photography	549.99	15
16	Hiking Backpack	Outdoor	64.99	40
17	Adjustable Dumbbells	Fitness	129.99	35
18	Graphic Tablet	Electronics	219.99	25
19	4K Monitor	Electronics	299.99	30
20	VR Headset	Gaming	399.99	10
21	Electric Toothbrush	Personal Care	49.99	95
22	Beard Trimmer	Personal Care	29.99	120
23	Smart Light Bulb	Home Automation	19.99	140
24	Home Security Camera	Home Automation	89.99	55
25	Portable Projector	Electronics	249.99	20
\.


--
-- TOC entry 4825 (class 0 OID 25083)
-- Dependencies: 218
-- Data for Name: users; Type: TABLE DATA; Schema: public; Owner: postgres
--

COPY public.users (id, username, email, password_hash, created_at) FROM stdin;
1	john_doe	john@example.com	hashed_password	2025-03-09 15:14:27.268254
2	dmiller	frank57@example.net	hpxs9ChUQ2	2025-03-09 15:20:55.397754
3	sethtucker	brittany47@example.com	nVb63KGo3V	2025-03-09 15:20:55.397754
4	martinezdonald	clarkryan@example.net	uDDNch5zn0	2025-03-09 15:20:55.397754
5	travis44	oneilllisa@example.org	AB9yXIX2hK	2025-03-09 15:20:55.397754
6	mccoymorgan	joanna98@example.net	4NOXffhgfc	2025-03-09 15:20:55.397754
7	ubrown	kenneth93@example.net	nrFNEZIUy5	2025-03-09 15:20:55.397754
8	ltodd	natalie29@example.com	Zb7TgDSlrP	2025-03-09 15:20:55.397754
9	lroberts	ydavis@example.org	AOUrCv7xzw	2025-03-09 15:20:55.397754
10	dunlapsandra	amy35@example.net	VlJdBMciXc	2025-03-09 15:20:55.397754
11	xdonovan	david46@example.org	b2wKgYcIN8	2025-03-09 15:20:55.397754
425	bnelson	alexander70@example.com	2YiZMfgBHI	2025-03-09 15:25:50.59417
426	whitegregory	mallory37@example.net	DPAgHi3kPT	2025-03-09 15:25:50.59417
427	vancedonald	alvaradomichael@example.org	pFZrMGbb6g	2025-03-09 15:25:50.59417
428	katherine28	johnsonmarie@example.com	oAGshCA4Gx	2025-03-09 15:25:50.59417
429	nathan09	tricia53@example.com	dIW24ln7Jp	2025-03-09 15:25:50.59417
430	michael47	kimberly55@example.com	VUyNBBmdx5	2025-03-09 15:25:50.59417
431	ryanwest	athompson@example.net	VWOUYZbCGm	2025-03-09 15:25:50.59417
432	jamie35	juliabailey@example.net	tfM3ZbUTDN	2025-03-09 15:25:50.59417
433	kathleen34	moorejohn@example.com	6EesIiB9hO	2025-03-09 15:25:50.59417
434	wardrenee	mbarron@example.org	5OU0aKbZfd	2025-03-09 15:25:50.59417
435	michaelfox	hughesmakayla@example.net	Hpn5HYND5q	2025-03-09 15:26:02.174407
436	tommy40	matthew55@example.com	ZdVnLGncMz	2025-03-09 15:26:02.174407
437	jonesnoah	woodserin@example.com	vMnpCPjSkY	2025-03-09 15:26:02.174407
438	davisjohn	johnstonrichard@example.com	SbiQkAJ3ys	2025-03-09 15:26:02.174407
439	gillamanda	amanda84@example.net	aDORMbC7AB	2025-03-09 15:26:02.174407
440	obutler	jennifer95@example.net	YzcNzHqq1D	2025-03-09 15:26:02.174407
441	gdean	johnny88@example.net	PCuYvbHZFY	2025-03-09 15:26:02.174407
442	robert17	ellisjessica@example.com	gPbEAU9hk3	2025-03-09 15:26:02.174407
443	jennifer97	raymondmurphy@example.com	vYgYtuNrbD	2025-03-09 15:26:02.174407
444	danafigueroa	qlamb@example.org	seFyxksH2v	2025-03-09 15:26:02.174407
925	stephenmcintyre	timothywalker@example.net	3LgkfOmmC9gaXQ7TqP7NvXy5QFNNlz91rSCe0QDyW6iTWjmX55XWJrrYo8vapRJNQuWhhM7nq4rVo1hD	2025-03-09 15:28:46.027019
926	kevin75	briananderson@example.com	3ghCfxox6eLnQtTNtb4uXwMlPaXgEazaWR0iLNwk1gyT20B5wG7V3MnURrVjxXJcaMKiL0Mj71RmSSt8	2025-03-09 15:28:46.027019
927	mrichmond	mblair@example.net	Ukfavsl3wsHTHRNPHRhayZr6uTSvqYpyrChoqxBInHXogQbCR3upg7i1sGNv2EOSXMVrDLCVeL3fH9JG	2025-03-09 15:28:46.027019
928	ejones	byrdlaura@example.org	rMNvqm6rR9QCvHJA2Y4ETIlxo1a8eN36ljH5AFyzh18lUTaeQEdZThHh6iVQ7gzht6902ysBSvFW7THT	2025-03-09 15:28:46.027019
929	benjamin46	turnerphyllis@example.net	htyttxUOcELCivsII0SmLyN9aLuNtkxOOTOad8tTpMjiRDw4Lb4f88pvyhJmEm00VhvGZ2dT2tu3VdFQ	2025-03-09 15:28:46.027019
930	joshuamarsh	brett90@example.net	BJDEqRhIRHtTfh4zVtg7syrbyBSJIHVQPwWUbGwVDmOMpPcflkvu0FPgzU6wgOg65XSXTfziPSC4macn	2025-03-09 15:28:46.027019
931	bridgetmorgan	stacey97@example.net	CmNLa9hSkyaLZglC6oCNTHUnRh7fzL2BzETya2YX5JUtsGpqGsybnCLuy0ClnDwJe598kDvKI4wMrSIP	2025-03-09 15:28:46.027019
932	gcherry	gonzalesstephen@example.net	2kxYAmUOfwyjsDQPTdgQ5z0uNXjlmjI47to0gIimhiG31SV8kynR9tEszbYbv7hHycMZ3lfhjcr4EPTL	2025-03-09 15:28:46.027019
933	michael71	cookjill@example.net	tTDEBNg41kIixmeC7VhYkeGAJdm4rSCsftXSIow2fAzDd2LfFRGsvwrEBdngFJFJSI4giN6xmmQL5rCk	2025-03-09 15:28:46.027019
934	charles53	michael25@example.net	LtoJuCLIfM9tsgY517vHnLFbaJF0Ppyym9SBIanxa7B0rFF3iZwFeLOnTjUKBTchmdEVdMpY5tRE2Vei	2025-03-09 15:28:46.027019
935	canderson	jenniferadams@example.net	kumyOdhrVFOtSDebUdm6ByAHbhsd95x1mjlGkQLUr2iFd50byK3gpVgo0DwwvkBJKyc662pnIHkh3hJF	2025-03-09 15:28:46.027019
936	jonathanchristian	kimberly49@example.org	i0D1yKWD68WrkYECgumsIJQTXMMMDjHgo6VplIFtbYXkwvaJryM3EBPDXmBnjLDjpiOEoHaWzKj4nOEL	2025-03-09 15:28:46.027019
937	valdeznicole	heather36@example.com	6MTfh7QbnrPY5U0pHbXKvUw6mnDUBtww0SlMMP0J3Mol4lpqDvLhQi2XYIHzoEj6dzhEaXuHtLa2Jz33	2025-03-09 15:28:46.027019
938	cayers	chadjames@example.com	C04xzI9csIyI6kKQ2YXvzhZ61gGeXd4AoBfzjseS1VreMe7AEsDhJ9ZqMydQfyj6Bw1tt4pMiNd1v2a9	2025-03-09 15:28:46.027019
939	uadams	christopherpena@example.net	UGiQxKDuEOhTVNbm9Uxjk6GlbzO0mVKcf6ImliSx9fXguWKnPoiPufeFP4mT8EvMDrf0JKFi55mfHtnK	2025-03-09 15:28:46.027019
940	mpratt	chavezadam@example.org	8dVxLs8dJNcv3gdf7xjuFXri4ray3Mg8NvJj5JurhCuJHUTQvXyFaimi8gJadfvoNZOQlvZpmJgUJ15p	2025-03-09 15:28:46.027019
941	ocarroll	brandon91@example.net	ri2TQ7c9mkmA3UVcU81CTe8LVawIWHNUZbCf7yr6uvtKQdrf8hY1XSlgExsyOrzDqQEHsUat1HhjNHDO	2025-03-09 15:28:46.027019
942	robertkim	ksteele@example.net	EEAo9Neai0I9jqRrEWwq8YK7qYSj8BlJR0qckywrOCM8oU9IO7tQI8plEJ88ZaUZXl9MbbxHYSIj3UDA	2025-03-09 15:28:46.027019
943	hendricksjason	moonlarry@example.org	wIN5fNovKz8m0Fc0ITqzXeUmmOVHvJoN4jlMkGKaMmFd21hq7nS66NJlGMfjnlINz0i304SqHfvrRsCf	2025-03-09 15:28:46.027019
944	carol20	robertschaefer@example.org	5AHf8GjH63x3ywRyhFf0M88GihnXsfbPJKNaAjsastueZ4exXvP10BTvqpIHHTucl0A1FFlbTskMGVBu	2025-03-09 15:28:46.027019
945	beltrantracey	joannawall@example.net	cC0aG50sQpVW9Q7Dezkqmpe44N3iZaZ2xa3sOgjCYg39gIDjXQ0Qdg0YLT8G19PpcNX0Pq7W4LyglPJ1	2025-03-09 15:28:46.027019
946	edwardssusan	jonestimothy@example.com	2q5SSOt5SwHtFKaABC3cza2tkgAFyUGpIPIxksB3JtipXz1v8I7hLsmkNAjwauU1W63OQG3zOHfgnZXx	2025-03-09 15:28:46.027019
947	veronica13	hpayne@example.com	PddGO03p22dhGErQQ64CITOQyuJ6Xs6oW8BNKzMmPa0SJhZhjP24EYG9NBFXWQOIyuCFY0liBRFSObhL	2025-03-09 15:28:46.027019
948	cmiller	kfoster@example.org	lZhtfIs8mE67KfkjFwoJdLweEfM0ngkXq0Hw78v1uKxLZWBYYG3kZEFno7SBSdFuzIaYIZfzwoTDeJrQ	2025-03-09 15:28:46.027019
949	thomas02	reevesjeffrey@example.net	tTw8k8ZBryy2VsyY73s0VdX7z7XVMPddiVFfbmwyK8XUzwYOF2eWKw25SmGFGfiCrLunabUcLFlB9RN5	2025-03-09 15:28:46.027019
950	gainesaudrey	jennamiller@example.org	Rk1FwFhlXtVIGCJa9xymGapLaX6mKGorymBRYs2kOOmIPhrws2cqnHqmCWkT1WCdsQQZ4FCv32DnpkWo	2025-03-09 15:28:46.027019
951	bryan48	anthonyarmstrong@example.net	RKalz5lTIgo6THIXOQ6byYnL0AYimiNFpPmfSjPFzxw5yPTH9ubynR1ag3zaPnK03cTpYqXLldlCvMwc	2025-03-09 15:28:46.027019
952	shirley23	michaelmatthews@example.net	6OR7J9mgY4veyPj35kUWvmzrYK0827ysJnQjy4oCDmWxkpYnO5w2EruvjvBIAWnZ858PXzfQURYUiDFr	2025-03-09 15:28:46.027019
953	harold15	robertskatrina@example.net	dfyGC6mv7Q7UJQA72okdiRGB5Kx1ey6FZSuI8oKtQDYvLyyNRmngsk3G7z1BGozyUHiV55rRBuZjF7hn	2025-03-09 15:28:46.027019
954	james02	hbrown@example.com	EGH4zg8SRUStXALFsEkYsTVQRwycCyacd3wTRlWUob6IvWMTwgnp8Ulm1AcYJdk8kkWgoyFOdWvapQ8e	2025-03-09 15:28:46.027019
955	antonio06	michaelhenderson@example.net	ymhQL5YcIFMIaN2ADm3eGb4mAW4OppLYlNnZV0tEzfpSRb4G6ljZNLMUWAwGKXy9PDrSliNaJboNjLg5	2025-03-09 15:28:46.027019
956	nancytate	charles11@example.net	Oq81IqT5STYod1DseMqGNWIjuToGIrBAXNjL0LlnOd260CIKQR3gCzw1dveQCWESkkZ9kDuSBhMiLUdd	2025-03-09 15:28:46.027019
957	reedchristine	znichols@example.net	7jktNid5YR4QKuI1NGhvZfu4vqtnF6cqMTrZtXwiaq3oY6rckUEWdAO00KVQXZr8lRCNzLFGCGHTZYsY	2025-03-09 15:28:46.027019
958	ginacruz	stephanierojas@example.com	2m5eMRLb1I4dnUdsobvyIqGDgrIcP6w80h1C3T2QTHRM3OYuddkF6wKLURTEvd7MCHbiPhl35XsBmEbz	2025-03-09 15:28:46.027019
959	nathanieljohnson	william54@example.org	A82IPxizEOP8iWFMvWfUwKTtBqu73hzqtup4HIHfAwVvi2j4nEAFOrK5Cv1DpgyJgZGPjEGIt1iEnX6n	2025-03-09 15:28:46.027019
960	margaret64	irivera@example.com	yzzmSSNxvZY61LqabYbHGU7o91WXnyzPFUeRNVkK1c6GHCGCZslgk83mh11KDZwEr7RADdeaCdgD0Pua	2025-03-09 15:28:46.027019
961	cindyhernandez	adam37@example.net	OybHny1qQ2I66djI1nEuEoq0UNqT64Ltx5ldMSx3O2CXW1soUbtMNvChaAN4c8AAQsGHLSaTlvqN2xdi	2025-03-09 15:28:46.027019
962	samantha83	priscilla43@example.org	MK92cUnA1TN2DnNEJjmKEQkyVWuyMcH5RX7VmkGBDvo178H5UR4wQTgYpXA28RjGDUBpBvMjTMmYbUQz	2025-03-09 15:28:46.027019
963	garciajessica	ginaharrington@example.org	mQbGN8tzHc3QQvQmFOYMkuFU1Ke0duY9La2EdmrxgQS6Peb4oOjjV7KkJNcwHllbzaFwEfFRkUqvuyMK	2025-03-09 15:28:46.027019
964	martha00	janicemarsh@example.com	nsAZLqUnsaJx22kuyxhMDM8Z262VFWcFJ2Wmz2F7OB4OtfpsZLpgPhSSajglIrCMcrdme6RPE9RBKC25	2025-03-09 15:28:46.027019
965	kblankenship	clarkbarbara@example.com	w2knwpvdDfPt8TzBnsiBLDlMvJ744fAh477pzCK5veVSPabcp3pSvgqUFrONn7c8wJGp2Iri1SjwoO1h	2025-03-09 15:28:46.027019
966	ibarrera	thomas87@example.org	80UBKk2JWfuYH6amlv5cw2qbqgP5F5hQQhQgrnMm7wu9N1UqjjEfZVZSyZBIJS9CNOotV5JkGEIyJrAe	2025-03-09 15:28:46.027019
967	stevenporter	sotoholly@example.com	mqvSMq309M8tGWuqJ9dwaFhBTJphLKcmj8klHfWcImHAemdV4L3enORXGcqJyDEqMKNSDkTozvBPydq4	2025-03-09 15:28:46.027019
968	allen88	kramos@example.com	aslZqiIvKU3VamcvZclLf9zYoouKmDrX9gBF3Kq448WBzvBwQFVKPqFZJLut3v9m8S37s7jkaYiSBiRz	2025-03-09 15:28:46.027019
969	hudsonjoshua	leeandrea@example.org	BUODR4RPkF6zkoiAB2QMiULi3rdSYqlapZKQZf9xtw4LOHg0zn1tK0e9jyjV9HjVv5y36hpIrXj9muGl	2025-03-09 15:28:46.027019
970	swatts	sandrajackson@example.org	mbT5Au5C6mQ8orfJ388Dw2sGYVO6SQ7zDInTNau1ucs8hMXwJg2PSfF8DMq1MCo6n8YkNba15rUM4TYz	2025-03-09 15:28:46.027019
971	reneesmith	lbennett@example.com	yJfcdWD6HceawiBhQjDFobVzyCg2IArMVznAbQlxEpolW3okk78FnwcpgtFj1GorJPLEozB701xcqO5x	2025-03-09 15:28:46.027019
972	yvonnewatts	harrisjulia@example.org	He9m570mUUQKPz131oeNDnQVvT79ibhDRTOvjfrNzViXsGUI1NWZ4hFnUgiYfl1KsMB4YWjKZPXbJ9nv	2025-03-09 15:28:46.027019
973	joycecook	hmurray@example.com	clOTX8OmR0KbEyOLiy78QfkFDCsBRFGQLe3l93acIBc79jMde68whyMSCiSqtekc9iz8RS7ELBabpMm7	2025-03-09 15:28:46.027019
974	judith58	charleshart@example.net	CmW3jYa3RzMobbEDdwIltZmor110tE8z7XVHuqtmoUJuVmC7trJ6wchwkNIKPYob2UkJJDbYnh6AHiqr	2025-03-09 15:28:46.027019
975	elaine08	ashleysmith@example.net	StSqzVy1koQR21rzQcf45gB5Rm6bkgG8gx2ZchIX5PBWuY8ANebZI8Af2bKfjMej2oVMVsc2RZ0QDQfx	2025-03-09 15:28:46.027019
976	lisa89	xsalinas@example.org	DkffneyLwbpKcBubzNTZ8v1n9RCovtxkTrmiINjaz9N9wx0jdIgguEwoS5kbrhzbw6kKqiL6r7OFEwl2	2025-03-09 15:28:46.027019
977	nlopez	alexander94@example.com	uyJkvCOLyYdmTAKPGxILSrAAJuzmlqTdjDKZyQDWHXnNtdeYAFqdbIa9IvookIZL1YXKrMHru820fHhH	2025-03-09 15:28:46.027019
978	mcgeemorgan	shortanna@example.net	EvPW6uQQYnHICXuPX4oUFPzvpgWPypZPqHiBKdxuQyVDJVJhQvJCu7hCnBsAkeFwAfh04F9higmzs63x	2025-03-09 15:28:46.027019
979	crossmarie	lindahubbard@example.net	JbUX7sa72eP1MP1RghiJlVZxdv4OKs1yFaUihgl0z7MjkZ68ju1zsBDO5a07PVW61PleiVrEnyoz9Lpt	2025-03-09 15:28:46.027019
980	lfoley	bdavila@example.net	ezTpB5toK16vokNokQw4WlHC0GBYtM4yKn7CSRKVSy7km9o7h4aBVRSGZWkqdR2YaE82OtQp5zs2LO93	2025-03-09 15:28:46.027019
981	alvaradorobert	matthew90@example.net	5wMV0w0DE6Lf944ofRg2gwTIwyxCzHEMxOT4UUVJWlG8LQh74XHVn7QXjTZCdFwNrwIOcsodccw0aI03	2025-03-09 15:28:46.027019
982	debrathomas	andrew39@example.com	32kXmHSpjJtqO4N0Zunm0zrLRVJqbhhY0cKEiq0Btw9DRE6hkbLE0YytneGI5zDC5gkL8zU4LCiEkSrx	2025-03-09 15:28:46.027019
983	peter86	margarethernandez@example.org	g5wyJcCW8UycNsDklx4aZaFvXDUlP6vLLWEjPnI0MW98QZ1CK1bKhpmlLh5mUWi7ml7icZIfRGBUjNv8	2025-03-09 15:28:46.027019
984	zjennings	benjaminobrien@example.com	ZRaI0RCCbp5WSbFlgCRWE8zXhiR6GEh7zOeyPY9z9t6Z2i5pgoKEAicAjLdmY2rBWPVxPFLMSo8puPMG	2025-03-09 15:28:46.027019
985	ngoodwin	howelljohn@example.net	DwMlxnkrbdMOcRPDjdSi6QSJIWhsZgLaDtTIPQu4k7yVEejubEpW16yrcIN7HWy7yK67Xu0n1ZVOcbTe	2025-03-09 15:28:46.027019
986	sonia37	jillianphillips@example.net	cVj3mta7VcBB4Rg1s5mHpBoVLXMe30yhiRPR4Mk06XdrbrPk5byPE7QJAjk185VUdlMjEDz8wUVZjpL6	2025-03-09 15:28:46.027019
987	brandon35	tiffany59@example.org	oIgBjEYoHKN0SEoizo6o7FKLl2rbRrSfjfKeNFNsGaRsUfC98yoHy5XOQoTDNsR1b26DNZd8c9A3HkWD	2025-03-09 15:28:46.027019
988	tiffanyryan	williamsmary@example.net	NJcRJaOORobOwLJ1kD65YYVCIDGLb7nHtNVL8kSSMqdAVkWbpAnmYm06QKOdY5WPRsZda6slsHTcGj0Y	2025-03-09 15:28:46.027019
989	michael89	aaron41@example.com	JzylybA1a8DOht7I9w9ncjft14hDMKdreOC8VyLBxzEnPTsTUQt125wvm6t3o6D1JYHjA8NTMJ7osSn8	2025-03-09 15:28:46.027019
990	benjaminshelton	sarahcherry@example.net	rparbOuewJMZpz4a87719EJFonwmOWJcOyPUQFXqu1UAovdmroPvS9InRkr38JInm0NUFUK9Zy9znoq8	2025-03-09 15:28:46.027019
991	john80	gardnersteven@example.com	9DOEIA3VHogh119AFGO6bI9tJRTxvhwy6NyiXzfDzCOYy76oF5ZDZP5I3nR8MpwBfvTrAFyXwn747O3Q	2025-03-09 15:28:46.027019
992	fhester	aprilhardy@example.net	NhYlqt5OnMRTY3SNizAEXck9fJiUJlz8YQP1Wu0Ur2WM7A3jp2HPbBjvUd1usBrAH7N3nPRKJzSWcDry	2025-03-09 15:28:46.027019
993	kcox	cordovamorgan@example.org	OmKks8hwWvJ7wRuQSW0DmSgD1t74nbzKnUbuv86mt2LzDdEHG1KQdFyceCBq8NGNJGuGunmNZFpCs3h9	2025-03-09 15:28:46.027019
994	crystal40	gregorybruce@example.org	LlkunJe4FMVB2mof2MqSRdQRjHee0NzVxbVJTylcqjda6B5E9JaKtssK58CneMqDsIfcKdohU72TeGnQ	2025-03-09 15:28:46.027019
995	twolfe	jacksonjorge@example.org	WTjeOLyaZUyFiHsWhLFUgBvpYezpu9AS4hRnjHMOQ6CRP78LWvLdtkODzPfImSf7CrnbfQao9Iajvyaa	2025-03-09 15:28:46.027019
996	foxkatie	xgarcia@example.com	01gNskVtKbSGXhRh5jTHwFFmq4Tvi04pGJcBaB4k4a2iexlk6st7CTEulwbvgf9lUOJScgCCWL4QBM8l	2025-03-09 15:28:46.027019
997	nelsonkevin	jamesstevens@example.net	LlRUtkSeViYseEerrO547scLtt904etzKmxa0HlOPNMRKOZ3mi5C8qgQ2gmAjIIa28wTMkW2qFao2sw0	2025-03-09 15:28:46.027019
998	mariogonzales	ryanbrown@example.com	ArF4emIUI9X9xMCXxWAEytfNxmico2yWEXSw9MOy3AJsDk7pwfqjacxWKuutgpyO7DW1SOHYoyt96Agx	2025-03-09 15:28:46.027019
999	delacruzgavin	michaelharris@example.net	Xysoa5O74xQMXR2YerxJLut9ONZqHHOHG7YL6fskXA9sUzHBLxVb5N9nBs9nRvFGlIyyRhOuEeWZqybI	2025-03-09 15:28:46.027019
1000	vchavez	maryoliver@example.com	c9a9HHx9Y15pPqlbZazX4UcfdbiDF6y5fLF5tD6LPoGpzhOn0r4abzalfKioQkm59ndWxve4w0GCmOM6	2025-03-09 15:28:46.027019
1001	igarcia	holly91@example.com	yi74SO1yDwhnaUzS4KYUytpbVqKawVmBXCGnTt0C2DjTZZZF43eF314mr2mfKOUNGxYgP9C6Nm23uJTj	2025-03-09 15:28:46.027019
1002	lindseydaniel	garciaeric@example.org	NLvCZ5XgJeyxOfOF0FQtNNVmppLZX0BKkW61vPr8uAGuDfhWfbP5PAqlMiCTKGB0NXVuTj7NbE4dy6rd	2025-03-09 15:28:46.027019
1003	kendrahenson	juliemiller@example.net	hQIBsQLlzU3PzHt3B0zALyqGiMWaPQtZNHig9cH4plcO3IUdYPAahfQhMhFQVy8tRQ42Ar940vMsyva2	2025-03-09 15:28:46.027019
1004	sandymckay	padilladanielle@example.com	vnH0oFZo3rVTWLjBvuG7a7yHphvEtV1uHSlIpS0oibsKZ0Eops4L7v5MFLEKucOlmv7vh0tVfFZjzdQh	2025-03-09 15:28:46.027019
1005	watkinsdonna	flemingdebbie@example.net	A1M6XKeaEGHK4vjQMmP2SQbK7ZBc3Qv618my8s2dOSiPI0zhm9Zf35adbAOhu8qWJbcANNyvCvqmGVX4	2025-03-09 15:28:46.027019
1006	martinezsamantha	jennifer93@example.net	lg6ONVAsFp2psLNU5nSXyn3wAgltnjmOwgQaKb2UaA6SPGnkSOurkOTU1LeOzT19LgpOXwYBtazRpgrp	2025-03-09 15:28:46.027019
1007	reneemartinez	gjackson@example.net	eS82hcO7sOV4OmdBgbxfOJs067honxcqCWaCwkR7ZCNgnGfmtWGuTitWrXYd6LscCgU0aa9lVkPxGYnQ	2025-03-09 15:28:46.027019
1008	danaoliver	lgalloway@example.net	KYLOt04tMpRvPApJe40Ll8dCJFEYZTJYjgZ1U3lV0XGOA8AiEGvxIVtwlkzX51ZAAHcWE7Sx6IueDFOz	2025-03-09 15:28:46.027019
1009	ygray	brenda66@example.org	aq38rNWYEbZq2ygHOMZjoKdhNyICEL47fcexrTj7DRwy2qOKR253VFigAAM2VRIYnPDoN8kjy6gEKHZm	2025-03-09 15:28:46.027019
1925	a	a	a	2025-03-10 15:02:03.364964
1010	john85	kimberly72@example.net	dm8bLgDOWUh83IXdbBsaXvD22zi0ZBdKx20TNsgzxeTSfF6kVxob97k9zFSCeufTQz9gtbV4xs0hb50S	2025-03-09 15:28:46.027019
1011	jordanlauren	mcbrideandrew@example.org	vjYu6Ryne3nOqFIsTl7d22WkqxxNFjSPa7jPbUHBgdDnlYZYt5bMBwB0D9zsL1YwVoxvK1T67I2lQq2X	2025-03-09 15:28:46.027019
1012	brett94	psherman@example.net	whLq61tWo2QoZSbMm6f2XWGhqGCPuTuQUJVtBQ6LGCZCV89MYebPiWv4YrUH7sSf4yCJRyUMzwFareu7	2025-03-09 15:28:46.027019
1013	kristine36	jenningssean@example.net	pRB6UxBFpEVEzo1m3PqkQwKNQ0B8xX6HWoWYGyhLUNaeNjCVSwKv0O6iNgW9DhZV9ci9ovGTTRfltkaE	2025-03-09 15:28:46.027019
1014	gwendolynevans	sarahglass@example.com	KKayfotiZE7bqXulmLVvoUTKNP46DgEc8GSFeio7zk2xTZwB0B0FraNDV5I4C2RYNc05ElJ2xusgtV19	2025-03-09 15:28:46.027019
1015	sanchezemily	ediaz@example.net	XJxYjJUplr6y8tv4FqNdy3HqYZapMaoiOGJMYoP31ftT1VkrJHCEzaXlmOuTXBuXerppOjoe880vF8BF	2025-03-09 15:28:46.027019
1016	christopher17	amycalhoun@example.net	G8uf2OLFxfhShfx5yY1TPM5YguNOAjixbynOhQUjAaMw4AQkuWxm8mxKp3Gx3Vd23HkwctXauIOCIrXm	2025-03-09 15:28:46.027019
1017	clarkdennis	maria78@example.com	vvMGdG4lXZNaJzUgkAKH5nJc4GAWTA7aqEyHSwSc6s82GOWvHo69fA7rhkvAuE6TK7t1j7A1sgOewQdk	2025-03-09 15:28:46.027019
1018	jack52	williamhooper@example.com	UO5WB3yi7WqPuaRPwKZ8agL08XZCEXplRrm7ZSKeIllgyLeUyKrzShOrHyNAswY8RqUBuqNmLcjLWTkf	2025-03-09 15:28:46.027019
1019	nobrien	jenniferlee@example.net	LJjosqT8bJwwRheAdUkTNkpzD0pEnobs5CHBOoyaQ9fXKscoyul7ttTwhCOd5k1OhuzPJ5tRsdLAnTAi	2025-03-09 15:28:46.027019
1020	susan89	ihall@example.com	LLDJLiBNxhypJtxMiRwKJqiRSla5RbSpD9oBCxuc0mNOcdUhtnr7QOnwWx1tFDjEdZqYnCj8mzyFEJsJ	2025-03-09 15:28:46.027019
1021	andrea12	tonyarichards@example.org	OcuNpbvWtG9lilXV3DBbwSvj39WxmjJEi2HM4DHx1tVXesSXuH8WW07Nh4n9YPFIIsbgZ2InfXFHzNtm	2025-03-09 15:28:46.027019
1022	brian97	christine36@example.net	5gTbn1ypmNQBcOxj8z2RwZgqasy5aW2DJxOZ2tA8ayG3y20jLaPuQcjAWprTXCldlLPoa7YFk4vaO8DH	2025-03-09 15:28:46.027019
1023	angela63	sharonbush@example.org	c8KjUrntlDj9IUazJLYHDLnUsAd5oFVE6VPb5WSpsSL8IjUw2jCPIRPisH8kNN0eMr2JstE4Ci9sANh2	2025-03-09 15:28:46.027019
1024	vbarrett	laura15@example.net	HHrEFDcE1yhKG1hbp3VHuYMllNiPsBokhdg0igLGyzQRVhq7GS24YY1IIuuBsk76ulU0sojyMO68TeeL	2025-03-09 15:28:46.027019
1025	gregory50	laurabarrett@example.net	oluGOobaS5lwfZufLaNFgTOOGPYM27PrzCcEyebULf3EwsExACB50seicwJ3bXOVXldn7FKxoQI4E0q5	2025-03-09 15:28:46.027019
1026	obond	jasmine96@example.com	v0sXWJCdvYrSiVZeVHnokiOQHWnG37hezSUOXZaVG63Jp4oaaAMBlRUJefK2wx4ovmpakmw6xZuNjVqF	2025-03-09 15:28:46.027019
1027	derek23	sprice@example.net	uYoLywdePBKH4pQB7uUzgTztCGGXyiHcpkJcErpqyBehMgqKxu41ck1Bry7Xvl2listCItHM7NQberEv	2025-03-09 15:28:46.027019
1028	stoutsharon	qmarshall@example.com	bvBE3Y1r6wUMePpinrEl7XOymveOvdoIRjGSrzhfbcLzfxjwlJnsLwQZw9GWEQyN3AFCcML8z6PUBynz	2025-03-09 15:28:46.027019
1029	eric94	narnold@example.org	hVbSTVwPDcYx4cNFsfA0j4BM1Nq8r2qGOgE6VNW3iZeMhyh2Q3mM5VSzkRxE6Z4V7IP1Npc3sz72rlfB	2025-03-09 15:28:46.027019
1030	jessica74	johnjones@example.org	ysZCmiaP1OllqnFgZmttzBVCTMYKjMRY09pxTCE0udfdNlfkDLHg8pVLvoR3QgZ16184qD7m8hiqc1Pe	2025-03-09 15:28:46.027019
1031	turnergarrett	ashleymiller@example.net	LxpazX3zTAQiuGredGrYSOsF9ilWUMxoyERx1iGq6GM8FW33EGgUNyTDVzzs0XDKgw0sOWyAoygqttDr	2025-03-09 15:28:46.027019
1032	mmoore	nmathis@example.com	DIDh2meIlqQ3d3gzaQOUHy8Kx6PT8azXh9o8qQiq66ViHEoXqmqU42s3GqgnhWoGM9Loe4avxGv7ItD6	2025-03-09 15:28:46.027019
1033	kellimckay	evansrichard@example.org	QIIKSPpG7Jay3ijWzbfzNOqcb7Y1xrfFoAW8eOxv0xvuDmwQPc2EBJe5ULhMy8Mrq93NETjD3dpFGUDY	2025-03-09 15:28:46.027019
1034	matthewhernandez	carlosgonzalez@example.net	aIH7WbyZ4wpdwaX4j1JEWvFTP6kgA4ZOXvVlnICbD6SuiBlY8vRHsp2dD3SWnz0O0SIdBjmalP5i1HA0	2025-03-09 15:28:46.027019
1035	ibarrachristopher	michaeltucker@example.com	eNbNxciJ8qtdmHkL8p4LnJdjZhnl8axppiDWYWDw9SaygIhzIRW94cxOsxfpFXciQR7Zxb96f3UqYCtk	2025-03-09 15:28:46.027019
1036	valentineanna	sextonjeremy@example.com	LDtHUSDAYTKNRhqZhtM5ojrnbkQxOO01En7uTQvmrHxSJcmwqoQWuzkddF61SOeqlhgJ8ImLk37A19rE	2025-03-09 15:28:46.027019
1037	greenkevin	aaron19@example.com	ZK0fkr3y7INCMRjGty7zSZJbEIAPEL6V2DFSeqRswfrDRnzDmjOJI3sMeNJTQV4Iv2oBiOiObc0oxaYN	2025-03-09 15:28:46.027019
1038	deniseewing	youngdanielle@example.net	TZknqz6cJLoLPCsxj1oVLkSV25Wsbt8nAThPiqbKtbd2wk99jxPMNE1PC6MS8NjF9C68diZbGu4CdOzh	2025-03-09 15:28:46.027019
1039	julie22	josephrichardson@example.com	UqxSdf0kZoT2zobsju4u9l6r5a4hmkGosc4QTFdqYLtgd6kYd8Ox0f7CGBKJX1HYzDUv25Slu4rMLjwp	2025-03-09 15:28:46.027019
1040	zsmith	fgardner@example.org	DovmGd2Ze7V5kUQ66waRGCMK5gGzVJoNsda1iL4CcnH7GXLCAYh7fUTouO1lhz1cvMi4AQ1KIOmupnHP	2025-03-09 15:28:46.027019
1041	fcarpenter	deannaneal@example.net	8UL5hsTdAh6Os2bbGmyITLqQOv7YxrolBtiQJiiqaNm9hY2iZQq2Z1VEqffeKH3JWKIWhbcl5kqkOxhn	2025-03-09 15:28:46.027019
1042	ronaldmason	michaelkoch@example.net	QBPwfxZfdzv0d1hFt372azum2vtU55aodDYBVa89zmqQOEP3jgGrHConrnplLGwatl7RK17EVQL4x6Jl	2025-03-09 15:28:46.027019
1043	gaygina	collinrobinson@example.org	yXCwgZHZHty3Vqtxwzc9OjFS40fwOTDhxfa4zmk42Nh7FNpJARYXD5FrK1IYxCRYklqYsjj1IPUsdZCh	2025-03-09 15:28:46.027019
1044	sjohnson	kjones@example.com	8GG2H6nV6wdU7M8GNM3D7jxJi2fYKWlAXzxjFsAsYUdPBBf4lhOHZEber0GIFpsGXDLsm6lV5CpLlWgu	2025-03-09 15:28:46.027019
1045	grosskrista	hnelson@example.com	8sRpIzaj0LgS2mbeL1b6JVzZSXQMLekbA7tkAKsnRtcxDzB05TTLkmfz6pfl9ULA60e3CQ70dQnN1uEK	2025-03-09 15:28:46.027019
1046	charles60	jjacobson@example.org	8tsc5kLyeZDoLoh1DBcvss9uDrD7ZagVRyXXanyBtkhNCb37Ra7OnMMbNOBkQM099JDUpKVgaqcH2Wuy	2025-03-09 15:28:46.027019
1047	eeaton	kimberlybonilla@example.org	NTgoz5CpP7Xh2OEBeQzC39xbsOukQ6h3liRNNQ8bWP4LNNDuVg9o4nMJ6kuxtX4Jh6smqs30pl823i6P	2025-03-09 15:28:46.027019
1048	tiffanywoods	jason82@example.org	lXq5TOHTf6AxNXvnrlVtTgKqIwZx1hkMHbj3HPAAFU0S46JlOiVXzG7vlYrF3BXi5t5jD1eNCU0piHxc	2025-03-09 15:28:46.027019
1049	mullenjoshua	julie96@example.net	CyKnVQPI8g0NFfH6rFErM5YG95Deua5g78FtFe0tJKyhNwhDvoG6Se1RX2RXl2Typlhj2bz8qm5UbjNe	2025-03-09 15:28:46.027019
1050	sschmidt	nmorgan@example.org	nh2v0i8pAsNXIj8iElzYKoWagMAph3wlC6W1PybRdj6WvMw5SZQ2SvuR1EAzm3cyCFK26VirbIqGxwQk	2025-03-09 15:28:46.027019
1051	robinhaynes	sarah30@example.com	lrMiLkqycjCiyiC15H4BVobph9bm6OI98BFFWZ1GcY1EfBMbAOjK6i2YeP8PEBGobvQmHNj1tEuv9g7H	2025-03-09 15:28:46.027019
1052	john60	sarahfarmer@example.com	juQ7x14ATqEEh3LSYOLz0FrvAGMtASc3qUB3Hp5aJe28It3B50xvsRRw20wHRdaas6nMro3b2z7tpP1l	2025-03-09 15:28:46.027019
1053	wellsrachel	pharding@example.net	5w0PLRA10k5x0KIL0SmxLdkeBCWlBrs0CDwA6SS9AovrgPYKX4M0FhjPqjr2oChD6b2KXnudrGIAFuwi	2025-03-09 15:28:46.027019
1054	jessica38	smithcory@example.org	I7FwTauPrzfJ7nOlx7FG616RGSAY7gMmlrrI5UpajQxBENgcP0I8QMZFbmSOwL2gCRgCGNHEBbtnev6z	2025-03-09 15:28:46.027019
1055	qanderson	acevedobrandon@example.org	UrFTPN8oSBjSSg9PWRIZtI2iHUTmgyTJwFvT1fuQY4tK2BsxaacEyb5QGXzufs1ZqPbvFT72V5fZ5l7w	2025-03-09 15:28:46.027019
1056	everettrobert	lancebennett@example.net	C5B1rcJpqmntnmjL7CSONT971UKtL50Wa6GWgA6gFuOdB3RrdfmC60CWFAdyYtMgNfSJPcK2ApVwAXNC	2025-03-09 15:28:46.027019
1057	victoriamoore	smithjames@example.net	0cSG3z4tBLYM3ekyeYusLFNUoaTK5T44FiBuWHL5mvP8SuBihw1E7IurMiFIZNy1MiT93SS4409HxDpv	2025-03-09 15:28:46.027019
1058	olivia19	barrythompson@example.org	t2QuNWdT5oRgoZuTgE7spnzOtD7rkoV6Vc3lsqRljunwdzOPKYXXoeazPL6jmCR8vYYGygJFFA2iFb9L	2025-03-09 15:28:46.027019
1059	justineverett	briangregory@example.org	wc5W3q5qmxihQ1OdAFB1J5Um1PaVX8eyCOPD9hJLTkat3d7v1VrhmhWVrtzdXBC8oph08xJZYinR1lbM	2025-03-09 15:28:46.027019
1060	blackwilliam	sarahspears@example.com	Z3QoOfNlJnFwPfacCmjuqRxcOUSsnLvrRH19dBdQsidYgbna9vg79Mnkqht5sk9jWq3RBH9VRE9n7av9	2025-03-09 15:28:46.027019
1926	thales	thales	1234	2025-03-10 15:14:29.268754
1061	rthompson	aprilgardner@example.net	beWHYDn3QF6zUAHaKCjQ0wiMuDPpbPjh4jsxeZbMeMySKakfOYhPR1GMx6mRNgANOn6XoeTgFm1j8zWm	2025-03-09 15:28:46.027019
1062	kimberly37	mckinneycynthia@example.com	KhXZA506CQfXk9AGv38CZg81Kg7Fed8TqtNqeu3WKvxghKwPxuMacIOw4TKWhXbxrzgrtHFm6a9oVJBd	2025-03-09 15:28:46.027019
1063	donna26	woodholly@example.com	8R3E2J0YwOksGGFhKKlDSp0bXY8Wnjvsk3LIMggE2yyQzUhmbNX3uTtfBVB1HUKLUP77NAnjTvFKte43	2025-03-09 15:28:46.027019
1064	ramosrachael	jeffrey81@example.org	CeAS3IjWuKHw8WkYu2HcxIA3S8RBkufnmCNQc729AIdISXcQVXSyhuknHHcatspjz5OjRhPczrtgfSp0	2025-03-09 15:28:46.027019
1065	sheilajones	shawlauren@example.org	Ox7mwF2A466S5Hi0AQvZmI7Fy16mLNW1ZqF23FhMFY9NQvMx1CuYxOIjfHMqLYVYVW0CDEfIFWwIG5VR	2025-03-09 15:28:46.027019
1066	xmcdonald	anna61@example.com	FQb5s3K9IjjwjXDGfGM6DenRaLjDINXIRBfMLPRilhCl3WjUuWMAimQ5DhWemdQC24DMepi3HqpWhZeM	2025-03-09 15:28:46.027019
1067	suzannebrown	lauracraig@example.net	PLSfaYZdLepeVqdEgEdWyAtSfB61VWUqLfrL38EekealjflfPf3zy4F5b5GUbMJUhUQT7dKzf8FXzFu9	2025-03-09 15:28:46.027019
1068	onixon	blackburnjason@example.org	u0xrtZLP1QP3Sd2TSWMQYEiwO8qMJS4gQKp2OqbCxGdKPjnqiA0ZBkkudpzI0UUIIEKKXQghOAkOwr5R	2025-03-09 15:28:46.027019
1069	carpentercindy	christina93@example.com	mFcTPpQvA1AOT6wDW8HlJTIyNXuH4vZyZTl4NnvwHSRBQq10qmtJcVFF1w4f0D58LVqEGOvlxOd5spwr	2025-03-09 15:28:46.027019
1070	kwallace	karlaross@example.net	qty8HKt2HHIMM22olsfecmHbX6L9QYmng5l46eaCFq2OAByKk9IqzYjXwYMdp9eG6QWe6SCEhgiJElva	2025-03-09 15:28:46.027019
1071	qchurch	adamscole@example.com	ZGnqvqiRRFQCmlMzCoV54jl4SWnHS2YHOlVpUJ6oaquUtZdmc1whcmAr6AAwvsdiGxkpZL4B0xV2PFa0	2025-03-09 15:28:46.027019
1072	tiffany49	taylor12@example.com	pHziMUOpXB1Mg5w4PSU0CjSFNYSdkqgP2vSf5vlQxWukiOgQLSPloFEpfKhRNvmiReTbWmaHTsD26nJ8	2025-03-09 15:28:46.027019
1073	dawsonedward	uwest@example.net	4eYfUh4H7e7DwZypeJjZnAjUEc6EvH4k8lTb7avUhcoyPma5bPbEE6CXWPTthXQoU2uuf84aWjxANljC	2025-03-09 15:28:46.027019
1074	michael58	jenniferstone@example.com	aZGvpepgEuX5TjYFmciqq8EtHT6xLgTWFCLc4b28dQ3nJ2AxDnyZAYQ9IfrcW2GeZ3d4HN3x4zfBsjUp	2025-03-09 15:28:46.027019
1075	laura72	stoutderek@example.net	wFQbUVLg1tLDkRegin46NFYZCJZmduIbUwC3xw46tqBja3dfpn9gquhXu1nVVuxA3T5WNEherd7zasML	2025-03-09 15:28:46.027019
1076	samantha87	coryadams@example.org	kXymYjqcw5AXCl06GX4ZGTvHOhbbjjiHxrPPq9jMisI7Wr85qWEqpbe3b3czS3ApnVdgHHZktctXjy3X	2025-03-09 15:28:46.027019
1077	jordandaniel	herreraamy@example.org	3sOV3tvElZPFIRpddGk9KEzVLMVkQ4C9ftMkssMGs5hAMQn5u5KSSeAedfWSMhbfDLOPiqh74riVTkGT	2025-03-09 15:28:46.027019
1078	judyfoster	crawfordjesse@example.com	KneVLQaJEnXN7JZvztXZzmeyn1R2nGgQrjZe5wuVoa8PRBWVKxzWktcq1TTMIpJvXnLJoHErCKOYMsVB	2025-03-09 15:28:46.027019
1079	ihoffman	nathan69@example.com	lpaXvMGmlHrvAA1BgJms3gTWiDWYHDugOEhQjl0RsKgTlLwTdlNxwJlhurzxxXd7oNkkNgmtYx9cSRTe	2025-03-09 15:28:46.027019
1080	timothy03	kayla37@example.com	67r4OiDsyC9hvZvNF0EcvHyEt8ePttpN9giYOrWrBCx9LGArrlUqudw6PjVhGSmQLmFXOqBSPlbAp9ik	2025-03-09 15:28:46.027019
1081	veronicajohnson	leeparker@example.com	TW36CmZ4OQ1QgyPy3ildE8mkUqlEuSLs2PELQtDXGPptAZULuTlO24TXdusXGjIY8J6WncC4kJ0c6lUH	2025-03-09 15:28:46.027019
1082	larry18	ffrey@example.com	1oivu5H3YdjTQla7sU3dCsR9ugx7ZPNfxgSj3m1LnCthhytztXTlsiyOoHfXYid3A6OVlBwsoZNcZskF	2025-03-09 15:28:46.027019
1083	jameschung	karen40@example.net	ZAvR5jdAni4xwjcdF9koRMmqBiLpn9SoIGCvxdtgSIfeohhadsmRwzBNOIvsurIUvPnUdIVdN4ubDrv4	2025-03-09 15:28:46.027019
1084	parksmichael	mdavis@example.org	F9hOlDnfA8kMoGnuT9f9WGvKjveJS50tfOuduGG5Aq8NZwAg6s7w6j1uavQveqiyRiFxlNAuHG6ofRE4	2025-03-09 15:28:46.027019
1085	odennis	hancockmargaret@example.net	qbLPnrEac36Y0aXw5kLt8emLymmP752MV2UL1Qiehox3bcpogTycWtHdCBEBUbDgksaoWQwldc8dgOTG	2025-03-09 15:28:46.027019
1086	richardshannon	newtonjeffrey@example.org	jsSE1v0nAnpx39ygggWVHwAdtwxrVhbj1lj4wS2nd9HzYPf0yEYlQY71iWNzYP27cKdT1jK0o8qOrN6d	2025-03-09 15:28:46.027019
1087	nhill	stephaniemassey@example.com	PoYyrsOGSn7aCq8Z2vXcY3B4gMTIng9m0vEJA1ILsox8ER3diBSurJF5lmH5chFdAxLuGooxP3aRXXQU	2025-03-09 15:28:46.027019
1088	ballholly	jroy@example.org	IDGhO8B8A6VtzNUY0ilQwEx8NV7R81Tlt0DPVk0tKbFIPp7dkZ2PzYH6omjPbGWWZLNVgUdHeCTOm3BO	2025-03-09 15:28:46.027019
1089	harriskimberly	debraspencer@example.com	fdaieb8ue2piKvB1M8TpPNGplYaexgsGUQ6TY2dtaa2jcc6UBecI0EVgBy2egsL5HCOCqMuNAIAUMj88	2025-03-09 15:28:46.027019
1090	tanya50	bbailey@example.com	3OTktqb5C3ZTYB62nA2OImSLAUVxbsSsMH2cAWOKOTEm49PCaDano1voRVvjpKtEW3omV5oiEkJddbdg	2025-03-09 15:28:46.027019
1091	campbellmichael	anthony53@example.net	CklQhvJhoi7xa6LHMUO7tz01zFzo8c6m3MQFFh33cltZexYL6XvazvWEe9KPis7QksUhwyLlOOFkysWt	2025-03-09 15:28:46.027019
1092	debra61	ralvarez@example.net	5Qu5WsvrlgHlqcDAONLFL2Oeq1ar5KRMNK7RjcR8Yh2MoLwnqHRDqh1KDb8MJC09Xe82MJ2KHv6LZAXD	2025-03-09 15:28:46.027019
1093	kevin31	fkoch@example.net	eglpRCTcTLWJD3HazZohE7X20CRWXH2T4QYKQ2oTwRpsc6LHFRdynxyviJesGp6WDGnhRbqDiA5EaXDY	2025-03-09 15:28:46.027019
1094	tyler66	fbell@example.org	aZajcr2lznzuiZQNeL8DS6nFl8qYPtnONuYJpxHKXCXPE0pacILWjKkLgwYjVpXnBzNQXxe83pJO7S9v	2025-03-09 15:28:46.027019
1095	edwin12	melissa09@example.org	8vbopFp4ip3U1eKiQ9w37h2rd7HH3eICWabcqDiUNOQkbtKIuwHFZq0ffFNrM7BwoRbdK8HEYF1G12xQ	2025-03-09 15:28:46.027019
1096	ericksonmichael	thill@example.net	S44ueiY7Gqz0no9aZkvf69nNsMDW6uiVvLjZT1GfCJfI0u8jxvupE1ATTzu7MXT9ZRfE4nUH6I5vkctP	2025-03-09 15:28:46.027019
1097	kennethflores	michaelruiz@example.org	pDdwmnFVFxU6OuqDAAHNrUjdNaVDTr1IzXadOHgwH6wtc0UxgZQd55xVfcNHFr4tD1FPtt64xM5T3SIw	2025-03-09 15:28:46.027019
1098	kcaldwell	wdavis@example.org	HdBVlYdKVvzHXILcNbU9jY2Fl5ZF5DSIpXj3b3ktX1AZ8EMdMc72Qk3tGKSthhvrHkrMMFwN0HMoQgHK	2025-03-09 15:28:46.027019
1099	benjamin30	timothydodson@example.net	2pv3Lrljua13EKLX7K0pq33iL13w4Av6W27t5gTPe9JZaZmVXtOOmKNPQGMCRFmz7EadbAN4mKJIP5Vd	2025-03-09 15:28:46.027019
1100	debraleon	chelsearusso@example.org	GsjSsCPK1nNpcBNKrq5pmQxxzWWMOnmdmArFhmRGctlTp1niiSYbS7DT17ofFd6Ov7rlngGu9RJaBcD0	2025-03-09 15:28:46.027019
1101	daviskimberly	usanchez@example.com	KT504FAx2IYjc1GmICQn1ghcvg0K6abPQ9RthoQ1aheGoSm4sSS5NXk1CjFYjD9RaUEZZYjl9oRUpioP	2025-03-09 15:28:46.027019
1102	grahamrodney	allenbrittany@example.net	JAVGfWMFTaLQca8tj4VtLqY4ztmynwgA6ixUEwyhhiRCdYmlJSkP42MEmb7SJhVAIi7CXYExaV1iSKbS	2025-03-09 15:28:46.027019
1103	bpittman	xnewman@example.com	tyCFKt2Vz56a9y9FF4dwc36l6Wcs7at5z7Na24oMccJDqvZKYgenLnmNcXcP2SYOmRRWmLSDUTwmhtRz	2025-03-09 15:28:46.027019
1104	dylanlong	jasmine78@example.org	BNhuzqSTzB6QGKjKQBYxonRie6GYjBPglkGxhYBMOO6SVSzrK2CZziNZULt3FxktqyV1APuzuVsyuxND	2025-03-09 15:28:46.027019
1105	sharpmark	gabrielatodd@example.com	f5zRscpPe24i3SzmQrSryq2qDd0GLvCKRyv3FXinuAHc6YwWUxcuQwLFIuLJNEaafyRWqsBwN6DvLmCU	2025-03-09 15:28:46.027019
1106	pflores	cbrown@example.com	qSBovyihbUSRiOCKl9x6E1eIxJaD0CdFSZlqiwDxXIUo5L5XyxNiR5YVJxPG880PshN4pJJWKAP0MyIN	2025-03-09 15:28:46.027019
1107	williamsjennifer	elizabeth09@example.org	18UTNdLKZ6vjFial53KJKq5dVb9N9uYjkMr7Rd5u65kQGu8Qtu0VXh2fpI9Re8u00lhp7AWxSbOpmDrX	2025-03-09 15:28:46.027019
1108	danagreen	robertsrobert@example.com	UfLFXaABom9OjorTM4fjUsblI2mGhjeelk1DL9FKxotnShMFYp7F83rHEb6O1204099o6QXRsSjg3xGl	2025-03-09 15:28:46.027019
1109	dudleybrian	kristinasanchez@example.org	t2hBVK8fnkmPLpylfD1bJMWBS9RGDdyd41naCHB5xnJbQyBJVHJqdsEJo18HVdkHciXbIPNbBgukoZVk	2025-03-09 15:28:46.027019
1110	ameyer	francesbryant@example.com	oRIQKuivPoSbveyiKLwlnfGQatHlHrlaJhOVeQKHicKTrrqAtkqmzONpgXhB9eRaA7nOKwxYQlsJMp4i	2025-03-09 15:28:46.027019
1111	jneal	greenjames@example.net	c5DmbgThbRrlOtHhbLfUdfHmoAEfYqdZViG92IaR2qDljMEZmafa3ouSRlp7lW6ULq96PZ5CKsXRRmg3	2025-03-09 15:28:46.027019
1927	Emerson	emer	252525	2025-03-12 10:29:24.711607
1112	gmedina	banderson@example.net	h4LnvLaFzj00dIQ4ZyVeRMTUk1pBoz1Gm6YMK18D2ccJ2eCNsKVpXyjRFwJVYN1wbmEdgE9yAOJ8hQPF	2025-03-09 15:28:46.027019
1113	watkinsdaniel	coxdavid@example.net	4zSMErtzlx5AooX4PnQD2lYy4ZF1JJPFgadHhVMm76NYIojdtygdQIzQfcOxE2d1KX5D0AlElAO9DThm	2025-03-09 15:28:46.027019
1114	hardypamela	fhughes@example.org	zRw94PXsablsmjvImiN2nphQ0ZxfHIjnUNOlraQXJiXe9tV7HDNVJV5aNNgqd518DG5xiKHpz7x6yLvk	2025-03-09 15:28:46.027019
1115	olee	williamschmidt@example.net	zqAIJsKlnZlTtNpGE5LroaeOrj70kXkymELTvQ4DvQ3vy2RiPSw02CtCBfVGo01QbHxS7GFlQnBEYkjo	2025-03-09 15:28:46.027019
1116	paul07	david01@example.com	G3sTKjgbPaqZItdxe1jcc5EI9qxtA5njGd0xPP9rvgfb1NbCHXrymUrkZJBXPqZufyOb1W17LZFlLUnw	2025-03-09 15:28:46.027019
1117	francisco08	david13@example.net	ZF7UyJS3m1jb6X1diA5touJiRISjhHPvnHohtFJrNh8KR3SFPtmcwYfQznkZV7UrpR9mClBMFYokFK0m	2025-03-09 15:28:46.027019
1118	smithjoyce	chad67@example.com	MBdU596snde4jvFVhArUC8GLHPp8Ww06ow0tZ550mcCHurgb5eBP2FoJiIaO7GTm7p72YUpwgkZrUAXb	2025-03-09 15:28:46.027019
1119	fmartinez	jose38@example.org	bmDE6v3iRdtAw7e0pBqB1HevAZfP79fPjj3SYb2qeNDBFVOV1dGDhtgFzoCQf3sTuDKImqPQ9nftwKFn	2025-03-09 15:28:46.027019
1120	westsheila	patriciatyler@example.com	BJeAcukVIFavYl0dNrqEcsu38ILb3qRAVIlZGhvZhTofNa8aqERCLKJeQUyntp7vy4GvOeBOVHTk3iiZ	2025-03-09 15:28:46.027019
1121	turnerjacob	kimberlycolon@example.com	oyJRkEiyGLMHYMqMaswe8yc6z2GfiK76rkqdIvDfxYdQrqssKKpscDwI8LmNXTHCaLrmTVcHF5VFLKbH	2025-03-09 15:28:46.027019
1122	hsanchez	higginsdanielle@example.org	dlM5sYoLEKIbarGO03GVz7BY4bgXOBIeFEBkCjf4VTh6pjdaM3zcExGmw2ZSmKE1L9a5NOAsDDuWsoe5	2025-03-09 15:28:46.027019
1123	amanda75	nguyenbrandon@example.net	sgt5qalUt6j40wzznRH4r2R1oYdY4sXlV8Eg9oTzkVvWrTWcQ541RzoM8WUoLmGhR01enZW9aHyDYLWU	2025-03-09 15:28:46.027019
1124	wscott	jsmith@example.com	7EK92bXm1AtO0AFw0dcZLSjCdfhsm0r8QhkqkfkxEqVYH0fzmvWVQy40GYuMxp6gSH44AK7djC8aJnzM	2025-03-09 15:28:46.027019
1125	alison89	meyertyler@example.org	xkJjdW2hhbFOhyt7RUVg5LFCa2b6IwSjqbugAQcVjgMbNd2N4MgtRjabQi0deLqBzyJIsRgajpwNWrpT	2025-03-09 15:28:46.027019
1126	zmorgan	amandasmith@example.org	2iry9Iq33ncEL5fO1WvufFE7Lxx9NBEUxAAXQG9AIzivqgpc7xnCrUg2tdtSVOhjUFBs12lxQsnN7aaE	2025-03-09 15:28:46.027019
1127	ericahubbard	larry92@example.org	XYm7eqcKDkVRzbXwVXI3JJNNUJ5MYX4tlVRH81ge5M3F99iG3Bl4hoXjfhKwO4WQO9PzY439HSYnAejy	2025-03-09 15:28:46.027019
1128	courtneylee	thompsonkaren@example.net	Vz6lNOMzoBgIG2kepYDwdsY13gduOhhNDu9mblE6DW3IwbzRds09q35OOBynrhISipV7Xi2MvfE8TjGI	2025-03-09 15:28:46.027019
1129	qjones	obrienmichael@example.org	9wDnCInHAK5pcTj693GDZpWwx5FLjJp7GdL7sGxCs9WkJohrimJLKtJrIP2bVQGCZyLI496nWdWZAkLD	2025-03-09 15:28:46.027019
1130	gfrye	austinkimberly@example.org	PJD2yicBkTzX8PQBjU9oPnPwnTbEVl7WHqhapIDcjIiUWoWM4AfuKpg2qAgRpbmS6majK1yldVeHLHvY	2025-03-09 15:28:46.027019
1131	cesarreid	nbarton@example.com	MQaGmiCA7Fq3NET5EWwM39nx4PVaQmXEJ3Z2yyI68VJANFNrgHHdYeH9D4Fc15lJMQ1v48DE0CLiazuD	2025-03-09 15:28:46.027019
1132	marylove	boydcassidy@example.net	RK13YqEw4AMJwWO4Unu149SAdyRzY035XgpTn5oqaOPX2BFrnTcKxH1CMar4tHDpL41tyBnUOFiE1LIb	2025-03-09 15:28:46.027019
1133	zewing	jaime37@example.com	iHL8iVtQpLihzeyLHljaZv8rWFgcjTt0ZgaGPFBeadZFuXAd9bfccFLl45PUlUpQYIpIv1Y9AR1LkL0F	2025-03-09 15:28:46.027019
1134	oliverkatherine	cgarcia@example.com	z8ffpcPNkcUnHwRQONCihskCGAvclXPj5ZoEbWcyAPK7tVZ4dZiAexkrillCSBqDjA1ADvhfgEzd6gS0	2025-03-09 15:28:46.027019
1135	vwatson	fisherjennifer@example.net	VUI1VHIVYgiVZiMdbYnXkFB4NjB4CXouyrsQf0zaTgrEY82n58gHYKdzyUOBTOH4z26KEkvp1TYKoAvH	2025-03-09 15:28:46.027019
1136	angela97	osmith@example.com	iC7mKmy3zKQRzTFFl2dYlo83wgpLJIkOs6SGHtSbMBg0CWzNXgjPcEyiamXnWYanirw1dtQTyTgOYGgf	2025-03-09 15:28:46.027019
1137	rodriguezalyssa	jason67@example.org	ljx0yiwu70waXQVK4aL5o2Y16cFzB7w6mN06cJknXJ2QtGZMLRVkRk9jqWCznIVAhaJ3dwPSdgwtSunr	2025-03-09 15:28:46.027019
1138	emily24	dneal@example.net	Hbou9i6pC2J8JdHHrlHfGNVtVgU50Yx2k0XRnpfA977POU6Lj2CAkY2lJETo1NM8KbwBNZuQeXMkkE1j	2025-03-09 15:28:46.027019
1139	rachelroberts	hholland@example.net	9WNXJARVUR82qc4x3uKUPnGx1Mm3HJF54zdSBpIjwiU4hUeB7iSXjb3sezjM97mCkZNg5OlZwKoYC9l3	2025-03-09 15:28:46.027019
1140	johnnyjones	antoniomartin@example.com	LonDP5DW85uetaWEsYjTK9SulWOHsgeqOyv2bPApqUesN5igKcMXkcZPh9I4Aq04EL96GtyKzoa4LXsF	2025-03-09 15:28:46.027019
1141	tabitha90	johnsonamanda@example.org	1KfkyVhjn2xFLL5HhAgHlhLP05hQ49cWwOrzrzvS2WEadWGyVuFpAiUs11wtf7lnfUjs3lSinT2hfXtt	2025-03-09 15:28:46.027019
1142	onelson	brad27@example.com	6aOJIIbUtLcqIegc8p222uf9SpQq99WILZlzTZ83tSH9wu2Rh7RLIpjKBNSqpPmYEl0xzKoocoUTK2Jr	2025-03-09 15:28:46.027019
1143	wilsonalexander	adiaz@example.com	S2r9ctzbHjOarFhotapV69ZnDziUSK3tvVe52xOYYnoRjDERkMdOlIM2On6qA4SX8d34outEHCxbI273	2025-03-09 15:28:46.027019
1144	myersronald	aaron07@example.com	bvjW7QdiEqM1QVQXOzaiZu8WzoHsH6I1zS5PFoWq3XlCuK3xJ0aByWAvz8FdCuyOqIvWhgxt6EnmlR5h	2025-03-09 15:28:46.027019
1145	harmongregory	xspencer@example.org	pCDpsTLL9eYcCIPvlRKScluuSK0D89rjSq5CCK9AMynrbZAWr97V0MEJv8Bqu7xNhDRdY1LtWClIUbbj	2025-03-09 15:28:46.027019
1146	kristinamiles	munozsean@example.net	vg9pg1rgFP5AEiLiFXBwm4vJKh92wEZZcKd0NVLsHvIhWuE5dQCXtUmDS9UtqB2D5KokFU0DSsOYKDoh	2025-03-09 15:28:46.027019
1147	april46	hortiz@example.org	PZRHgSI13F8GrfVho7uoXSa5S57Rlk5ZGfRkEVKIwp2ask5eNElglxiMDYO2w6GDvVrsayDvPRQ9wcpK	2025-03-09 15:28:46.027019
1148	zachary96	robertchang@example.org	P4UBSKakIA0bg7chgcJR65XrfZ2WZA8C8jd2wreJSDcEXRsJp2NRYgB07NVfgsoZ5SZzcgIYdHZxv6Ue	2025-03-09 15:28:46.027019
1149	sgreen	mtaylor@example.net	hMMAX7xAbRs0Ljs1u69cLVPutQQQ3EEdthEspskj4uQxyuAQXjiWdqtjZCoWAv0nY2hs2D6BZss9VE1v	2025-03-09 15:28:46.027019
1150	jessica63	wjensen@example.net	FiV6yTE3ysuQ6jbyrbpFu289Q8wuXyECfAQUa9ctK6haZE0pOT90WKnxpd3qY21pYplCPVEkrxlrCCG9	2025-03-09 15:28:46.027019
1151	yolanda13	hburch@example.org	LJcg1J1yudfqy7dMHFusRTbrFVOmjGTwF8UltMC9JIlEnIHX0pCtzmDSewWdzxcztUqi4NXUZEhUz1Bh	2025-03-09 15:28:46.027019
1152	hunterwendy	dsmith@example.org	rl6ROaJxpu4FYAO0jREP2XiMdDYSkjk15G8wmFqmFk4gKp2bCoXq9n1JrRbrSCJBJQ7hSYbiad6QW2nU	2025-03-09 15:28:46.027019
1153	rsullivan	lopezdiana@example.com	xoRCAfrPYu6TqWBRxQlG0v94oIt86qYWg6qvBH8ybiHqKMvIvxUgQoT7JXGD2INaPQpLCGDrbkvYgB8h	2025-03-09 15:28:46.027019
1154	rodriguezdenise	cmorris@example.org	LraeDaOJLS3ZcyOvPkBxiI79qmKYy0dLDxH9FqvuGHfRtyybJ61yGdKJu75szmT8zwyCDMh8pwqEk1Jk	2025-03-09 15:28:46.027019
1155	williamhammond	shannon39@example.net	BniqeUFQqGmSuAwlVZj70ZnavLlZlMvQQSvgHM2PydIcJnqOWcJwmwbN3cbmP4kEkX13xiXxKs5WQPs3	2025-03-09 15:28:46.027019
1156	kelsey50	nicholsmatthew@example.net	DR3Tp1JWgW1QgW0aHPSXdn0xEOz221MBlJOd4vzXKdL7Z5ZE3vlDBLqFsA3JuM0cz4pG9aIG3PS7YMjR	2025-03-09 15:28:46.027019
1157	fparker	brandonkelly@example.com	7Mk7URtlIQ8brup1MRkQ317YxEc6LXdcUaOttN9c4N3hJ9hVLpTr3laedS5albn8TaXeSsALf4FbhE8T	2025-03-09 15:28:46.027019
1158	garnerdonald	robertlopez@example.org	sLH1d1g15ueUMI38G8FxKi00cWqJPEaF6Y6P0Nkil9COFcYWCDWfPtB7MtjI8UZWeimLngPyBNuM7w3T	2025-03-09 15:28:46.027019
1159	ctaylor	kjohnson@example.net	j9SpJpCqFb6h8IehmFdEAfTTh0cPLVMbWktzOLexlxJo1QTMBcr8FHzg2efAq3yBaHiGJHn4QYvSVaIj	2025-03-09 15:28:46.027019
1160	hcruz	fmeyers@example.net	Wg0iVxb2OyuE1AnmNPUN9cu48D53r1WlN8Qd1jSKoSV4xwXpNiPFMJYDs2nNP6l9uOTHgmwqZ6o5OWa0	2025-03-09 15:28:46.027019
1161	gwheeler	james63@example.com	GuXjMLLJ5b4bqZs3fHIBHeRa5KL7kEI6tTi66WsQtahkON3uT9tBNZ3Yd8UBXoOEKmwooPnGY5YRPQpd	2025-03-09 15:28:46.027019
1162	jonesamanda	zachary91@example.net	NZlwCZX1QloNCY96S9TYzT2Yywa67U0VE6knansURtRlqkUnKaaKaLK8wlECGvr0Yywh06R1L9R3MFHw	2025-03-09 15:28:46.027019
1163	barbarastrickland	bullockjody@example.com	JSrsmlBnJZvPKpary8Lby6JW62IBIMyF26DJK19HHUvCDv64SOA1lIrw2NtQvel22G7n1Kszz6RMuwbg	2025-03-09 15:28:46.027019
1164	martindawn	mark66@example.net	9jo7VtJUZ38qZNxtL5tLYcci4MAnQ8gU5hbvTlXkhevZuWJ4h1vqY46anEt126dOCoeUW1B9mfuAQjCW	2025-03-09 15:28:46.027019
1165	gomezbruce	gregory02@example.com	oOfWOQyKS02BelIA6lxFM8gmp4P0wHxG8vyVGrEuI4gXVzhFq0tRHh0jKXxgpSTmLWI4ivoCihvsf1aK	2025-03-09 15:28:46.027019
1166	pgoodwin	heather73@example.org	WSMDb6YTAx5dvhofcgo20PKXD7W3XiuTNDeJdfQaBflnLkP93A4zERlSie1SbhslJD7m2rE9PtBSnNE7	2025-03-09 15:28:46.027019
1167	lwalker	christopherarnold@example.com	AnpUod0BtLR9juBl0ZQz9vkMUwF11YI7SONM6O4j5qxUnCSJ4moTChLsz5bYX8MkhBgw7YP76M7CnbhQ	2025-03-09 15:28:46.027019
1168	alyssa17	mooredebbie@example.net	yn586rb9QLk4yy3liH3VcaU8ifg3PZaJJCMt9v18cKkGu00tORWWxTZsU0ip95QFLi3AXLpjK3GqA8OH	2025-03-09 15:28:46.027019
1169	christine53	jason93@example.net	mIf1JwhklLnTZpMUvuCFj2MMMl1PaNtFlYLegkOMxe2fiZpmQ9EhG76uhZEbCM6nYyjq5frvS3cCNl9a	2025-03-09 15:28:46.027019
1170	cpham	dixontom@example.com	l7teGYVpzMsvWgDT1dpzUeiL5hKdwvjqI3dqyCIZ86I0bA4ADTWqLNITTJwvOisLHhNRKxP7LusGbtk9	2025-03-09 15:28:46.027019
1171	glovermichelle	lisa97@example.org	ZccETRMtOMWGzl3fq8V3z9aYTgev36HjTyRGzPFEyyDK4To5YbAvQPIjerhAtappM1B20qP9eleoZWUH	2025-03-09 15:28:46.027019
1172	houstonfernando	jacob59@example.org	zuviqocDHWKupHJMaePuIXVAF30EZwVCFJiDPj2HouJToJMQWqlNKsObHDxwAfZI8wu9bsIST8FSqQxw	2025-03-09 15:28:46.027019
1173	zcooper	zmorris@example.com	pS1Hsq4CZwW3L4J3J0v4vsVMTEEFiNRasaK7NrTFwO4oKxlFn1fZjOqJZmJaMx7T9SiuNlWAlL87nK9H	2025-03-09 15:28:46.027019
1174	dylanhendricks	lori35@example.net	ouE0dqENU44h7ybdZYGsmTSWZJLFIyfBwFwN2WQonzmvrt9z10oyoHIrPJZIx096xuzN7TPkF8HhQp4g	2025-03-09 15:28:46.027019
1175	pgonzales	hamiltonjeff@example.net	4KeLuvli6rOdmvFjLXlJZXGp49HBxf6oVkiviQFn6wMGuOWo2cEVe7NHliqHxSgDpvKL7nAV6be4gb72	2025-03-09 15:28:46.027019
1176	qwatts	kyle88@example.org	bB9IuSlY5M5lnHMufWBBhXNwtfkq9LaRH710gmBDnUygwMXZ0Y1FbGIPv0MJN1XuVdkir5ti3f6Bei1v	2025-03-09 15:28:46.027019
1177	jennifer55	ryan64@example.com	tZOFRgi4gqkDnjS4FxMZwwibhiWhbd8Pt4hSYBClaLu9L9V8ThjpsEvwye81vAKJnncOtRoWqyjdAjPe	2025-03-09 15:28:46.027019
1178	foxjonathan	davidsonandrea@example.net	9Tr0NmkZm0e3PLOdE8Nr27cnZs48QioBDXDFHWJm1yzNOBjLLuvuqgQb6g1YxCiuNoWzPwW7PvJNl8M8	2025-03-09 15:28:46.027019
1179	hjenkins	kimberlymeyer@example.org	SWPwSmm3gE3iIpFj36tIDR5NK3fd7fpXRXqBWjz1TjYBfirG8XhR2biIxX10uFw327kcIszFYRJUP59s	2025-03-09 15:28:46.027019
1180	jackie84	juliegarcia@example.net	bvCf9QICFZFflcwKzpeYD3dXvCGNViq23Ikhu73KAXl0fB4pedr1FdprtlqrtnbjgZ91KHH2RsfQazkI	2025-03-09 15:28:46.027019
1181	wjohnson	mcampbell@example.org	2sDnaJJUkfgXiHKh2zphHeBs3NjCG4niElQ1DFP0V8qnDA9g1tEN0vnc9eIEemYgQ7bnUf5tg7h21kQb	2025-03-09 15:28:46.027019
1182	pcampbell	xavier48@example.net	gncAAYMmoaahQkWl3MJm4axiGqlUEdOwtPYyeF0yKBnUhflIRYx7wt5N8KEi4DFq4fnC4H0gbZ7VNFRp	2025-03-09 15:28:46.027019
1183	alison70	allenjerry@example.net	U9zUrX8IDLuKYsLC898W703E0RrhrHcHAE9jl7h22BmuPKUOgx6F6BvpIEathyilVvvxzdmQ5vZn5N0H	2025-03-09 15:28:46.027019
1184	briansuarez	larryhubbard@example.com	IqaRDIrFZgXE9kuFT0LUkMC0PIEaDxcUl96pPpSROMa3So8wJQ49SNYIqojs5BULFhh5QwRvwLOpBgmB	2025-03-09 15:28:46.027019
1185	gsantiago	collinsthomas@example.com	XcFN22MeOuT8DECHfq2K7bWcklyguFN9lyj1B6IqqpmcEG97xwNkH70UxxkvyIaG2EN5wWZfzb1bpPzt	2025-03-09 15:28:46.027019
1186	amanda26	megan36@example.org	tg2C9tyGS0HKIgQA7OruuDNkVko3qV1ZedBfe1GPPTv7P1d2x1oSqhvzMvUcEbfS32b3f5oV8bnsUUZI	2025-03-09 15:28:46.027019
1187	ashley64	gmcdaniel@example.net	tnn4htBDPSx5FhMhGO3f77BtJyclISL2oA45MZQuRpusBAFAWsP59sGOOul63AqXvIYQaRmS7FFTQczj	2025-03-09 15:28:46.027019
1188	lawrencehill	combslindsey@example.net	6LtvG13SFTzZ5Vi6cwJSWLCcZMu8ulkEsx8nUmhhTg2T8jdgbEdu3nQzKqT9MHgkqnnhoihd2mJ1gxDT	2025-03-09 15:28:46.027019
1189	roweshawn	nancy06@example.com	tV0WRwkTIsGZv5eaqnwo044izCBjROWjSDJVVmKXE21bIBWB6yViLRi1CnbRFdBCVRGCqzHNNB4CwgrG	2025-03-09 15:28:46.027019
1190	jamesthomas	richardmay@example.org	H5Ri8OwbTtVL5H4ChwUiMbjuTPMuw69vMU8DgKwhuFrLpnhEb7TQPVXwoVbsOyDByPKlEkxNNd99WiJf	2025-03-09 15:28:46.027019
1191	ppowell	isaacallen@example.com	hQm3F5IBaGpfwFlXu3eoDcwTiBArMGvlQZwQeg9ArJ9f727kLvrHfW6iWGLW2eLVV7vOVW8In07BXAX9	2025-03-09 15:28:46.027019
1192	aaronhunter	taylorsara@example.net	wnC3z37OP6rwoJwd9NAv5Yv6oOES8OEyl8zHt8TNT5PmtWBjdjk7ThzEAQRIKL7l2QBaKuFgLVKxV2Zq	2025-03-09 15:28:46.027019
1193	privas	manuelstewart@example.net	9U5qBk6zROzXp4bBvrdDG9tVVxwNoC8HwFnCtxGZxwgzTYgHxqURS3QF60BlFHVRR1X7zUeE1Nh9SoPI	2025-03-09 15:28:46.027019
1194	sharon03	franklouis@example.net	kIeYn5WGsbJxH8vEIiHcET9sPAlst3Zg1JV6cHdq9F89xrlawvb6TSD0Qhyge4XNVWjw06yZd2EeZTuY	2025-03-09 15:28:46.027019
1195	christopher54	annehall@example.com	L22UHYKrtFPtoWoetA8cOwvjpyVf9LlU5eSWnTFpQGM7wWwfnii6nkiySmF42T4AmOMohUfl7DYolPdD	2025-03-09 15:28:46.027019
1196	glenn81	kellybell@example.org	Hkj6vSvufGriUDzs2rslN6cil5qxPHACZOl2ExMVAJ7DO6rb1NJjHoSp2EzeyRintQPX9kgaF89qTZkI	2025-03-09 15:28:46.027019
1197	paynetimothy	angelathornton@example.org	TqM7OCjkM1wFsWg427AjwlMkL6oCCAdGYOoCqVgXyOVPw8YdNMEU75DtelRNtLbyefDGflZFwGMeuxiv	2025-03-09 15:28:46.027019
1198	stephenbryant	raymatthew@example.org	1i2pVa5BNE2u0P2GcsFEoyf31u7n2afBzdxw6CrHU7CSAD5fGiMY7roYvUWh0E53JhTMeSzgtcdNQS91	2025-03-09 15:28:46.027019
1199	jack95	maryrivera@example.com	WsGVlBcfdNbNRhs8q9YGkwl8Km5HWoxCrseFQzg7dJmbpUUI1tIZBkAAzgRiIEFpFnMASFgkPUcqNYMJ	2025-03-09 15:28:46.027019
1200	jeffrey64	ymatthews@example.net	1lXDZplydIzPia6DlgxiHQlgQ9XgBeJ3rdIzk6kbAGiC6TVpOOw6pLvzNz65FKXzBCJHfg3KXq84O2b9	2025-03-09 15:28:46.027019
1201	john54	kylele@example.com	VXMOvCIbpEBmtweJfS5LQbllZuLpnzXvtFjzGD7wvcuYEHkXoSLCxFoZf1VsUdh5uGnmjQKqZ1rHZ8LT	2025-03-09 15:28:46.027019
1202	nelsoncourtney	schoi@example.org	qg98tojUXJmpaCuzMEBFfsSWV1tEddpF17tfnL8caWdpMf7027nfIJWt2YzvwSIwBMGjTVoIU3cXl9kX	2025-03-09 15:28:46.027019
1203	sharonmitchell	ptorres@example.net	okPD3tIFmXnrzSm7PWNoZSNdaSgMXIeDGPBs1TmHF4fqNJrObYxrBAp1Zl2vAFFogh1i9UIpVKVkR2rf	2025-03-09 15:28:46.027019
1204	nancyriddle	fjohnson@example.net	AeupnoECxmYBMxccjREG27CJ2GocD0DeGd0fvRNm99W1GI7BkfcTLwVa2sdWUrmdsLrHxAaXSC1pJMJs	2025-03-09 15:28:46.027019
1205	michelle95	lle@example.org	XEMrqlA6jF6o7IYum08mgQqxgtYOwu73r54ZNPmRIURX7kvKRhFZ0zi1NIBYUcrR1wLR6MIYtmHmhmxX	2025-03-09 15:28:46.027019
1206	qgarcia	bryan48@example.org	FshkpaHSWobBDv8Vo1dwFsbIwddLppBUUjEGhW2sJQd2ddNzasIG8PQKnd4LzLDNrrVy9g7SRxnIalxh	2025-03-09 15:28:46.027019
1207	jamesbrennan	edward38@example.org	c8GK8NlrOnRj6GeNkMzKjYv2lon8Abq0rp3dVroQTLlZtPOdcSAHLrkKwbHglyAasdfIXoDUdqERvNiE	2025-03-09 15:28:46.027019
1208	michelegreen	churchkatie@example.net	BetMUcMI9Ur1R1hbaeRI91mdM8c0JfDp61xClrl0FBaalukGXgezy7Q0Me5MDtlSpSSMhRr7L9wMEScI	2025-03-09 15:28:46.027019
1209	brownaustin	hannahharding@example.org	gCTS1QgoUFEy6kL4gpZ4o5r2W3JsdGEewEQtnXNS6n532mKyUrBpqZOpYzLUgAh1agbiLANKHyqdhngm	2025-03-09 15:28:46.027019
1210	rebeccaewing	chase99@example.net	GH5raBdbUTpIhMUTFiB8dkHjEdHPtvU9VDFUec1Odb3bQMhN2xJfhGzmocPMNMJYZGLurKE1nS0QtGX3	2025-03-09 15:28:46.027019
1211	jillian11	anthonybrown@example.org	spd4GKPlSXVWwexzDubLQfI8DMw6wW0csT3PeSfk60zrD5GgNwxnuj9YUNFb29SY3zdYZQKM7RiWMYRr	2025-03-09 15:28:46.027019
1212	gregory77	jasonwarren@example.net	ef0BYsXyRW3pqccXUlJqI5fDYLKWvKkhWWmyKKkH0ffiC0Va55mD8mLwmcHHrKB96XJHamxSFZX9QOyw	2025-03-09 15:28:46.027019
1213	paulaturner	ahall@example.net	V4Mg96cpeRQODReo2rKeRsso3cjrB3oHPwHCZVBDKeL8MhEloe7fgmhZ6ko2MNIM095mJZ05mFJasEqz	2025-03-09 15:28:46.027019
1214	carolyn66	antoniohart@example.com	cA5E3yBh0bwkbXZOh7vqhgezQkCYeODxDOAUBPXUFGoBc2R6MNRsJSdxeczpVC4lg8Ud5ySX6HU7h9oW	2025-03-09 15:28:46.027019
1215	zwashington	daniel97@example.org	Tz1raB20aYi5kTVwbJfqFIgJlq4rH5Pz7wEFvK6dAmTHCzUDYx1GqRTBxhb2M4T8Wpoz5ePiaTXvIkWh	2025-03-09 15:28:46.027019
1216	stephanieperez	stewartrobin@example.org	Nm0SsB1O7nvwDMq8I8NvQmCVHZTWEW9St1UXqRYFCUfrWETqpBRPGZKsyG5dzbbpaUGAgV9DNnelsoBT	2025-03-09 15:28:46.027019
1217	saracoleman	davidsonnathan@example.com	CGCQssG2cBRcIpTeOdwqkaf2QFlmMLuRoFnMPAa3Y3oaIte8Mt4LT02eAQrJQiTV97KG9Twpb3Q8x5sz	2025-03-09 15:28:46.027019
1218	wandaandrews	carlsonjerry@example.net	QqFthYJc7oSFuxbSVWd6O198RhJYg0kuKUjg1cMY3jO0lXc6vAWyu1dDtA7UDTyUqP5TEHzIdxS2kPxF	2025-03-09 15:28:46.027019
1219	torreseileen	qvang@example.com	kGJqkmu3CbVzMC36QXXV24n8lqQ3BCLyvsMlg6meDQBPeVaB3YOl0XegiFOO85F3p7eQH5cv5gSej5ik	2025-03-09 15:28:46.027019
1220	hebertallison	emmaharris@example.com	BWJGcTFI2kOPMjLjXDc6CNUD6rsyN5TwFijeLUV9ktH4mtDl34UmG6PRhYH2MQjm6W4HVdhS6nlzFYWb	2025-03-09 15:28:46.027019
1221	cterry	zachary34@example.net	38Kma6Vat4QdLSLoEzrw4Ke0SLMa15fgLM44Kw1br3SEk8oqzY7stFHzCUdqJSEGtz1yjzPbsJxDQCFN	2025-03-09 15:28:46.027019
1222	ehoward	nrowe@example.org	qd9FWUjPpH5t3GWgV5NhIxr3yr9fTiLttvLQw30rLbIyCRlwzKaIcjezGyTiauR4AvetUGOvREgNIDZW	2025-03-09 15:28:46.027019
1223	patrickrios	karen74@example.net	2LeZd3ug5YM2J06JUMjCKadwqsgPOfXhJ4qPoMEg7mJ5S7gpkHz8FHzsbIJseY3nBoV3vk92TNwtiuYx	2025-03-09 15:28:46.027019
1224	coxbradley	goodwinlindsey@example.net	mUDv9se4e67D71HMmNkrJBw1AzZ0YJsC1IArWPNqDsQlkao5dCJ6bFRqVwUxzs2YIBYFhbvL0WvfDUcH	2025-03-09 15:28:46.027019
1225	david79	dward@example.org	FTtTaFWXz9P7hXU8m4F9FhE97lgYKMt0RZ2huvGE1WD12Nj5RCkXg3BYeBJRBSRWsFZUJLDcN84A0lBE	2025-03-09 15:28:46.027019
1226	penadaniel	schneidersara@example.org	7apHz5d04mkWVwkZP2Gy3lR4KY5bQJPgCrQQiwdBQ4tpKyBTHHVZ68I9LzUoAOrlehhq02VdLyvyj1fn	2025-03-09 15:28:46.027019
1227	kjohnson	andrew03@example.com	wH3MUKtL1pkadu35D51cyllL1MpvG2LSXCFJlbn0p70yTMCRSjpadhBYSLhu5LuJ9ajgwKxVwV2J6I3v	2025-03-09 15:28:46.027019
1228	mitchellnicholas	snowjessica@example.com	VdP3B5vvGY2MErwZVUpuRvhhCwysgP51KvQkhJlS7UFUHMoLayHDx42q61Rq2MAzsjJvJpUqFbybFcmp	2025-03-09 15:28:46.027019
1229	beltranashley	mlarson@example.net	ufxyxsLm1CXFG8riDCwApNv6tVrF95mBys3OFnEypZUqjbPPRvJtIRngWmHfsDf2LCWo5TBKDGFqCrWA	2025-03-09 15:28:46.027019
1230	alexandriamoore	xshea@example.org	rzLYJPBSbn5etTVGXb3wL7V3RPKnb7AjAHewXy6wp0SH02n9yvMFKxCd2wZ6onXmiER1dVcFECglUyyW	2025-03-09 15:28:46.027019
1231	juliecollins	sloanerik@example.com	J1XUOXHX6j57BbIYfOE9J85ntpJxM84G9UPUVD0N7nbLCoW9uA44Hp5ARs1iGAq0SdSvyHaoeGzcMoTM	2025-03-09 15:28:46.027019
1232	hhaynes	lwilliams@example.org	eQYxpjnOzw2LO2DvdflzFKPufmYprsAk6Z6ym8MiSh3nDnAtpjMWTi4GsCkD4eAHlSkVLA0HTRbq0k1o	2025-03-09 15:28:46.027019
1233	christopherwebb	weaverjohn@example.com	cQ9yjGxphdf3yIe5SiXFzxpjNR04vWcsegZq27miYBKdV8bsze41cyrHYUxwbswnQPiGM4AuJh7wIz0l	2025-03-09 15:28:46.027019
1234	karen65	james28@example.com	jA5bChFkYHL2S83dWizmAzE1A9TKBXC9C2t1hVW1JbjjIiTojNFZqOMS7u7uKFGMgTxwHCVITOrdGkr3	2025-03-09 15:28:46.027019
1235	marissa52	kaitlin55@example.com	oJfOk5Ud2O5kp3vR5EwauX0Pr40gkQ3cW3Bu6hplUPhhUiHc09cWhKeoY7zlzgxGur9Xk6dVKv8VsUkp	2025-03-09 15:28:46.027019
1236	jon43	shelia86@example.org	2CTG6rEqmoqgrXONWKkasuDeLcUSbctTzqV6E5yXgtyJ9fHpiYqXDhZkFX5tHAHdanzEUHOewGZhEC7e	2025-03-09 15:28:46.027019
1237	lbradley	jflores@example.org	XctJFFTMp7NRnkobnnuh0b1awAtZ8P29c08ANldO2842oBtKkUQWjbIwkbHwshLAoDAEb7ASnKnTv6tb	2025-03-09 15:28:46.027019
1238	patriciaharper	pfoster@example.com	Dhs2nMwnTeJ6Lvm3tw2AtbFH2cADF2DL12ORcfk02sEs7i36BzuALQwavhOZk25IbSQuS0pQEq5uiHQx	2025-03-09 15:28:46.027019
1239	victoria46	sallydelgado@example.com	Aq1xmYxmRE0HTvcHWEGfYlyjLqRcgGFG8dUWLDfroHaq9Z1i4yIMkqawkRG3lb2Mekzog8yxGj5R6PF7	2025-03-09 15:28:46.027019
1240	alanhill	williamsamy@example.com	nJD6sAC0lgyiZQKKMLmt9jCkjfyLmM12TMbziw9ydGOs9EgT8W0nDDUxp4j4D0G6txd0oTiWOIdDP7eI	2025-03-09 15:28:46.027019
1241	jacob20	rachel94@example.net	t7qlriIwRxMjuvopBFo5TtC9lXTkjRSSCpBu99IZrMfB1Hv57kTnY70KaXRs4CglBy7ij69Wd68uW6o8	2025-03-09 15:28:46.027019
1242	larsondavid	hvasquez@example.com	3BSMuLbxKMMUnALwexr8XRLb3I8aRzXcSTF56JrUVlMrIAqDIHYpf8O2NCtdcNm2oCSfT5MU3ngm5QL1	2025-03-09 15:28:46.027019
1243	juliemartin	smithbrent@example.org	GazHLtLqvMQ7hutPovGPCLhMh0WUXLHJ0r5STfFlduZPAyvO9lGfQ5mVBMg7n0ldt6Csrd3nDvjQPikF	2025-03-09 15:28:46.027019
1244	rodriguezsamantha	michelle32@example.org	CnvrKipnt76cCsjONYALbd3OFHuT2yKkywjA3or0v2FY5wIwXgdOtMWIRP1KJuKwr5xmX8T1W5cokRot	2025-03-09 15:28:46.027019
1245	jacoblong	mckayandrew@example.com	t34gmSsPHaekWzYOmsYmBUszlct7tEB6wKyT0j565XVLJUquTc3kyTVkBG9z72YQsnytxpF984YAlgJ7	2025-03-09 15:28:46.027019
1246	cantusherri	mmueller@example.org	wqzAUjuUvFZQdHMRIH9Oe4IjoBj7EhadHNmY2UHxFtGoISoNJkrhNqVKrEUK4jUmUg1bN4nlbDEJp0uo	2025-03-09 15:28:46.027019
1247	williamsstephanie	fpierce@example.org	jcPZ3Ietz0gRAGBEGCKFG5Fim9jCG0WbwADmaxTajoCVKXFzCWmSZkF85JFYxiOq2JJdgscGtYuhu1cJ	2025-03-09 15:28:46.027019
1248	smithdustin	gmonroe@example.com	fzkZqV217sxEaFpvBoBqq41LICSBmPXDlQELTVfPGqWNsVqyJ9byDsDFrlbj3OlrRgvHIefIWp3H7mkr	2025-03-09 15:28:46.027019
1249	rodriguezbrandon	ugonzalez@example.org	xG9RwGgyIC5mHZEkPT6qllY1dQAZG9uLdHJIIn54auKk3r96BY4Ba6TmgUlxqg6LKA0d8ILhB9ROIA5f	2025-03-09 15:28:46.027019
1250	joshuakeith	michelleconrad@example.com	EcmNPUhWPn0LBllcDTQBMWEHHpKWMKwO6nUdyxQgDFidcWLblywdGs16v6jZlrQsXhBUUob1f6atcK3J	2025-03-09 15:28:46.027019
1251	eric02	aimeefigueroa@example.net	G3BUOSoqn1oOcuPIo4vQzfxEUgFK52SxPDBv3wvoh2HfTzwTooypXGaiaVv6ynde2wsII0l0By2uIJev	2025-03-09 15:28:46.027019
1252	martinshannon	david76@example.org	RIxQyRgi1ntkaevug7Btv85pBe14gCAiwidCQ2iRHdVaqOENwdsDu0a4EYjsiw92DGkYAx3XHgJJrSxz	2025-03-09 15:28:46.027019
1253	christinamiller	gabrielle68@example.org	FgZa38K9uYFWXIV3yT0A1p7CrSh4dGGA2BAnoqv5RUGwIb0tt4gKPklsY1KyysWVUOfv9WvDJPoP5kYk	2025-03-09 15:28:46.027019
1254	reneezuniga	aprilcarter@example.com	8jYEIWALuBIyy0BZb7ZbIOH4a6J0iSHCJSHPJyZs6POQMxYIsVFM5Bx5G3hIBEgREuR5dkzmY4rqR1rY	2025-03-09 15:28:46.027019
1255	ohorton	claudia73@example.org	FMlTQgDREH8jiFTX0saw1npql23n5Wgv4P22jeMzpx0wysT5i5PWEsEXGByL9DOEQLBMpN4nU2kyuoAr	2025-03-09 15:28:46.027019
1256	marissa10	crystal70@example.com	Zq8FXyiIXZZiTdRt4GQ6Xv0jXucABIHMDC7Q3EKuTxphEP3F3WPzQUWTXIoY1JMbXx5X0y5En8MkfAWC	2025-03-09 15:28:46.027019
1257	chaveztyler	anne01@example.com	hP958PxGUp4APYrgYcXRmKTW7a3ZQlDiXBIQb9nfv7w0ecMIblVYdp4x0I4b2F3HFqFBu4toRKNGZTxb	2025-03-09 15:28:46.027019
1258	robert06	perrybooker@example.org	4o9HAQueI5hhfS15FDGeLVXhNSVyc4Yt6aAw3mRGcTyXUNdsHcz41Roqc2hJkydo6ZvXQjYuwQDPvzck	2025-03-09 15:28:46.027019
1259	juliahill	kallen@example.net	OORsgsi7k7ISrYsJSARfr357QLmsYJXXLURZi7kWDK95oAnmOc4ygx9N1wJdWIYx5w3FDGtSJH0QeYXu	2025-03-09 15:28:46.027019
1260	guzmantimothy	randall72@example.org	68tzNvrmqoK4VHayf8bexNgsr1pOCgxmYUeiECqzfD5fX0jJKmJzrRyOxRQdbveNXvwisSwa7o8gLfUv	2025-03-09 15:28:46.027019
1261	ufranklin	steven25@example.org	7Bl12bpeVvCyMyCmpyTpodmriIrRLI2eMGxFRsDqCZDJGmLhUnWvXq7y8CM5KoNQbjHRx6tKAHTxcvy8	2025-03-09 15:28:46.027019
1262	navarrolaura	monroesandra@example.net	sWu0PlvRWK0X03IQDVxhYuak2J2sCTML6ib1TliXwbwiOawGfPC5PEzPGnJZm4Z3OVwwcAfX4YCFsJqn	2025-03-09 15:28:46.027019
1263	morriskimberly	cruzmary@example.org	kr9vJpE8DkzsrDVPv8r5qP9tyByYvM0g4XKzpIGcSSdMj8NE71ARmuigc4qPO6MfMzjTSn3zmszdO7ix	2025-03-09 15:28:46.027019
1264	zdennis	gfischer@example.com	We9jqszIkGiqfa4E0SuvcxIhyus3rHDCOxiHGDGLATidFGiEyDh6k7Dm5YBRlOmHlAxr8ljdpR95lF6r	2025-03-09 15:28:46.027019
1265	syang	codymcdonald@example.com	DTRheF7qIbqpIH47cnJbWlnVuvpkL9N6PKl3hQzRziEDm5dQaGbuiX2eLqWyENbjV9Hxbq26DzxNKXiN	2025-03-09 15:28:46.027019
1266	gary83	markrodriguez@example.org	7Ffp7Agtql2ub6G5aB3ag1eLs0T02QSYvybXwbBCwv4FF1GUgAW0UfkMVbgNPtrmOt6sTKPfK7esFlUa	2025-03-09 15:28:46.027019
1267	amcneil	amy18@example.org	urGIlOKAxV1v2WPIh2lo63W3KRfsd9xty0CO0XKmSUh6e8ZIbmf1oBGuoFWEYXQL3HE2GI3agEWzA9pY	2025-03-09 15:28:46.027019
1268	lindabaxter	heather43@example.com	16ZepzN3PUDBpbMLQ2jnwSjiYPMyVP4CkFwHYeZPvGuVqHrSJmmI0CMewwlVkUE4hSLQp6pMuDJ0Az2V	2025-03-09 15:28:46.027019
1269	tara95	tyler56@example.net	FvABYIATkBZqtjTHQk3yo8t2RvuetockVwwA5e3X7o8vgx8NsalJabPiZUwwlshPYDma5NE1T3fXJcuO	2025-03-09 15:28:46.027019
1270	dakotaherrera	qduke@example.net	9dtdDVE3jqWYH87VaNMqRLkleskyQxbgSTDxP0ffKVF7vEs01BpPgcjf92LNUe2mjUJdePhKjtKWx3BE	2025-03-09 15:28:46.027019
1271	anna72	icarpenter@example.org	vKySixq4W5qnRiMbIg0GN4hdIs8DPUpc90Qo8U67ie0rkeGZCjjwYwm38T46O144OCaxlmiI5GPSIfHw	2025-03-09 15:28:46.027019
1272	lisa59	ttaylor@example.org	IMvYAqLOZ5zm9iiNGWHsUuESDEHl8ZOFFHg5fgzoMLfUrxAvAnKMiKsjwbvbfP6rhwtDRUpyVHq0Mleq	2025-03-09 15:28:46.027019
1273	michael69	hbautista@example.org	srZoewNdw9WZdhsZiXPfyWrInHbBoPYBLb7rRnJTgLZtsRSdUVsQ6EbkDow4YJRyGOREzbb5WOxlOmas	2025-03-09 15:28:46.027019
1274	curtisortiz	smithwilliam@example.org	QyIXcLdvnXDr6SsTQEEGfkY9YYxzh1uDdU1YjM0OJeIQON4ZUXtfSpLq3Z15OcU20j82UEbTyzwZZrBY	2025-03-09 15:28:46.027019
1275	marynguyen	jonesbriana@example.org	kyk5QClg3bqb99ELGRtjlK8cPNb7ENTePoM2tJbX2B16UuiTScNlkJ29vxqBKONAhhTvgOMq8yedRh8W	2025-03-09 15:28:46.027019
1276	jasonbarton	chad78@example.org	jZqWWy8wsFqgG3dZUr97tFSlPkJYdSEoiR5JZfQvaX7rqUITa1PTMlwS5u9JTQZTIAwfkk3Muxu374Ud	2025-03-09 15:28:46.027019
1277	campbellrobert	dawn87@example.net	fkgweAwR1tDFNkPT1u3j8UtIf30QJkJV3MM7jeofymIW0HLRHsfbGy4LJ3wHNKxzeAuKs1oJQ8Kqelby	2025-03-09 15:28:46.027019
1278	justinmiller	veronicamorales@example.net	bUfU1D4OanqhYKsCGlX8nhK2cKlpAVIPPSPQAyDkzIdXMSG2hoSHQ3FMfoCFdBGBm9drtBPdqMxZAnbp	2025-03-09 15:28:46.027019
1279	michelebarker	ybryant@example.net	5ZjypeUjHZNybVr8AJvc07Hvle5Fq3Y9fTlDgSYQLYq7fj82hyHWySOujYH3XEEw1O62MYrP4RysfgCY	2025-03-09 15:28:46.027019
1280	james84	diana97@example.org	Zl7BbiwGsml2Ns8zYTQHWgsUVyVoTwdRtDQi5uhCEhgBk3KJfxrHfTqgEjutgEgnlx5DGGLHb8aec0oi	2025-03-09 15:28:46.027019
1281	phatfield	bellmercedes@example.org	eIpbjv9KxeEKUIjyMJ8JzmptUlNAiwMT8ArN4zMNrxOobb4mXIZAVg2Fz7Hsi4Dm0blVO3AX0J84MxfC	2025-03-09 15:28:46.027019
1282	hannahperry	jason06@example.org	60SbxTuaSn2FHKm12iGaQiQOSJjsx9pxNfKP7QqfiXU1v5GULKs6zViENnQiRwTfEt2KJfJhYYOM2SEX	2025-03-09 15:28:46.027019
1283	susanthomas	joshua39@example.org	z74UEPX3xaaYM89g5ZYqRvTBQLboJ2Gp6oRCoz3gmNr9VCYNOiPBOKRgbglcymOrZOyM1fqxvC5i5NYw	2025-03-09 15:28:46.027019
1284	jeremyjohnson	brianmadden@example.com	zbjwf220sWA0qrqZdnec9kNbXqnglISRRY3i1yOpwu1UksoGCBe6PazrIUbSCXDaxejoLWk0yM6xHQbw	2025-03-09 15:28:46.027019
1285	keith09	moorekimberly@example.net	nOVQbzGJFDSIDAiN38EJCRRHJb6GIbQ0sHMLLdBztiWZTOsw1nLq0SfpxqcVtuZM8v9XvElmSsNBmuKZ	2025-03-09 15:28:46.027019
1286	susanbrown	vshelton@example.org	sKKTzz4pq4Bn00xBST31DSKU7sLGP2vIdIVlleYyw8C7vcCXyZSnCT698bN2XqLpg6U2BVjYtBNazkkB	2025-03-09 15:28:46.027019
1287	pennyblack	grantgriffin@example.net	1NcE3nR5nvcnVMvBjtdYD2NOUtQMcA6YT9Gl5SBd7in8LQDuztTpsAtMmO0SGvZ3K5CYoEkiiqT6VtSC	2025-03-09 15:28:46.027019
1288	opearson	daustin@example.org	KvZDFLHQdr6ytUgbhoJA06EWDfYBaJLdccYHGhB9USGOUlCFdlOvnwMu9ULZUlitmgVpbs9yJHVHfbwl	2025-03-09 15:28:46.027019
1289	uphillips	zadkins@example.org	CORoj4x2O8pwyIMS81HLhC9J0V3hpL5RNyLUI1njxBOms2prrafWVz4O7q19Buu0LFLoebXoJzOuK290	2025-03-09 15:28:46.027019
1290	michellewade	jcarlson@example.net	P7k91GdkrPXTjUSX9tsC2pWo0TZDihtrhMfUuMCIiKbDRgclHPg7qvzaRwX0zyOosFGAkQ7EY6shlhGF	2025-03-09 15:28:46.027019
1291	carrmichelle	xherring@example.com	jhfmdkO0Uy59685WzT7j4MAIim1FhpmiSEa3o8HySgYWPh64eser2cy0yqWXirXgaHEOYwHx1RL4YlQH	2025-03-09 15:28:46.027019
1292	qdoyle	mtorres@example.com	PZmcxN7cOM7grk3EtCqEyPEWn6xbVh5msorj33Tn9UPIXbXUqg2j7Lw4UJDp9GuLzBfBO0VsYPsUUCb8	2025-03-09 15:28:46.027019
1293	robinsondylan	scott93@example.com	UX3CBk8PtFeMpCLB6YiR8UBflmIxCN93vIdUfGIua5To4BicqsRwBa8lPwg5E69nQI3SsCdXxsrX4ZIA	2025-03-09 15:28:46.027019
1294	mbishop	xpark@example.net	qDAwMJgrylWkSb8lMJAz7yHK4AaFNkqpETwmbTIA0C4SNhbKv4yYjsnn7W2pkFUStqjvQrFD7tnlw7UY	2025-03-09 15:28:46.027019
1295	kingamanda	williamsdonald@example.org	a8Es0MM938lwcFUp8MW2oT0fdQXxAPDvkMiD2TdrLm4laLdZrqyXc9u4pllEoJ0Bwi3WND1OSHXejs3C	2025-03-09 15:28:46.027019
1296	warrendanielle	tonya79@example.org	uvhqjG3XBjNCupj5Y3pdApYPK7kxGFMgg30iwLu8NB93DOwWKf0cD04nTyYHzdnDsKLgAAYBPtkTzq7s	2025-03-09 15:28:46.027019
1297	holderlisa	valdezkimberly@example.net	JOaWfw05cihsu9GPJRS0nLj0hY41PItvYpgWCJALjkn8kYQleDilRxwE89exWhsaSL3Ypw7JnIJFNdri	2025-03-09 15:28:46.027019
1298	spearselizabeth	nicholsonstacey@example.org	GPdSGOMDbmu3gShiO06JZR5RZx7wFDGRIB4IJc38MC5pegGINqt5RyuQI16GMdO8cUfSwqFqU6BSemSH	2025-03-09 15:28:46.027019
1299	michelle34	jeffgonzales@example.net	hOCb2HggJAGNjHRS87VV6WLIrxxrS8ZIIIJzBlr3JdPT1jTZjs7sNCAqARjuVtHvWJSJlShYs1KsITrg	2025-03-09 15:28:46.027019
1300	marktorres	chadjackson@example.com	7I6g9TOnFNPM4DI0iIURehJAslv7yEfW67GXWOQt95aQCPSRkDTlbVSoVI4nTE6JU0NVdNieAkiYJwWJ	2025-03-09 15:28:46.027019
1301	amypittman	scott40@example.com	VMvHAVsKmMDcLWxxZLNaj8xRV8w4cITf7esIaViG6Gx3HhIzPGfLJzEQa8jYndY7VLFqvlO57ciKb1VF	2025-03-09 15:28:46.027019
1302	donaldholt	adamchen@example.com	1rPYUXgZkjeDBBIuvnlubVXNixaThtfeJuN9TxkwFSivxl3x2ptfGO6UcqdCMTz8ADVEnybQbmhqHrqK	2025-03-09 15:28:46.027019
1303	dominiqueaustin	seanbryant@example.net	1jGcRchKoqBFBBC1BA71m66Z7KYaRFKfK4QZynNVRHreElaD53VpiKWKFV1wb2pcCCrNpbcX8ed1xFpo	2025-03-09 15:28:46.027019
1304	zcrawford	joshuamason@example.com	gs1RP9CKyjODWoRNWu7vJYTEI4wFWHZBlNgyMgdDDbJyQUiGkLlTJzRc32v3T6NcR2sZop55d26NbkTn	2025-03-09 15:28:46.027019
1305	hayesdavid	lisa99@example.com	jFIXs0wHUeWel1sLGPz6RnirOG5JFNrcb9Q7vOGaNSQnOwWbDoJsIQxvZe1SC48HqTU5Vqghf2XpxdCO	2025-03-09 15:28:46.027019
1306	jonathanstrickland	butlercarrie@example.net	DmbqQYAxnUVgaSc8XlE1UwuelDmOQT1vdOVtjLVqZUXiQL9jE6mylod3K33jlr6zcCPtSmNmt4zBfHvw	2025-03-09 15:28:46.027019
1307	catherinehines	ycline@example.com	oTfgKG1pC1VdjLNM00b2cjAmcsxQ0FE1C3Mh8cIoSnuCkYhJgbDnWIlUhPn8T4NX1wMexXQ6nN06Thpj	2025-03-09 15:28:46.027019
1308	wesley98	bryan02@example.com	5m6L7oRUmPvjrOCBLsPlJ9eEDC31VnPj0daY45HUPVCe7BU4ZqMXeZpSbK7NzdxvieF3VmdSS1yHBHur	2025-03-09 15:28:46.027019
1309	tamaraking	cuevaskenneth@example.net	fx0SogVfAlzXB7Rr9rS76CPQOpggYAWn9JoIoN9tPivVyqWGOpRk86wZbvHBgVpZ6K2LytuoB7mmP8bi	2025-03-09 15:28:46.027019
1310	diana32	susanjones@example.net	XV4sFRYdCLYxuISdhYy31AH6qaIfIwTjBQsw0Z9S1cuWHBv56ZSwrB3QoCQBmxF0R7mHPRuN9Cf99S3N	2025-03-09 15:28:46.027019
1311	sharonbrown	morriselizabeth@example.net	kPUlJXyXuzHdlqtJqtxEsWEulisCXYBacXFLrwX8Z1RjVtwVZXAJjWesccUd2fm6GPIflqY4aVWf76ir	2025-03-09 15:28:46.027019
1312	nicholasrasmussen	abigailsandoval@example.com	QqDybysZkzfoJUny5FiapB9KIV3zeBirgjPcFpJV8QGIkOmdI4250rqQL3RUb7jCSEkoGbW39CpVEylE	2025-03-09 15:28:46.027019
1313	williamsharp	gmason@example.com	dwFIO6VAuDAruZtbRpdtoqEVsJF6PT8HpMuLsIyC0YYhF0BjIYdjJc7bnZavoZ601KSZ35UhwZD06Q8T	2025-03-09 15:28:46.027019
1314	mejiaamanda	lgoodman@example.com	AFlLnM89PDnfrqt7GI8Zz7lyspQvIsf5S4Rw1Tgp3ja4sS4j3PidXfWgvHbGk6nVJz1iLJ1Co7L3pXvY	2025-03-09 15:28:46.027019
1315	woodsmary	alexperez@example.com	OK7P0L1qzm1zdeENZF7JAJDGz3ra9aZ6VOA3oQiGCcWLwUKc4pYI5znB4XNcbTFznd0JaUInmx5PDw28	2025-03-09 15:28:46.027019
1316	campbelltiffany	adamprice@example.com	khpOi8D0XfJpDrb65CndPTz3HoiRKdbtZwogwzgkqc17T7gxd4YlpjtRG5TiXu12x1YTqWShrtN67zdy	2025-03-09 15:28:46.027019
1317	michael48	andrewballard@example.net	yaBYDiAq7BgQvei1weQDLryKVJWjtBCJ3IGEKmsukWMfhHoIjujAWf1vtTuhLrULSyFwwG5Hawk0BTdU	2025-03-09 15:28:46.027019
1318	qcox	alexanderfuller@example.com	6WWCttfMn6Hcy51XUsOHHYCERA5o1kg4fKCFh1GEy6qctKrlXlagknjsSE3UiBy1O9srWuj9PGYgFIRW	2025-03-09 15:28:46.027019
1319	deborah42	kennethbarber@example.com	t6bZBnIyNm4Fm5WrEdrZ444yDvnaHWGSYm0JEF77EWRIF5duJe4DREUiuCqMAkxhscuafo2LBPEMeYNw	2025-03-09 15:28:46.027019
1320	tricia01	jnunez@example.net	4RJWf8xNcVL298LCCSyVI2YN35yzy6jTOWHdXfQC6rwkcMzL3VHBtzgMdZ0xC5AuBY08FkKRU2u6UQPE	2025-03-09 15:28:46.027019
1321	samueldavid	davissamantha@example.net	WidG7DgnGPIAQ83REkBhqp89YYq6WSC1ROvnVMODwppJsqsZDy87rMkFGJ8ZM6psnkDhYcmU7xZzDNEt	2025-03-09 15:28:46.027019
1322	dknight	billy69@example.org	wVWt7lIxurLZCdF3jMSzmMrU7pFpRvCy8fc6Bzt9RBeLueJNNkfytapkl4jiMf1aeQXyBvRsMJNULnDh	2025-03-09 15:28:46.027019
1323	smithscott	pateljamie@example.net	3JO7UCMKRJVBLT2e2uKMpnh4EO6LPiBwolMvoBJVn70aOhg7IFODDybaijPdgveGmv67MLJEWJYoNSq6	2025-03-09 15:28:46.027019
1324	patelryan	tammysmith@example.net	41ewW5KQVLEiT4XvpnV0FhmHW60gHwwDfhe2mRMKQPfYqVmdYBKm2uzcBs36YVpXza3D9tsWryXwHgni	2025-03-09 15:28:46.027019
1325	robertsonanthony	qmalone@example.com	awU8MOJTyvkmMer9eVU3Xj3OyzCnfVfxemPio1NtKuCGSsMNzv705oYA9MmHmUe8ho5rnmMZUSQswTmq	2025-03-09 15:28:46.027019
1326	diana43	larryrasmussen@example.org	2kW5q2Zd78DmolIBx397d2xtIFgwRyMvjfTyzgqqWbuISrjHM6t89zOMurjfHoRgaMW8UCq5p3YQkvda	2025-03-09 15:28:46.027019
1327	valerie20	bowmanjane@example.org	QQr7KzXvund19VfGr9aDHMXREvC2ExybPFGE3cdy02CoqOI4XQcBkj6aWF70Y9rocEsVcGOcP6nv5ZUx	2025-03-09 15:28:46.027019
1328	eddie20	jaygiles@example.com	aLJUPkSz3E4xzTcnX2cCmzXZ33TVZz8xOZp60PL2ErSz9Gk1y9cEGqKQgyAaiphZEJgLyyUpjxFaQ0kU	2025-03-09 15:28:46.027019
1329	merrittjeremy	brian56@example.net	qhugcuKN9e9hYUg5qrAp3haLthgqFPh0GntiSLwkCJ61vgoxjTMmMVZDO5tuA77kM5SB7LHGiboRtkQp	2025-03-09 15:28:46.027019
1330	hwatson	garciaalexandra@example.com	juhKKS8PVoJ2ZP54XaLcFYbKMxDFlJSwQUxHaaTNstjX9LF2tkPzwxP5ykryx98u5TGnFDH0aVN2SMmq	2025-03-09 15:28:46.027019
1331	donaldruiz	charlesolsen@example.org	33vi7nHR1es4YpVkOGsdsKVp2u22NWyYyLEj6z8qx9gOfrA8Nz6c9x4ZwurnVvfkScVSB9W57dmVFJXZ	2025-03-09 15:28:46.027019
1332	moorevictoria	xavierjones@example.org	vxLhgd1x14XFkIn6UIlByEiF761FjDHdRBx9eKMHeYuEwwxxOHaQTpb6DJlnayYUufBh6bk5ccG3nSLC	2025-03-09 15:28:46.027019
1333	priceanthony	zcooper@example.net	iIlnQsOPSeRs7zZEew28iE51c37n8M2tD03YRAbq9Du4WCsUDEYxCceV4hW459xIYMEcMtYJ9t5tGAd1	2025-03-09 15:28:46.027019
1334	cking	kristin15@example.com	winnGgWVmABXP78GhRNYCwQh4mRLtx4LzxFCfURpQosXut19BdGbB0iGWpmu3yMYf8wt5oEYMgxlCHf1	2025-03-09 15:28:46.027019
1335	adamscheryl	wagnerwilliam@example.org	kxy6aBMcsCuKMXKzNJVamYMMlp18MkgdgggtnAL3jcFWgQekN2EYUEV1fxqA02vP8hKGUbtZ2WqQcSaV	2025-03-09 15:28:46.027019
1336	shieldskatherine	kwolf@example.com	YBxonlyFIkSXGTaernLQzOcfH81pTSWAYEeS0E3yLfJG7TDUOl7rRf2ZV5830asWFHCHLDBVyIqA2aNj	2025-03-09 15:28:46.027019
1337	jonathan07	adamsdavid@example.net	wIW64xQJM48RS03aTkO4dK0sVhbx2Tz19YyY52aehdIoR1CSv7nWeuk3Eq37CjShF82SGNPPraEGtHge	2025-03-09 15:28:46.027019
1338	bwilcox	vhicks@example.org	RAsefUN6BFHwd3mELTmbbXS5TZ2IMNdoKBsWnUEQkathaWrXs4erMElff4ENYL6EsMQhyEl7w0LifiCS	2025-03-09 15:28:46.027019
1339	anna96	nancy92@example.net	lRd76NgwrpbaGn5BnhGxsYrnxiKmiewSbdPAQ0ODpwEcz7qNHYTmbNAmeBHsSw58pdwOvDAY4awKImIU	2025-03-09 15:28:46.027019
1340	flevy	sandra88@example.org	29SOXQXzPAKwOlUOZFNYEwLkeClWiozjEP8tiWccR4LiLqvq4o3G1ruzpn9MxtCHU1OW6P0ezzshqAb2	2025-03-09 15:28:46.027019
1341	kmurray	april20@example.org	3axG3nXEi6SQBR2rUlw967wlw8Am5p3pYoJLdniAdW8MKNAAf80Yh9YGLtYt6XSfdUpdYNrZWSwLtwxH	2025-03-09 15:28:46.027019
1342	kyledominguez	everettstephen@example.org	uwuoyBtEOd4agPjxlwZboNiRL4ZPrrQS58wohacUZ7fynaJPFFhopwhv1kg2rYOWAL6NwkuLsrdSqGJz	2025-03-09 15:28:46.027019
1343	michael40	andrew27@example.net	WAuwT59pIP0020pi62CImOf9AXqt2x8Cnwrr4F1vQxWkIsOEGKsVjF2A5DTfOJeFCuGwoKvI5SjnbysE	2025-03-09 15:28:46.027019
1344	andrew24	anthony18@example.com	KkF2gkndaY3oAHnbuapOpz3r6DUEpoLA28GY41NTP6EQGyiMZjg6C7hSMojbzm917B5a6RUNWTJBJb6V	2025-03-09 15:28:46.027019
1345	russojacqueline	jessicaperez@example.net	QwJKexsItaCDWjbWbVxcJt10rNwqfBvZr3HSJxH6IzstOJOTK92DOegZ7XTznkPxuKSBhyW9fR3Cx7rv	2025-03-09 15:28:46.027019
1346	gonzalezsteven	gabriellaschaefer@example.com	VxF9hYPjLbsiS3a5A6tKpbQKy316ynj1Pms3ZOWffxMMZOtft0VILrV8sZM5IzwtCZ4QpRWAzOddymQt	2025-03-09 15:28:46.027019
1347	davidzavala	melissa58@example.com	HVs452bJ2JANQT7lK1eRSnD6dZ6TR7mIdPYdP4pOAnrTTUsXxThrqceaJfHnx7eCL1a0qrZXpLgfc3Dl	2025-03-09 15:28:46.027019
1348	leeshannon	randallhill@example.com	4izk7QcN8yPhGAdr7HQ3JzzN9OpXzVG1Mj3RqSlozGijJUQxycLHi1hGxNBUXw4UQwOxXFOXlx7hPKfw	2025-03-09 15:28:46.027019
1349	dyereric	yolanda71@example.org	Md1PPX7pIYwsVsBkIUQj6l42xBvDs51wVARUR4TIt4a1SMEpZkVooIvT0eO2mzIhc7p00nlcPd0iU6iI	2025-03-09 15:28:46.027019
1350	meganrowe	james89@example.com	kk8lFjzH4ZPBUeP5yXQU4aMNykkvFDanqDuaMi7vGO60CYjzowI3YwpnC5oSRnSbEDTf1ZxkWgDDwank	2025-03-09 15:28:46.027019
1351	jcurtis	graykyle@example.net	EgdEVzHIqDQ2ICiYkuvDs89pdAvTh99ZVJzVLT1HmS6jt80XzvZPB8HWaHneIkwTkkQoZiQ73hgeiGEF	2025-03-09 15:28:46.027019
1352	robert48	harrybaker@example.org	fNOJ5qvKhXRXOBHswUZ9HS8AsFwwyvBGYhHyVwlBEBWHBKzgn81uQ4A7Fb3fyhMpfe86U8MTETKJcaSM	2025-03-09 15:28:46.027019
1353	williamsdennis	mark00@example.net	4HVfes12kfEMXHRLxYHGalm89C5gQRJxkOmMtw9jQlhRy1bTulLPtsQxyjcNGa4FuehYfn5GDI22C4KN	2025-03-09 15:28:46.027019
1354	allison28	johnjones@example.net	OCF2y91XrThp5PaaAsAJw9m9aRmV4AWjgILe4j4iqCqlT4Nq2N6qri7lkXy17rHxS61KvN66ylBlDZSY	2025-03-09 15:28:46.027019
1355	michael94	jonathondunn@example.net	llpv2sxAB1kqJ0gyg7KBISawbKxlsrUns1WXehY9HBoq2UOX3jZwyOvYtaVQw71XizC213BiqOCEG5ft	2025-03-09 15:28:46.027019
1356	meganmalone	gutierrezronald@example.net	NnnukLPlJjaz2TLbj8v0I2Spv2yXRGX7TRPBfM4A8A0eEtMFRh3CH0XdwX9KKIZ3lCNmYxHPWO2AhZV7	2025-03-09 15:28:46.027019
1357	brendajones	audrey50@example.net	FAAADvumlzHP7PhsI7moM0EtkJazIvyEHVpnyJ5GpofKRXmhvRii8j5yIyOp9TvvgEoPxdEfAmoc2Wrk	2025-03-09 15:28:46.027019
1358	sheena49	hmoore@example.com	C92KRXXm7kKKzZiXIzehsoHivZ8oiEumLSnxAHpVLAdIk1irbYqoyWRf88yKieH6nXpumj2vy8JcjdHC	2025-03-09 15:28:46.027019
1359	howardjoseph	murraylisa@example.org	GBsVVTZsrVAgP5aq6ULem7LHBSK7CCBhhUYXYxW2RrJ95mVffk6DnaGlDZ5FxcWcdQZAKWzlqofsVIs2	2025-03-09 15:28:46.027019
1360	craneelizabeth	kathleenshields@example.com	3tf6qVJWlTNy9Buo2vajEAfGUI6xKyLdxNPVbMLB4mwQGSHy8T8bwZjLphHxYgm7JlodYRm9BpBIu5U8	2025-03-09 15:28:46.027019
1361	pooleelizabeth	christiandylan@example.org	mjqeJgE4igSI4WFYJpcKWjjyQbNLU5hvAJyGeXCDGsNdTlm3p70ZfJwC0r527Jr9MocfXHdF3Q8h42fI	2025-03-09 15:28:46.027019
1362	george60	newtonadam@example.com	wEplG11eQCcIT3UdLjqyklEQPcUDsugXrTR4aYk3FjwfVtcPzhekQqn72gKeR1bJigZlyUzRVUnMxBGP	2025-03-09 15:28:46.027019
1363	mjohnson	hcollins@example.com	GYSvmDXiEjk7plMERz77qExQu77l5Aoo3583X1Xw6YuulsuKAZqifarJZ4cNq1QbJREEdng2pu3GBExh	2025-03-09 15:28:46.027019
1364	jacquelinebarr	timothymorgan@example.org	5OcmUqQAUa3faQW1QSJhdNXXQLa0Ve9KEzP7q6i0PL4CHuz6XYeJYffgOVIzY7gcIaePG9s49Rxoujjt	2025-03-09 15:28:46.027019
1365	whiteryan	elizabethschmidt@example.net	AOvuy6rxwsGSurYiBPzqGiMZNsjTaW2ZrfbSO58xtS4KQLCZ4JIuDjDqwCF6RMOzuQNXMFu5rwctcXB2	2025-03-09 15:28:46.027019
1366	wayne86	jenniferstafford@example.net	lvwIc5SyNQw5N0V4IKGuPL4rHmHICjEchGe7gHIBGGXfqFIf4u04SnZleDTvidGj3VpGNTF2sqGAMAgq	2025-03-09 15:28:46.027019
1367	heather14	rosskelly@example.com	J3Zu6wcrqltV4UHXl9YGtSNXZG1ExSHnXh6ilDpyDs0iLuV58u4YxVrzTeCQWdwWzfAgLyF2XWIyyF0g	2025-03-09 15:28:46.027019
1368	patriciamolina	ymccormick@example.org	cacDJ8BaADt9zuIs4RDLyUeEHlQjDQZZLAXoDk1G1kXkdiecOvl4WjHIBuOcSVPFa437tW0lpT4gAzDh	2025-03-09 15:28:46.027019
1369	savannahmartin	kristen76@example.org	FNmozsCsoIGRURoY62J0XI8zadhP57tZyYmGH8bAwl2UZi3bd9Xxqf3po9HL8Tse6I4F0En6WVtxr4uA	2025-03-09 15:28:46.027019
1370	shill	ojoseph@example.net	shymo8eMVY0nR12g7fZlhHUIBEPpChL6jnlwvPa3GexO1N0hufD2QpNcPi1BVBOP9l7GCmnISjT1hSoJ	2025-03-09 15:28:46.027019
1371	matthew54	hhurley@example.com	PsbMpbgPTxpq76BrR9rB3Y1k6RKbmDkNh5F5CsAm9cI5OmtEiD31fBr9QCnmx4himvx36kmU5nDgmpug	2025-03-09 15:28:46.027019
1372	sbowman	ballrenee@example.org	Hj6aY1gdHVF5QBfSICZVsxnsr72rChwj4fFDt1QSLp9MqRyCAHlocYYz2lz8BKAl01ASZ261UeNXL7nQ	2025-03-09 15:28:46.027019
1373	josehart	vmartinez@example.org	cuviDE3xv2XvVNAZq5RCIAYfuMITNiiTyHx1m5ArLYOnBKz0JYBRKXHVMnzSjfKWCPK2vDrAGmUu6yzx	2025-03-09 15:28:46.027019
1374	gabriela64	richard44@example.com	ttEEoAbgT87GZ2NhmIaJOC40oPvkikF3FKitYJkuRXgLLzamHKdndCuY22qsvEawyCXfGzo0QdrevBXK	2025-03-09 15:28:46.027019
1375	callahandaniel	joshua41@example.org	zeCEuZcva8cnUgAIajXqTZATxCkAozl0Y7AJtBt2QS5EDKrBm2I0777BCrIIsLO5CXIq8fP2pdYbkKHT	2025-03-09 15:28:46.027019
1376	cherrypatricia	kenneth64@example.org	mgqn7FhKCbTH92Fovtm5G5leogfCM2988D5AhCzzITF1q0yvNVMWUxVx7pEbwfSAJH1VgSvyMxuZECxM	2025-03-09 15:28:46.027019
1377	johnwilliams	elizabeth12@example.org	EKvGZLJEYa1qtEfnhFPXYPiL0sJ4Htb40Kj55UucDr5HkiylcgqkBavArSBSZmWXGr4igCR8D2Dmytbm	2025-03-09 15:28:46.027019
1378	dmontgomery	yanderson@example.com	MGgyDgFFD1VgUJ8y3WLLbcOEO7PlxaBCchNChB3LERANnWgwYaZ4HDi9boLJ7Qg5N7ztF5mIQixBZOUi	2025-03-09 15:28:46.027019
1379	smithsydney	esmith@example.net	XNySjgftLujQaipOrA61CgbKHqvzZwNqgxvuGHfku1jKmhK2QQaCZ8B0vW6fqnKgLD2X8UeI2LXZLnwy	2025-03-09 15:28:46.027019
1380	jamessusan	todddaniel@example.net	NMzJ3BymF5Sre4ZWWoc4eY3VmB238xrjqutViNcmVBANJM2q1n1KkBQIwbEMdXVgcUiDs0AU8S3IpGnW	2025-03-09 15:28:46.027019
1381	jennybennett	anthonycarey@example.net	WdXHsBfBkAsAGn7EHmWxKQWimy5SYRScJG2jHNk92hJQeHgizJuxmLLfR7wmSEhiX8faEvp5oTPLRCHf	2025-03-09 15:28:46.027019
1382	jonathantanner	ingramronald@example.org	E5VRY3IbX6yLMbk5esnNGUoYWyA1TIGYK3RNMYSBWZjblTJKMa84Ysfi1NluaMREdu350bjVuhwrtNnM	2025-03-09 15:28:46.027019
1383	kiara23	juliegonzalez@example.com	eZsmacLcrvvpqmF9E3jJuykvYEAPnfg8ODTBTLQjfCEORMuEuws1HSUrcGMMiPZnZWMu6UoQmm9ywt8Y	2025-03-09 15:28:46.027019
1384	savannahlee	jrodriguez@example.net	fOZrU0wsuz2I1ngzk7FI6qqMkQUdBZVg6uSkUogjXBg7Bk7kSl7rk4h7quF2r7foMic6jDjpFakiE2op	2025-03-09 15:28:46.027019
1385	brodriguez	joshuajones@example.com	2s15208qa4wtmSzLwJ3aFICrwhKPOW0Ef9L9CNQ2sNTVw6I47hSV0wi9t3mCbrNxelW3r9iOmoKHz8qx	2025-03-09 15:28:46.027019
1386	michellehurley	michael08@example.org	ryIwzAotTOGEKvdeQm0ke8zuoS8OQW5MUwmjOCHyRF2an98Vg4ZFPgXQYeeaAvcMwmSDycEnXes6toYf	2025-03-09 15:28:46.027019
1387	dwalters	romanamanda@example.org	mTDRj5WzXZIAsZaO68p9airE0fPPo5Jq6YSd8P8OYHLfa3MCql6tfVnCal2zkPzwilUM7PewlqiyHyjd	2025-03-09 15:28:46.027019
1388	myersjoel	chansen@example.org	3GJ6UuBbM8AVk9XvzwefVGvk9epXCZA0L8BVqdBhRoa9tjOjBx0Skv3oWBVFpeYGUmYgYUfeQhrqjUKZ	2025-03-09 15:28:46.027019
1389	larabrandon	mchase@example.org	9nSFCTpH4h0NdC91DpkBbAE6yTYrS0Ffz50Hom1q8FJg1KHI5OmA4uhVddVsI1dphydbTYk15K0lw1Wi	2025-03-09 15:28:46.027019
1390	whitejeffrey	joanweaver@example.com	BfqIJdlbRBdZos5NnOU5Oxpx5obLCxiYMbn5922JXfAsVQv71rviw22IihHcjn6hZvq6Sw0GUQwPHfuW	2025-03-09 15:28:46.027019
1391	wmoody	robert52@example.org	5jSgB3YKFKttdnCxEHrz47tlEyfshNw4KFqTLfRzIIGCmB7BlsZ805haScRtYdobK147HGTGyIKXux7U	2025-03-09 15:28:46.027019
1392	tmcdowell	kgarcia@example.net	HXSNFfJOCKfaQM2hhmpV2RqLspqyCr43GwRpPRTL0LI7TyU88cfQK6JouBmswBtdsjchzzYMiDhOTFOS	2025-03-09 15:28:46.027019
1393	pholmes	walkernoah@example.net	RNl6N67L3NB3YnVqOauVIXQjEcnL3az0OWHWKsDMFqUiTkOmwW1hPbhzjwcZvKLNnAGsbyW0fvO7Tmwi	2025-03-09 15:28:46.027019
1394	simmonstodd	wilsonlaura@example.net	8mxoJVEBZw5ryJqsH7S8UIYo3bCMwjBTaihvlwThvoeDXXg0o1s2LaNEuoqr6WirJvrMgfpVsScsMoVG	2025-03-09 15:28:46.027019
1395	nmoyer	brandon19@example.net	bY3xtRUiBGG3Zt2MBw8B2HNrtDhcOd9zrMx6hwGnqUzFkxpnBMTqgDSyQATvZiKe7o2D5wLOXnEQmbvB	2025-03-09 15:28:46.027019
1396	thomastyler	zhayes@example.net	2wTlYgr9KeJPknmpLvoNBRRdhktA3Hyz1DxXEVpJgHHWsfu0JxuoFkwe6Zdekv5UpOhTRBWv8HaB5Ksa	2025-03-09 15:28:46.027019
1397	kimberlyperry	kendra16@example.org	YNE6zLg39izLKBou60MZ5ybT5u2fou8N131HqTtpdwJb49fubJCV9tTqmYfpOAVmLScQOnqgwTRGVVHw	2025-03-09 15:28:46.027019
1398	carrieryan	nataliesmith@example.net	WeygKSqMyXE8cUJtJ78Td6y7FvKJz1t0BeKtuPdn3dYDrPoSNT9vpgUOTnQub8vHfsw1vQEs9HY1tymf	2025-03-09 15:28:46.027019
1399	joannaphillips	wchambers@example.org	juzLn81HBQNlPx0AzQpnbe3lEAOJdWnq7yil0hwBGC0YKkBMfzVAC53kXj3IBf5fb8uoU49GEGI9vt9x	2025-03-09 15:28:46.027019
1400	angela71	saracampos@example.net	MGpOVo9nuUpC9ioKrqvsqDsoEg16aCUH8mWhcFMS50fvLrIZI9mPNBjxmsZIAJtrye2oz6I8LYQjOxtO	2025-03-09 15:28:46.027019
1401	deanna15	anthonyerika@example.org	y5pZazQhe9fp9XZL1sZvbOrKMS1fDPqvpUmrWGZIdsyW1KtTOwgS0LGlmyxBf9JIxf2E6bMBr0cdvqZ4	2025-03-09 15:28:46.027019
1402	deborah99	tonyalopez@example.org	aekgka0uu7RfZz4jhvYfKeOkgWPpFRENhKAn5K8I7U92gSqW9yfUK3IROzourgnHrSTnlMnqtkMrEdkp	2025-03-09 15:28:46.027019
1403	mackenziewilliams	fanderson@example.net	XYftHdRio7O2BdQcgzyhwNySU1Ft5yJxzwp8Ibb9FjH1Nu27dsg4yzZeJIPDdVvFoJbKfzO4YxGqvgRH	2025-03-09 15:28:46.027019
1404	christopherjones	deannataylor@example.com	1aAx2v5759pZkRAHGpDpdHS6T1W366MFaSQ29i8RCj8kkMiKdIoQXItAqD3AOpGrSCIwJx3qq4Tg9doA	2025-03-09 15:28:46.027019
1405	rlester	carolyntravis@example.org	cxOeUwV3z5OUs6FyxTdOvJyCJp7augA61FDPYFKau01wD5zdDAqTqXIx1cvMhMnf9xJyscZjjetxe7B7	2025-03-09 15:28:46.027019
1406	johnwebb	kristingates@example.org	o21xmG9idKlUzHMp7rWWZ7EGbg7LtXwNaZ84OEt04D6Gg91nXSwESDX6eXjJ58pBJKaXskNgLTRB9vEE	2025-03-09 15:28:46.027019
1407	joyce58	walterjohnson@example.org	oBXMH3AvGJK5Nxdw5Vei9MRpLfRQdVqeIfLU4gpaf0ZsR92LxJRuHWsRB6QvBbBEQkGhirLRNZ35eaOY	2025-03-09 15:28:46.027019
1408	johnoliver	zware@example.org	EG2KT4029gMkvVT8LSbrpqLzLKTkV2XgUIiHxeODcInabJBQAg0r8KBlSgNetCJdcuqLc6JFwdC1zWJo	2025-03-09 15:28:46.027019
1409	dramsey	kristi90@example.com	f9gn7boFGetkOODje3qepUITHCwqMPleqOdZDV8qNLgCJNzWhTwmyeC6nnpzLKUIFlw1cHcKeppVTE0p	2025-03-09 15:28:46.027019
1410	amanda31	igillespie@example.com	dmSDtv5WMtNZ2pyiACW08miPH9qBc7PL9bTiq5lJZYqDTVebXN92CuAGUEWndUUTZ6sgMue29fJax3Jr	2025-03-09 15:28:46.027019
1411	carmenwest	tylerdavenport@example.org	ob8muzoP2toYsnrLgJreLQdxmnNpYeHSD1V0lhyjF102CnrJrQV0y5Bm6SZHXuxTx7eFA0eErn5LpdtA	2025-03-09 15:28:46.027019
1412	kristabrown	kellyross@example.net	qye0nBKl8dKcxwuiEFklb1bR7BVrKx05LKvDhA0Bq2PQ9Uyql7uKjU4evjFEghQbUJ7UeYF5PZKY4jZV	2025-03-09 15:28:46.027019
1413	shelbyrodriguez	tgutierrez@example.org	8AMJe5GZB6LwrGsXgFRZcY5xbnshiVXbIaRUoTKpkI86Ib2IMrHwkuqLSU3K5L1Sws6DSYtvWu6BosWk	2025-03-09 15:28:46.027019
1414	rlittle	nflowers@example.com	BXFYZzeejbNvrAhhARJ7O87T1e9hbbKcJZdSiO83FC6iXc1eRNqeuVQEr0VHJUo4Hn4Sh67HyU6TL8eH	2025-03-09 15:28:46.027019
1415	sherrymcdaniel	tammy80@example.org	ba03yabTgRmm8Z09srE2kQ8CpRvTWWWrhZN1HYdtMkfDUjhwoFN6zQE2UzSiV3pl8zrl19x0rSVDrx3G	2025-03-09 15:28:46.027019
1416	paul63	connerelizabeth@example.net	y8IZrVDeN6l0VrIGJsWhpVaESMSF3cDtu5TiE856883bVdyt5C2VDDQiguBGfTOkgGsfgbQXtDHHJ9da	2025-03-09 15:28:46.027019
1417	zcook	jerry24@example.net	sOieMPYuj3rquC9urD5lMKGbfCEI5MFdEvaL7raDtx7J11EH1VUHOmHE7VKUZuB0PaaPJMklxhirGziN	2025-03-09 15:28:46.027019
1418	yallen	milesshannon@example.org	rySNAzJUm8BICjARJZcHqbWVnO3q4r7njwGeheWWdpXHjhMeb3SawNkAj5H5vvJYeVTNqQsDiaO3z6tV	2025-03-09 15:28:46.027019
1419	mwright	kimberly15@example.com	0afaVTdcxQ0CTQhdgPO55vvmtkBPMYoOJxDvHdUOOLZQJHYIeWVsP0k9N8NjsnxhY5LSugbOYMHwCfuZ	2025-03-09 15:28:46.027019
1420	haley25	justin89@example.net	UYrbnVxOIcAJECPAOGTNwULdT9NC8bRD0wS0CKHqT5ag5Gkwor7DdOAXXLkGYiNaa8KYTAt8VgJ9Ur9A	2025-03-09 15:28:46.027019
1421	robertfitzpatrick	tonya56@example.com	gEq59kKub6ZtBFJmzf6BQLeYfpa1Zz2WfzBJdqPsqp7kkQS8GWVoQPMgr9kkg45jdkZtEdWri2eO3ESi	2025-03-09 15:28:46.027019
1422	jimmy20	iramos@example.org	NbVzHlPxbKwTqkkLm7ZjTNZTm34KA9uToDq8BtshkArPoAHQFmloNcEVWJrFDtZGilUEw8CtFrZXAill	2025-03-09 15:28:46.027019
1423	william95	stephaniegates@example.net	1AzKLLPVX0aaVMszujmTXhNeBhtcEJUUMGQ7WEiGEUByctiIyFQYmI2eNH0HaIgua4aGHtOPeSyWmF2t	2025-03-09 15:28:46.027019
1424	yroy	ianderson@example.net	x4fw0O3lY6ehN0wd3dvDNWGXVD0d974qdItpuDqVLVn2ET4VyhT8wC94a6vvuljJr8hVgwzbrNpyYP1H	2025-03-09 15:28:46.027019
1425	georgebrown	victorrivera@example.com	ekuU1lZoa5mEyVAAnt0xdurHsgevoI4k2idfpBFwDPxq4rXfcG71ys9GO45gx4yHkXYZMwx1enV7ycZn	2025-03-09 15:28:46.027019
1426	jacksonrussell	diane92@example.com	ykeqDaQeiMR6q9e7T8taRqkGfs4AYHS1YHYFwkONR1N7BTPb1myAEeByF5Kqy0UQKlTEsBqfF1PXvwLR	2025-03-09 15:28:46.027019
1427	mgonzales	scott44@example.net	TxHnQSP2jb04F6j55tHRQOJgxVtzar50QsRPduT0HxNXPjFiOF3n7mglYe7ZKxreJQWelBniPdcoqCHN	2025-03-09 15:28:46.027019
1428	marioleonard	darryl39@example.com	trjGkETrfOu6A4J81I6Fvr4zqkAIkrwviIpBOGQ3hggoBNyuAmCxfA0pt2ZmGWAOsjoscY2W8FbnUPxr	2025-03-09 15:28:46.027019
1429	ruiznathan	underwoodrobert@example.net	dkNGxtj9uzZ2SKvAuKToMgO3wVSzivLFz4EZz0nbKvBCXfOAgdBQVCVOS00d9w2eWBGDwLqw4zZ4Hw55	2025-03-09 15:28:46.027019
1430	ericbarnes	jenniferlam@example.com	Zn7dgRj48mldq9CxFSmbPqgFdiJF5kd8RlBUazWE357jdBIdzJj2ocPawazdbhN6qH6jXROy14Wz93mC	2025-03-09 15:28:46.027019
1431	iford	craigmiddleton@example.org	JV8EcSqwWZNzge37268ChM0bNOo0nx9ldRDBofmbPoFthmzBlJatTCmXQcz6Zh1LJcc6crbjXOSmH4K0	2025-03-09 15:28:46.027019
1432	richardperez	jasongraham@example.com	Osi5zfmXWPDUwQxA74xdKtdbDc1ezBXbAzhotjy00zWgtBddIhGuKc0wiTNY46ZGkfNKq87PNiMzRycZ	2025-03-09 15:28:46.027019
1433	sanderson	tgeorge@example.net	DXeQQcIbcYCNJagalF4ZBVYMXxNyItJzsBP7jm88KljKqZRnvNjQSX6p5SrPM9AU1j23SsCVL2v4yYFH	2025-03-09 15:28:46.027019
1434	jennifercalderon	daniel77@example.org	C1AocJWyVcWkkjPsxf7vrrIbFIaQoLVKjCyP0HPDSPpvmJ2jQHlsEXeF3VkkOWFD2w0YhHpI17Eei88v	2025-03-09 15:28:46.027019
1435	macdonaldjessica	ashleyxavier@example.net	Ezw6LS8Yx53PBlFx3gvS4GdQmNGxbky7LFTreMcJpCKwgtxaE5m0smHQ8uhxHqpmDCf11wDRI7cFlp2h	2025-03-09 15:28:46.027019
1436	youngmaureen	maddoxdavid@example.net	zg3wessXrzgPudw8Z9Edr79U4QmQE2QlOaW9N8QqrYSKKqykDpoj4FniNmIKHCnkTcmhQVx0NreT1iKN	2025-03-09 15:28:46.027019
1437	adamklein	garyjohnson@example.com	Dx0ZjE6YsjVIWnREwZlsXEhhkEpA3GuvZlxrtU8DRdnJUwsD3ToPHLrJlaVs2sYGRkKAc9M3n7Bl9BnY	2025-03-09 15:28:46.027019
1438	tammyjones	ffisher@example.com	7XrXhi1t7KOlMchNFgrbSyaO0JEY9YdvXHfpcy5pSThptB7taApYv3I9EsBsyAcV81aA5va8bxX9X0ig	2025-03-09 15:28:46.027019
1439	gibbsangela	susan86@example.com	LZXDqV67vbl1ajHqIFANoQ95927XhoR48S89jZIRnUHeY355XKMvNbx0xfYqaoGJz4eiGYDttBOHLhEQ	2025-03-09 15:28:46.027019
1440	williamsdaniel	tamararomero@example.net	Hn68RYSWRiNtdJHL0hQrESIPCfmWCJfcM0OmUAflHePdv05AXlgEQaWyGplcvlhwSrS9w8fwT3pXfH5B	2025-03-09 15:28:46.027019
1441	johnsontaylor	douglas24@example.com	fuFZEAa5R75NSDGKiDe7sPXXRNE9o2IhOfUw4AKcdrGYx4rPgxtmYZct9bhpnkrZnzNxAGtdbJoxsoKw	2025-03-09 15:28:46.027019
1442	duanepacheco	rachel78@example.org	bF9LEs3gg3CiECSnh3ldgJOwywQ99z0fHpWKyrHbFzPF7Z9FOFhSWYRGQPKeSoiTXSXrUt8d4LR0Bgl7	2025-03-09 15:28:46.027019
1443	karenharris	byrdmarissa@example.org	DUg3OQbiKbKc9W9SyGtCZZUPqTMgaEdJG9AamxsYY1RlwIYFYsbZQP5myaxYHUVBNNVvBSwTS2IuaU0I	2025-03-09 15:28:46.027019
1444	mdurham	timothy82@example.net	i3wCTOp7RE1ULrC5JOowmJ4GcQAlqcpTlDG2OVIwlm0gZYQzcZUVYlWTw6gl3TbL5xL4lmBA7UbCmEJs	2025-03-09 15:28:46.027019
1445	gomezjoseph	alexis73@example.net	Ic5slBMUAH25rjqzDBTfsbwDTR5j4fZ9YzuWFCgznnLv3374Kdt26kEQleS3MdSw8dpmG27Wj5gcKJxY	2025-03-09 15:28:46.027019
1446	parkertina	william86@example.org	Tt8pVxRiSB2wiOIG5JeFYiUnAPK2lWKsMiy3WKkihOlUjBOrubnTayM1AOdWfnVIbaR2NCabZxYtaGh7	2025-03-09 15:28:46.027019
1447	kristinavila	yboyd@example.org	e20y2ylkZNgtb4wCezbuJCB0E5ZZeblFI8THBrE0lTtUe0hFnAHFuqBOvduqAjH6lrvmpC4vSntqESfV	2025-03-09 15:28:46.027019
1448	kevin22	iklein@example.com	2iTbBwscoUJf7mkhpGRiYeYw9GkpEuLir2ieHrghj74zz8DRmG5V4luP7FWCAy7HP3eyN0CA5qTOkuPu	2025-03-09 15:28:46.027019
1449	sheryldixon	matthew66@example.com	7CyTE20USY2WfcrdqQyDd9b6zHF6i6IBxHxxiuroH8wgT5Rg2YXnc1yr8SGlq4TG0KOetMbsBGUckIZK	2025-03-09 15:28:46.027019
1450	danielnichols	torresandrew@example.com	bx3wRtE1zzU0iefg3uwq48OIf2UgGDWHI5jeMgReOyoKXeunVeGqDdNIr8PsokvdqCQiVfH1TBvlZMnb	2025-03-09 15:28:46.027019
1451	kylebryant	joshuaholland@example.net	NqOz6ael5F9hnSAOukufWQxvHD2x9fxm86gCVsnbf4b2uDhCWxhZmLAl1TMA9yCdaZGxpUf82ZvddRW8	2025-03-09 15:28:46.027019
1452	rmoore	swilliams@example.com	mTUNd56VtJLIUYXwepfBQDk5Si2GqWyNl6FA6oOl5iRZUt1On7tQnxMvqYCjKMJirPnstrRuOuYu0SDv	2025-03-09 15:28:46.027019
1453	alan81	campbelldustin@example.net	g1VfSmAw1W3pAUBL15LCZwjDAnsi9TLhodywEtWfCZGyVqwEG3y8TW8vcUbRiEnt9oKWYjm9251ktbtw	2025-03-09 15:28:46.027019
1454	powellbrandi	benjaminflores@example.com	pbbiuodVsvzf1irBhX1y66QgWhl9LDF3JxtoFyU9nlz0VvVm8IZTffW9pbeGNpOKohYsYuqeLaqShrX2	2025-03-09 15:28:46.027019
1455	stevechapman	travis99@example.org	3n8I9N6esJfEIEmOoV6wp8mnSlfevM2A8x6C6A9trklql0nBtPfAyyb2EuFnnGcUXUB2IvHPxvoLD52G	2025-03-09 15:28:46.027019
1456	jlawrence	pmartin@example.org	ulIDKspJvhcUyYgQ4cYH6sBG4iCnSqDzHuXzRY43GegmmvfS58EHMvtzrIwjY8LZ2n5HArwUrsYilkc6	2025-03-09 15:28:46.027019
1457	gonzalezjuan	mark97@example.com	KZwfGLItoXHMIcDXB2C7mqRtL30eIE8ptjfjijxLvU9gz3RM6HDfFf6TUC7ktdKWMpXOYDHf9cDXLhtE	2025-03-09 15:28:46.027019
1458	brownrobert	walkerricky@example.net	pgQvhj8tbJa7Pb9irrOLy3oXVJj4WR3tpSach61d4LEPpYO0PXvLJDI2FGFmj5cuGxqUMJHMv4RTkmY6	2025-03-09 15:28:46.027019
1459	acooper	stevenhoward@example.net	WsOI3yC1hmFZXYz56XU1DWroTo1MrPamVYPegnqUfqgQfjatgm70bP2QJjUol9Xnbcr2OnTYopXwCWcS	2025-03-09 15:28:46.027019
1460	teresa91	amandawillis@example.com	v79wuAksfPMiGfE8bm74JaqmvpzOt6S0OtOWUCFHDXh0Akgh9AhiICJAOYqzPO7rWFoakfzaWgwgF0N3	2025-03-09 15:28:46.027019
1461	donnawhite	gregory29@example.net	NM7CuC76XhbUZ6zEebXtLfIPXrvVDO8fEDDAUpqz3BqugRFM6s1bDLotVIlhbkCO4D7DkbR4ZfSlHDNI	2025-03-09 15:28:46.027019
1462	kevinwu	stephensangela@example.net	OvWXz1kkLnEWhjfuALyC0hf5NxHw4Vm3uTH0mvTp4r2L2h2HZILRdk3VjN7eFC5HQaCtLUpxwba8ynuL	2025-03-09 15:28:46.027019
1463	josephchambers	michaelgreene@example.com	xGmEG2FfYWLhfgoFNZ7UDZ9Y8Kjlnz5JvAbsfpLhkFtYuUC2QvoPDfkQcl13aPjq4hgDre6N2iD67fZd	2025-03-09 15:28:46.027019
1464	joseph50	meghan01@example.net	YLzJKhfMObtyIs54osWpsne07FzXpb9yHtkKcOOqeCIsCJdgCTeEoNj29kv4qrgvUq53RMKKBcCTemTn	2025-03-09 15:28:46.027019
1465	gonzaleznicholas	ohernandez@example.org	IKHPuewORvtCWGg8aeUBIUvH89r9gXJ2SqDuQeJiLD7WqpVIfrhl0XcwcNDqHBg8gXEAmrha8amjLWyo	2025-03-09 15:28:46.027019
1466	john25	diana48@example.net	pAzwmIgX9CFIaxBIiMhcbptiEyQGH39Nuh81lEpJTyTFtXZWdyoZAIGq6cixYhW2XySbdaG86YqUReuf	2025-03-09 15:28:46.027019
1467	katieroberts	toninichols@example.org	1ofiUE48zR9AeuWiRO6IFqUSpYYVFkL4b0y1qW32LQNMtO8qZPZSMMuMEDUDUEzPA0OFYITbBMaCP5o7	2025-03-09 15:28:46.027019
1468	msmith	matthew35@example.com	tXZHKs0fn3xbPpBqaIjbzWkDqt3jQHsYhaEwguzxo5yb3l49Mx5wx0hXYprSd6EdadZBk4839KLrkqH2	2025-03-09 15:28:46.027019
1469	dcook	stonelinda@example.com	Vc6TA2mPCGwHDskIpWK2SSnrSv3tvTb9cDmyIOBcf7eKE8zYHoELa7tRz8oE6hUZRRvz9ZqZlYrcSbul	2025-03-09 15:28:46.027019
1470	davismichael	pwilliams@example.net	w73iFYCQu3LUVQcO9fZG6No4CTGch0kM6qXmWp3tylDWNobK0I7440wC2FAZEfL2aAC7DN3ASoIkSGjS	2025-03-09 15:28:46.027019
1471	stacey64	bmatthews@example.net	yHb3xszLGn63vpcNooMznL52tDbdY5rCtl4qi5fJA2RKr0hO6TQWIh9y4FODj87Hm2sNSK2OFtOHx63b	2025-03-09 15:28:46.027019
1472	gibsonaustin	vincentortiz@example.com	ktz1DNqhJ306VhkvnjfSbuH8p2edX7qH75S9xHjmMWz8pz49LSBmg0LXUTWcT9keZZgOR1SPTo1Mj71M	2025-03-09 15:28:46.027019
1473	ibarton	shaffertonya@example.org	ywllno35bFNfTLaUfgps1EQNxsNJiNYoxwwhi3ZFTSzIhM8mFwq9DKZuwIzyFLX50SHsB7SWPwecT3F5	2025-03-09 15:28:46.027019
1474	mshaw	christina53@example.net	Cjc6aCaBOAcF0llTMTB9dV2BDlVqdsf0c6qNVuLMjmAK4BbxWpIAIOzp361hsnm7aAD8xV2W6wgXJ5eu	2025-03-09 15:28:46.027019
1475	washingtonjames	whitemelissa@example.org	9DT1e7bbxvcJGTq5hnCi94ZSM6hGwLzBADT9dTiCVPAS7FsUc7GVh7JassIjMmTmSZNDrZukIwldA87y	2025-03-09 15:28:46.027019
1476	walkerrebecca	tiffanymason@example.net	MDDJhfxG4NemOHkC18UDqwGYNqYLhTwIZx1xhYqI5RO54Ao8ag78YtmLcnMJFoAjSou4pPbsmLUgfoY2	2025-03-09 15:28:46.027019
1477	dbrown	evanking@example.net	K97cHvTz0dMc8UUlS0CaEY2Zq5afvGnK6p3STBU5pIwcbekYTbHNfhJPg9RsDdYTOgCmg8WWxow0wtoA	2025-03-09 15:28:46.027019
1478	cooklisa	tasha86@example.com	KFTceu6Kl33R8t4KLap1z2e7pEdfyWTGhv4ziRXvQDumSEuVzJ4LH36smRhOxH4TlQdrhdwjhFqoMJZH	2025-03-09 15:28:46.027019
1479	douglas00	fwatts@example.com	m7c6GKnp6CpEBbT5xo8e8JH8X2GnhsUPlDEoDI22DMwWCgZVkQFpeHFQHDABk1F7CP9vIYdhme2j9iS3	2025-03-09 15:28:46.027019
1480	jason55	dconner@example.org	GVUQOxJN6G6QQBIJyTEubZG6FhchAXMSJDUMt67f0f4aR68HuVJ5ZMCNv5Peh1H7VVqwSOd5pPsHeK4S	2025-03-09 15:28:46.027019
1481	mike18	perezlinda@example.net	uI36H6lTJ8AF9qsCinG1sTv1Pb7czHHT0tAtvBj0nixwgq1GrIDNe6EuwO9gfUpksSidkjYfu5LQrtjQ	2025-03-09 15:28:46.027019
1482	thomasjackson	davidbest@example.net	Xcd7rDyJBBvW8fiHpbIBdP87hfhzNff6YME4PDt5h2JbFZwUCzx1BCAsFXmBrTfyzy11B9ybVkcsebqy	2025-03-09 15:28:46.027019
1483	lhoffman	lisajones@example.net	6PjPDKB36zh7PTNK84nN1URnUKhcPF7B6PIJh0CrDClvaSUiLunJF6mR6ri5uKsc5Bqlft34NIpP6ty3	2025-03-09 15:28:46.027019
1484	colleenlittle	shannon55@example.net	AgycNJV9FFAMrddP1BbawxNLhuKfvFXSefc7xB0WmYDhmZ3FrtYQp621cUZjYo319BVUn7GB3YUnC5nQ	2025-03-09 15:28:46.027019
1485	jennifersanchez	aaguirre@example.com	pPuRTNAETjXJnXRBO8tUqf2GCJrUPj8hXebclDWq6RtfbUONGCqzM6tinWhMQlfD6WGtnkvQ0YlCw3AH	2025-03-09 15:28:46.027019
1486	birdkenneth	westanthony@example.com	rqoPKYXT6i1NB46PRicZMW9kUnNEC9eTulxls8arsa114KrWigmIQzx2WhcQ9Ulq7xKb7JaMNNezd659	2025-03-09 15:28:46.027019
1487	hurleykenneth	shermanmonica@example.com	BoG6Z9ktQGpfizC9Pz3BNsTyEwZOfC3OyT6pOGG1f9WupS38ZzAHKEpakD9GPigbRRVzSxI0PhA27tLf	2025-03-09 15:28:46.027019
1488	samanthaevans	meganbaker@example.org	uMi0fpjtrEQrWHwwK8KnH7DPIrFWENn0h6ubdA3oA9ALsvGUjodINz0fb3vWtDiISFKlRg51TpcntodO	2025-03-09 15:28:46.027019
1489	schaeferkatherine	gmelton@example.org	Pu9AYkGrzLhUxR7peQHsY0jAG5cxTzPPhYd0ySAdxXI0oQ2FEQ27hYfAr6DDmwTjRL5Pv5DQ2grGD8IP	2025-03-09 15:28:46.027019
1490	johnsonjames	aking@example.net	aEdZooE3vtvWNjflhlyM0q96Y27rYtyWROoWII8ctHG93ig3mEACBK5bJOaRvKlXCh1SxaSnRfCzyTow	2025-03-09 15:28:46.027019
1491	younganthony	nolanwayne@example.org	yemwk0lEToAKiq8mF8y8DOFVEY0O8lcowf1JczbozZT4lgCka3oAW8yFBu1AOPU6bYApIpCzaiq8z1WI	2025-03-09 15:28:46.027019
1492	barbara58	pmiller@example.org	asqhTgK7i7swjHTDV6IHw81VyGm7kT5YUK9haEyPoitcIN0lvgCrazZM7JmFFcFxEEa9wZuYL1o1n05i	2025-03-09 15:28:46.027019
1493	tmorrison	adamrocha@example.org	YqoMY7guMdoJSrpgIrYecd8XqpnbJfkuk6cNvOQoytxRD6Ycx62QVBAsDLX4S4oyL4YgoaOABQhYY4bv	2025-03-09 15:28:46.027019
1494	gjohnson	russell08@example.net	ubaEPAR1b3XcVLbb8NLRvB1E6MGeqTUhE6HtnLh1MUABsJZI9BnXlo2qlIkG1eFcm2nkzHfwpRmV8kAV	2025-03-09 15:28:46.027019
1495	michaelgomez	rebeccaaguilar@example.net	ATqRIeNcsJ8OOLzNHrWODW9u3rLNxHF1otLZMGbbabtImZLjs51yo3IOnRIjSdje2mrCWKjCuWTOJNty	2025-03-09 15:28:46.027019
1496	michellebishop	patriciairwin@example.com	bQWLcZmvCUrRZd5fgOhXNf63qVDo73JBc1IzeVqvfewRDpk5IOEutFh7BfYP7TTxryo1MEoSf1WsQwKn	2025-03-09 15:28:46.027019
1497	andreareyes	lindsayobrien@example.com	eKyZKIslQx5PWoOx1XhXNOO38OciMFtG0y6wdm3wHiBm5p0waZN7lg9pRLBLGloGyELIkWD1hqjWNEi2	2025-03-09 15:28:46.027019
1498	tbowman	aaron94@example.com	RA4lOUg1ipNhEU4ADTmGFM7BfpwhvOe0j3XXGOYOZb9KYn2WVST64vUrP28XVLjebOOj0i9sCSR1f5QG	2025-03-09 15:28:46.027019
1499	jose64	obell@example.com	U6m8tvbJXK5DRpgXnuYuFb8S0opXDImQazlaQAgcHP24vdDUr3bNuVUvWQdbDP2mv5kdShCrrMo4NU8J	2025-03-09 15:28:46.027019
1500	ksmith	matthew82@example.com	c67iZi3gCc6dhDZSdl69dUpmsOBlxxY7e8MRuVcwB0tvxtqQ71QhKCun3hDKSCLY26bcyZ1aIJEBUTM0	2025-03-09 15:28:46.027019
1501	youngrobert	michaelcampbell@example.com	kLajt0GxOjFQT6vlyHxvRS3fxgrlcPIVrM7LNWLVGzOvuClXvwkjOtudFWQWSt52lRgPI2nbiQ8VjXTw	2025-03-09 15:28:46.027019
1502	amyhanna	amymaxwell@example.com	QQ3LqtYhHl6uYyDixL937msBuUtVguJrwAePM8vdcjP0A6K4IEe5slk6HnRv6vwTIsUFJ6jGiWyuZWAQ	2025-03-09 15:28:46.027019
1503	miranda34	ystone@example.org	xAuo9f84yHkMWoJWUp96skJ4YOIvIZLtgKR9CtTcb8AZJDTxw8W87IGntnqVj1WSRPnPBqE3Lf1bRZPt	2025-03-09 15:28:46.027019
1504	meghan16	stacey32@example.net	nGbOkoL4hRK7hqnqByylm1WuiVkOVccHF8qZRlARjbxO8NNMtFFtGvaqAxU9oONc1lrDnFbvMJcBsVwa	2025-03-09 15:28:46.027019
1505	lyonsjessica	mccoyhannah@example.org	W3KkPVuguPKM9S9m1e3W9ge02VZpoIkvj8PUzff4JusEGL2MpceZC7Sa4L9qcZSg9o4vKZH6POPXQux9	2025-03-09 15:28:46.027019
1506	lesteredgar	drodriguez@example.net	nRQLk36G33LsIscy2S3AmFovmymfVGNQ501e5l1VqQ22gaPozK1wIyRo2Xdz02NRGfS5J6VxY8tmyNDm	2025-03-09 15:28:46.027019
1507	austinaustin	gutierrezchristina@example.net	Vhc5tzuK115Jzi4FVqtu9HKmT7RlKAfMA8zmDTAjXvoXbNZYrQ28iWRifG8x6cMehSakGIKPtya1pheZ	2025-03-09 15:28:46.027019
1508	natalie66	asweeney@example.net	V7mftEzP5XlH5KJZZDMtNJDHXrrtS55a6Kvyt1fBaS1hdfBJlL1F1qzMtibspweGrCSuOE8q7USHA5q9	2025-03-09 15:28:46.027019
1509	ilewis	fdavila@example.com	BBtuvhtHvF92pTKbqpyfmhc7vxS8vNubkZrG5wqB0kumBcZDqlunaxwuTeARgqVBOvCLs4W80mnnDmZH	2025-03-09 15:28:46.027019
1510	qpreston	peter17@example.com	lHy4v0n1lAAR8avAFMLDx0QfnbfSuz6Rm25aSCr33k6gq04ZCm3NNVjJRzcHaBEvkvRemob0DMl6dwZe	2025-03-09 15:28:46.027019
1511	dana95	melissamitchell@example.org	NHEWMNwJZA5Zo4oxeAuXs12hagtKeR2UnZGbCKkJjyxo17se5jNxWNzhlUkvviMfy6YAQwfQvrse6Lpa	2025-03-09 15:28:46.027019
1512	yedwards	lori40@example.org	M83aOoyU7nbgZNqkxdXTdSebfHStwbWz3e2VBNUL2LXXTnN1YmaMuyJZ6QIIXQ2zhljARY59VJyy4yz4	2025-03-09 15:28:46.027019
1513	jeffreymcclure	hugheslawrence@example.net	DXhbRl5XUBSqrgmLS96Ww4H0xhetHzECDKZyP7Sz98oOmWSo31xdGp8Lqn3CdZ31J7KCUwyba6ZbWlr5	2025-03-09 15:28:46.027019
1514	jalvarez	jefferyrobinson@example.net	kznQVyJeSBmgQFSNlOX6IaZwC83allZuFlSOv72vK47bDfsOzY1BhZjRViqj49UWQh4zgOaFxqBMlqBg	2025-03-09 15:28:46.027019
1515	kgilmore	debra87@example.net	RuW9RD7FtLWsgvuhNHNzTYpdHZgrWcSGFx3QJSVzVufWqlAN6hqPYVljzx6Ce4dvr8EM1sSWBP6vthk4	2025-03-09 15:28:46.027019
1516	fitzgeraldjennifer	ychoi@example.org	yIAnRxgR2V09zR6KQqGxxMxokGQp2w9qCkZhSpAAXoFteTORcghq3T5Apv2TQlvP08Tvm4CJG4rybxtX	2025-03-09 15:28:46.027019
1517	barnettjoshua	ecarey@example.net	1D1kJVKnICbeGh2uHNtJxpTJyYGaAM6zcXfWqJfSeUdP16TvosUtqmRAqpchDvdVZXriGNHzBeJIMmOD	2025-03-09 15:28:46.027019
1518	kathylloyd	janet29@example.org	8zL6Sy4sxe2EQ6c8nC6upJHqu2b7Gyoun2aGJFzw47BQnx4lxTo2MgHdzi0oyMt0SvJER4j8MyaqeYCp	2025-03-09 15:28:46.027019
1519	lowebrandon	fsantos@example.net	vGbqfWk5tdqhlUNwc09unN18PSmXNguxnRtmhELCIIhnkmqYKEFJWuR2H8PjTwfhF7afuQLnV3Roi4HQ	2025-03-09 15:28:46.027019
1520	brianmooney	tina70@example.org	FxgLZ0byptAY8PkZlLsF0u1KQv1UfMZKTouKS5jz63uoVzwtzUL2AhkIBgKXzX3ydImHdgqLQ8TkbTSm	2025-03-09 15:28:46.027019
1521	wheelermark	sherryjohnson@example.com	k2wj1tFduJIHRh7OJ2spQJOtx8xed1QQ7kVtcTNF27bjwjbl1t4rhJIBs6kbMIFT4FhZuwceVDYQosoK	2025-03-09 15:28:46.027019
1522	justin65	jacobschristopher@example.com	PhmIxUlQU7whOsazzaCp4Q5w8jzy9SHQNtugWoDyGPym7KSPkimQtBeReHNpAxPLGhfv6Y6qLDWpbdo1	2025-03-09 15:28:46.027019
1523	fhunter	andradekathryn@example.org	RpNEoFEiOCPrIlurc6kAnqncj3WldUwEPa9OJdeQw67rX8iWILcDI9hk6N2uryQXcvoZz3XiMB5gLjeu	2025-03-09 15:28:46.027019
1524	wgeorge	brobinson@example.net	XFG6diJh2tbJpXAX77Mw53NJZ5NSqPWB5fKzEA7x4KfzEq3e6ygrpAK8ckaCDr36moPidKpK7HNbgcer	2025-03-09 15:28:46.027019
1525	lisa11	lunarichard@example.com	j59u7tywQdy6UiuqXFxln6FXSBK0ILk73nBP1pk1BDDcxLs57jyHPfKhnyqM779z2U9E8ubNquBO6Rsh	2025-03-09 15:28:46.027019
1526	colleen43	gonzalezlinda@example.net	I51UWmjhhfuZEaynMkhrA3NtAh7kfYluEsApWb3uhAYf5YtKxQeDc016sX4lWro50biXyVeHzsPURrM8	2025-03-09 15:28:46.027019
1527	dorseybrian	feliciaallen@example.com	QvgMFx15q8tw33j0I1PD3RiAJq081uaoyBMSpmdjC8lfwVLQdiYZy5i3aaodFH1FdsBJwLN0xSDGkzAd	2025-03-09 15:28:46.027019
1528	swelch	amccormick@example.org	A2QdCYweyrY6ottv8iQpnBxmYknzpfsU1n5TIXoGMWRZa9gXzmwgb0UI7kL0TK0q2uWMflCM1eY7R7pr	2025-03-09 15:28:46.027019
1529	kimkatie	fitzgeraldlauren@example.org	LgaurxfU23muZO8wyVt7Wj87zL0AV2EL2VzEzKeFHK5tItxpal1BXAOpzw4n8SKzY2uwAxkeNpNzguBZ	2025-03-09 15:28:46.027019
1530	aaron25	jennifer96@example.net	A4kKlWyysxrOn6wyUbbGJp6KCglLuF7T0GxZL71Np6vimQrJytvEd8CGndcqP5bjoVOaSPh9Bmvdqnk5	2025-03-09 15:28:46.027019
1531	kristinahardy	emclean@example.org	9BWj1XZgbEM7f2tQExdhkEG4hx05MQPb8Zp0cUzZHqsnrD1UKuVvjkjDy4XXJQaIewXSoXorTXA1qP08	2025-03-09 15:28:46.027019
1532	heidijordan	rachel88@example.com	znFSH856khUIb16CaSeOwtDkstZdIJHMwCGIKegrecN0TlL4uoThxn0KxyYm61oxHY5RwyEiHsSL1uQl	2025-03-09 15:28:46.027019
1533	barreradaniel	kendra99@example.org	5TVpUox69ls6Xc6YeHuTbM49zOWKOgZr5YarO83aXUbUmks2U4IFez30FjO6YmqjmNWrofqaWHtbwkia	2025-03-09 15:28:46.027019
1534	qharris	ibarnett@example.com	1dQNsk7FMmPMGsPnokdtTVLB2GAAW0YKY6k7sLBOa2YZyQvCMes32QgrjU34JoT97zP3tY4hyZQPhYwl	2025-03-09 15:28:46.027019
1535	riveraamanda	john49@example.org	lDrb8khedb78KrUUhhrKkTVe1D6bnzsSoDXo1GLYp3AqD5dyHBWqujQTBDwkmfyGzuyK4ykNStnZcXOt	2025-03-09 15:28:46.027019
1536	ashlee64	wmichael@example.net	mxXr8nEwDsE91EXxVaRT2jabIA2u9fxAWeCxQgWqyRergZ09Ou4Yu31CM4rM54pJUTupO3bDYC8UR4wk	2025-03-09 15:28:46.027019
1537	samanthajohnston	joneal@example.net	D0wcxQKULphNL9f0mIYEBFMDUzxMmPSxPJlgNyjrvRBmBUUZWJ8LnsQjF44oEsd8pJ0VWW9VVuAqranS	2025-03-09 15:28:46.027019
1538	emily31	suzannefitzpatrick@example.net	JmKpOk9v1watr7iMgHPhrCBlT8fUkwdK6RpTkLsxDuRU41mLTYfsIjYX2mqayf75myovgdhVyANCyEqh	2025-03-09 15:28:46.027019
1539	ewilliams	pamallen@example.com	MgADNF5alHpqP3H1TuFAAcXRCkw08rNmeT3897tRoSOsFvm6zNVG4fw9vHg9gqfBnibvGUsFrhP5a3WS	2025-03-09 15:28:46.027019
1540	gabrielasmith	sheila06@example.com	V0whhofTgu8SAvMUgc8BLbLJOQPEEpWN6tGADiU4arpWn5SesCia2mnE23GNprJRsmFCMrclfJx78AY7	2025-03-09 15:28:46.027019
1541	mpetersen	xrobinson@example.net	q9iYdqkUH8LJXHMVGPl3AAnj9WJolRM4EebuVXAeG5rlReclVPHeZk9ac2eurLrKuo2Cv7vQtUqd42w2	2025-03-09 15:28:46.027019
1542	shawn21	watkinskristen@example.org	J0SSRhQ1dSZfJrAjlF1PKeDQwufHUTAvwknni7rVXtTGDCKYU0q2c4BNchFD1jn3NDYM5AFbmf9CHIG2	2025-03-09 15:28:46.027019
1543	fergusonmegan	troycarter@example.net	TSQcaZ7sPVGLFjIJhXcD7hTOfAk4ReKwbVWzFGiUOH98E4zvbmCuPNwayTDd1pcQXH8yJBSuEsfcaZfB	2025-03-09 15:28:46.027019
1544	jennifer87	amygreen@example.com	ZUNtAjnOsMcUil8dE67aSr1nrWrMc3EyqZuDjEXrf4vvv5eKleuDgzRH3q7NnIRjdf17AOeX3WWgCpmQ	2025-03-09 15:28:46.027019
1545	brenda63	oluna@example.com	hlgZLw5WG9rboQnRCCHowPReRhPnupPbxerzBnZWJWab4v1O8vbe5lqIRY0cPdg7b8VRJ31bNNcewSXo	2025-03-09 15:28:46.027019
1546	elizabethrobles	glengutierrez@example.org	YtPcOBmKfC23SKtdRISg6iko9Wjcxg8Al4VVk21VkqEEQjIiI7OFMyCkPOslUVIkeFJa9ymhFk5AzqIX	2025-03-09 15:28:46.027019
1547	vmalone	matthewhamilton@example.com	SzdyO0MD65njeNxZS2WdaU19G9WTInI947yYNVSERswKc3Y08qR5Dt9yjxzx2veBdGzh3h2Yy0e5Q00h	2025-03-09 15:28:46.027019
1548	fharris	amandashah@example.org	QWaoPEjMpzNc9uHSG7sb7lQtH5rpH8Fx1EvotAAQgCrq501BF3RX1SsawZRGD45leJ0fDWTapWetCBvK	2025-03-09 15:28:46.027019
1549	kevinflores	xmassey@example.net	9rqxhTXPJd1BQI64UtpZ1zQVmxGggifX7Ej0Uj31QnkoPaAidu0sVl09H14fz2slHPsc57RaMP2wHwst	2025-03-09 15:28:46.027019
1550	arnoldmatthew	wnavarro@example.com	tRyv3gsG5eXYRxo0i7g1YlLE6CCfxGnpVAblEOWP5GuXOaAsePRyOFgdTNOXl9AIfc1Ubbb22TZ1bXLF	2025-03-09 15:28:46.027019
1551	kyle67	nelsonjennifer@example.org	TSYHd1GADz6iSNhQqGCUsOTtT5MAs3IvIF1Xpzsg89sE3urqlkid4zS3nQxoRNXfKkCqscGvQqEzhV3Q	2025-03-09 15:28:46.027019
1552	qschmidt	phillipsandrea@example.org	xgPHZB8nS4aErLlxUJ2ppqjRDlwN2Ks7jJGT3G11cWZ76ZG4wfTHpVWtNy7rXdrPpynUxyyoaEKwYpm5	2025-03-09 15:28:46.027019
1553	kimberly50	dawntownsend@example.org	9rJy8CjI2WrfWF6Qq9IphjnUsRXhYK55pd1OhA63NemVQwSDXzUsplMlagjs7KS3NZTi855DfHy2z4eD	2025-03-09 15:28:46.027019
1554	harperanthony	wrightsandra@example.com	qydkE1061TxTdgCQh3VisXEEAOIIC3DGaGIQlSG36NNOwEmdbNsIBsFJPyVfu0BYl0CT8ZLoLlA4nQ4T	2025-03-09 15:28:46.027019
1555	upierce	scottalexandra@example.com	094m3B80Tmedq3TYF3R7fY3aVBC26bZw1VafHNRuCIm0zKaAjZM3xQ8KuBoajfv4L6lBHFOmvNIYL9Dx	2025-03-09 15:28:46.027019
1556	wlopez	csanders@example.com	vKGtXbn9NejDqgq9XrVJQLQL3QdzzSk2QzTqUwHOrDzGAEoiW5kGM94d7HIJ8XPNJJL9IW9LRzwE8wrA	2025-03-09 15:28:46.027019
1557	donaldcarey	brycearmstrong@example.com	YgS9W1zSUluGSZsNjtrbmyhO6vUqRqu9SGQhFiID5F82X76qjwwKNplxxb4hCa11CFemfnAIvjnyWf0G	2025-03-09 15:28:46.027019
1558	ebenton	carolynsmith@example.com	kC9LlSXFRSUgwAfZkly9as1olAy0DR5h0PC0QQi7uesTpeA4u33LOkJXzvlrD4ugFF2F9Da2RVVB67UT	2025-03-09 15:28:46.027019
1559	lisa23	steve80@example.net	uVxQ4l7tvhvCSlT93as89rTNZc5LUbu1sNYWwpB3QYeYcAfCEZRBi1jMWcZJsskJMB6xCGyZkafONwwS	2025-03-09 15:28:46.027019
1560	hancockaaron	clarkangela@example.com	7ubKivSlJ4nyRdORmEmkZImc8IFxTOkiMQ5fR2EBiLp39hYb9MnZ4MmTxLizt3CyFafMq1sRRl99fmMF	2025-03-09 15:28:46.027019
1561	richarddominguez	perryalexandra@example.com	mOTuOratgC1Bc6xelvIs4ZpVGX8qe7TH6UCdFcYnosRRiCvgW1CwzMIieyCu9PaRIS2MZNsgXmoPp7u6	2025-03-09 15:28:46.027019
1562	flee	brandonchristian@example.com	i8pZncS8usBnaEOJmg7lpbIWWKnclj2QAFTrTBjyyvHp3RBpdTHn1A0u9YGsM2ny7nDG6l9zXVbF84aU	2025-03-09 15:28:46.027019
1563	kobrien	alvin21@example.com	DvGnS6EPvvw9skfLgFKnUAvqTx0Y7rTItorvdMf1VG0Trj3K47kB3Y7aE7Z5llnxeQyeMsbMojoxhxcC	2025-03-09 15:28:46.027019
1564	michael88	montoyadennis@example.com	poeQ7SuMyIkT8pZGdJHbxsUyaUk8lDTaUZDe1koxpRqeJjMkLdx0zNdKOznaLP5jpTz4TRtCVBqBimsv	2025-03-09 15:28:46.027019
1565	annacook	joshua30@example.net	KwleiUk7tLE9kjfTHh1agCVsBATnLVdCVpxvV5Rp1KEKKPNxk0tgO2py38UQBlcYZuMjBVs6iyJ985j7	2025-03-09 15:28:46.027019
1566	nicole36	brandonhess@example.org	yRMbMTI3k0ozyH5RilqFYH5qZRxKWezKGaR7P9uaazDzIrwdtkmaF25I9Niruoow9rP13zolbWYu8hiY	2025-03-09 15:28:46.027019
1567	gilldavid	dawnchristensen@example.com	NBdXj4gGqNDTCBo7yV8BbEtN5I06LYamveqnzPiLiOcqUFtbLqE9folLd2mviisomUdjpfpHlVH9hWVM	2025-03-09 15:28:46.027019
1568	bpace	lisamclaughlin@example.com	DVsJFE7F27ap631oW297NddBnkkqJIO9OIOziyHqw81iOCI8FvslXUfZEmO8okCraEfeSLXq5BnALNRa	2025-03-09 15:28:46.027019
1569	mcgrathedwin	cruzlawrence@example.net	ZrMA4P5NV7Xt4I9ml3QfwTTKDBQAZsqTcIYYYnkaqqH0dLvL13DssuyGLvVh69AUCmWEMLeeQJgNFztC	2025-03-09 15:28:46.027019
1570	gsmith	nelsonclayton@example.com	EHKNIQBjE9VQu8rGcKzV9LqKpXGGw4eRY0pPGvtMk5nedhsACNGPSsbsahhKKV3NzjINas934osZTYoi	2025-03-09 15:28:46.027019
1571	kathrynmathis	perezmorgan@example.org	m17bSHRQuXNkfTsyHrjcrKvrpJ3uNBLUQh6D58FTpjbJsYwoCVkiFfhKZchaQ2CK6GH0ZCq6RWxrMvwP	2025-03-09 15:28:46.027019
1572	tonyarodriguez	carrie66@example.org	vC2xb5kC23SOw4IuYoj8LPVT2tcobDhYuYN7I81ZQpS6lVXgqwBZb74tK1yZnuqr9x8UstHuWK4D21dW	2025-03-09 15:28:46.027019
1573	amandaharrell	walkereric@example.org	GXytvV2bFOkNyWVa0sjOl4Y8KD3C3OX5J2UsuOPFJjRmjEJHKT1uSY4qmi5ermhGauLUwzf4FMq8KvLt	2025-03-09 15:28:46.027019
1574	javiernelson	scott26@example.org	2e7jJawuBsiLJycgOHTfJJFyAMfmdxsqIDxWR8RGXcxG8jeThNeFWABpWZwNCFbwQwYV7VXzQ4aam8C5	2025-03-09 15:28:46.027019
1575	xmerritt	morgan81@example.net	iJk9KiPZUX89csbymm0NTwLOkHpbqvBhIL96Zq8ykqCTmlvjXJfQP6Mp1zvpLPsdBc8VMv3hedJnRPri	2025-03-09 15:28:46.027019
1576	leslie89	orrnichole@example.org	dd11bzpdI5GFWMnkG38rAOdOklyzJxHM6oC5VzUbNdWo2sJiXoH1tXbiVeCSGrnz5PWKw8oQRwl4kvLe	2025-03-09 15:28:46.027019
1577	lawsonjennifer	josephmitchell@example.org	W36W57DXEB9ROS0eY5J2TySXLIPkPmQI4jK6cKNtNIgSX9Jc7IwrPDfP9aIf4MsClkxqOMb7Bpx192yH	2025-03-09 15:28:46.027019
1578	whunt	pattersondaniel@example.com	aVUEKoyoqiCR3AgSMkmWJNDzw9XGQ6M9QhNrYchRlM5XR8fsleKsormztLlgWIRGJZp0hw1coTIu7KTq	2025-03-09 15:28:46.027019
1579	arellanotodd	crawfordelizabeth@example.net	PX71DwGnV0oO1yBXKeToy2uG3dNIXBakvIvdqm4iLcGv7s6hnhQiw5BBiSX8rjx7gkVOxmn79Xs8Q5W1	2025-03-09 15:28:46.027019
1580	griffinsheri	bakeranthony@example.org	j0MXAMnIDsIK2saqOj7qeauUf3dU1iZV0WRpMKSYZYlCCcOm1v9WeQjcm3WblxfUX3KkKaB9hXkdlg6c	2025-03-09 15:28:46.027019
1581	sandravargas	schmidtdavid@example.org	xEFfBIwM3h6HbTUqvPtrKPyvZ1fIw1c7Bs1ofwiKuBXFYOGTJFhHyHt8ZXem7ymPlky1Rsmgs494WmRd	2025-03-09 15:28:46.027019
1582	donnarobinson	molinalaura@example.com	oP0VCQA6e5bGJUCQ0PeX3PF0KQA1IvwTYkh7NOJwZDzJ2rOoNLSJxbVUTpuRluBnPvgTJrLMTy2sWaOc	2025-03-09 15:28:46.027019
1583	nfreeman	zmason@example.org	6wdc9gWkGZq6aLJHOPnp5aPgqta8ZTu4m3i27HsJW49bhwY8Wd71MKHojVA9BSTlb2U3PNlENC22K1KS	2025-03-09 15:28:46.027019
1584	judy86	bishopmatthew@example.net	azHxWnIgrnd0ewuqxU8XGE87uWNLp2ZqRjWxFBb56SnIdcX04x2lLqm1wxPXgq2bmUIMjsyrNAIG8IwG	2025-03-09 15:28:46.027019
1585	terrihorne	agriffin@example.com	FhMDszJ8QJP4SwAaBt3sTvmvzWsSa1hs8DB9M8mhfj3niiB0L8fo4rPNeGdmcLB72wMvC8ZefLyThHqD	2025-03-09 15:28:46.027019
1586	garciacarrie	ehebert@example.org	IfNrqGHlcNgQfuC73S0TMJfwt3qaKQWqDovw1WrjyLas2HKIvkuDXh4OOKkkXYkRof1SH3EVN0CyKvFT	2025-03-09 15:28:46.027019
1587	wendywashington	hfox@example.net	d2TCqwYYHcrRb90Qz2cSF7a9TnXxjxqpaRrLsYyXk1Rf9YF1PuDxSI0Myw669Puuvo7HjKJSm1yZaQOb	2025-03-09 15:28:46.027019
1588	lindsay50	markryan@example.org	jgsrYA9IxFpzKal6OsNmXNIo0P399IempEAzFBLrSqYABWBA3NioAHRROzZjGMZZCR9ENYS0JAnhcfa0	2025-03-09 15:28:46.027019
1589	gregory72	aramirez@example.net	HKljqpFONhWMfoNoxOG4W79LGyr1V4dfZ4GnFzKBJOnnyqQUlM81lJuBDrgRLjVbrylt8fLfvLgCuIXW	2025-03-09 15:28:46.027019
1590	uchen	mark81@example.com	xWIF3KXIUmUOFxnzq4kOz7Edp6SCNw3KncdrzzKWJDIVjApGJi7zgOfUxryh0U0D6a4iFseC4U2woKog	2025-03-09 15:28:46.027019
1591	heather75	klewis@example.org	HNgIANLw7d00ii3hPyoTEb340RjG4pQxjUpWo1TRloZw3jMdzvbZoKXhMcNGpR7xZ0WKjwh6QWFijFq0	2025-03-09 15:28:46.027019
1592	vballard	iparker@example.com	DxhANaNXeyyhNzeI3FXkdFUZf9elpuhrGeOZDN1IszeRjCykR6vrPby4wLesovPAgnfyB7Djw7JqVIBF	2025-03-09 15:28:46.027019
1593	brian07	robertjohnson@example.com	VZzAzeq25kSq4F8WsJYLF9SpdOtYD0hkhv9QBUWZKQQm3WKdnLhnA3ugdy7b10SETaqTrRmZPxP4eKlj	2025-03-09 15:28:46.027019
1594	nicholejohnson	xrichardson@example.net	ZUy1MwYtmXQCbQPt2CcvqUeC1uhuLuofmXp5BslA5nowNleAAsWunTjCSakpkf9hiCCpJv6hgtsAgFRH	2025-03-09 15:28:46.027019
1595	saralindsey	rgonzalez@example.com	rvGVU3ThVrhyz6vPxiZrLIMKFduRbw5rVV4Ydb4Zue21DO1Gx3iMiUnrM5W1vJiIUrhslJ7vWL852Vxa	2025-03-09 15:28:46.027019
1596	kylie65	johnsonroger@example.org	TPVZe3JLvS7WvYLM3ndBidaUspDjYOShN3ZdB33yhFAFKqFGkNHbpH4TQzPehcRiGoaWlmotLmE5fXRL	2025-03-09 15:28:46.027019
1597	piercelisa	monica76@example.org	aQG4BhRA3MI3EsFHmWUgZb9oxFIlEViJZDH7Srzt7FfAKkqMBm4E4hGpA0dtKE8eOopQZkEDCn2OLvqb	2025-03-09 15:28:46.027019
1598	antoniojones	savannah28@example.net	jW77TUpEpZRsyMHfV2XerRWOInv0Unm80In4SwM3VQu2jdV6lWOFbkrNJsGVZsDFegmDSUQwTsNe47dI	2025-03-09 15:28:46.027019
1599	jeffrey11	mooresamantha@example.net	hIR7IyL5Nj16oSCWa9I0iDrksh6oAzYy5hEhTjdakXsw5HWYFg45Fyfi1Gsr7ZLSb2M0Gl3712zobP2W	2025-03-09 15:28:46.027019
1600	mary31	gilbertmargaret@example.net	BfKU0qJcghmiNmNLcL03qtopeNfzDFE3Y56b3gmXB2abD3ZRARI6jCghRDncJ7reb0TaCCJVLKmrPek0	2025-03-09 15:28:46.027019
1601	dgriffith	wdiaz@example.com	IRIL7RzoJIdkqchUIJ8pPOPvuOSEGcTmV0DC61KHpMkqks8QQlkDPJVerCW0qao6OonmG9LgKA2U8hVN	2025-03-09 15:28:46.027019
1602	lmann	carl94@example.com	r93KmPZ6cvHeq2zsF3Kv754vU2jLpRwqbsLTgvaFPH3JFwt9iAf1QJ09K8xB7cKrj1TDBQAAzMZizV3Q	2025-03-09 15:28:46.027019
1603	millerchristopher	seth47@example.net	crpt3Plg2zryvM4uxVbwlQk097X8r7Ktbk2qVqpDAAbn3Q0vVCSPMpYcMMdRG2rnmZ8v7rrFF07hLVM5	2025-03-09 15:28:46.027019
1604	epalmer	juarezmark@example.org	TkIgQ2sbKsZMhgr2r3aj9suSH5C8ZhEKJZF5svDQBZMTJJia1o7KG6I2XOSfg2SCnPcZSG4hVETW1e5B	2025-03-09 15:28:46.027019
1605	xclark	ajames@example.com	TcbN3zUWfW8m4jcFXzCF7jkruvWmZVabTc6Tvl5NBELRbf2F4F1GYt6p7vdicUo5XJYDQbJB8d1sVPQy	2025-03-09 15:28:46.027019
1606	jaredholmes	kelly31@example.com	1XGkkxuptlZ2foUPW2WxSP0hqd9QfvRGiouq35RrkJ1KJt5jrVolEEtibOO5ArYKP4UFIEXAzIam3kPW	2025-03-09 15:28:46.027019
1607	bellcharles	kayla72@example.org	mq02XPnUjeW3LFS1IrFW8PXKNn32oO06yYvhwTsnlK3sTsB1SkU1r901wczzuvbdlEi8bhEQQUeFfzeu	2025-03-09 15:28:46.027019
1608	jbarton	stephanie12@example.com	Izqyx4QFHcYQ4m47MszYpux1oVn9w8WqpG4dCTmjJEEoc5E7NyCqSHIEdeu5xds6rqaAUgZyFl1qao1m	2025-03-09 15:28:46.027019
1609	gadkins	markstewart@example.org	edHBwPiKwUfk8JOzH9IDgT5SrbMZ8iqhNd7fkmo5EhfopjwBRd8IqHROVmNpgYysaMbpptDDzyjjBfHa	2025-03-09 15:28:46.027019
1610	jennifermyers	aaronwilson@example.net	aiZBUV9GFgH15sW8P5TzgOC9jrY3D5fpaybZw7IRt7C1zkLtoYqqvA1PhxML3KVVZju655cIzMcnau2E	2025-03-09 15:28:46.027019
1611	hoffmandenise	kelly54@example.org	ApyoxexjJGVLogHWuy76l3QlSvuiSOcXXwHM01tHrKJRVLb6eu5yGYClBI2Ef87JhJnhEJDGoYLTpea0	2025-03-09 15:28:46.027019
1612	whitney42	christopher87@example.org	rkSZaso7vtmzR2MpvhQGmjf7WpD0L5SdEmyx2Kz8jZKFXhY9JhwkLpkRXFFaHe6K1ix3WMncPkdLPZTt	2025-03-09 15:28:46.027019
1613	ghudson	norrislisa@example.net	ZFBUrlbaSgGMMHpeGL2dnBuEqr3Ux1i00VcTKFoaug75h3rn2fTxzrqYlhVMBIXVVAU1ldfmYdmEg7dr	2025-03-09 15:28:46.027019
1614	davidmartinez	yvonne70@example.com	uWs6cvj9KBDpn68czdtMxfce9KTWLCGqqSls788EI9x3hR4nQC8DnFNa76igLWT5uM3LCHBAy5U6ySF5	2025-03-09 15:28:46.027019
1615	anne81	sarahmiller@example.org	BE2CJRKoFUKHV9jMdA0SiiJw0QdFvpiEE3RLBuFSYYLizeFyXcEhrnj5h2iUhMj43k1qk2OyOlXkA3zW	2025-03-09 15:28:46.027019
1616	jennifer93	parkpamela@example.net	eWl4GcvuRKnbNouInbDkymgBHKlWy8MrHYACPQZ7Ubkq5WmWAkVpqYGiElBDWFb7JJaWn96NujNXj9cv	2025-03-09 15:28:46.027019
1617	emartinez	bishopemily@example.com	TX1AlmN5yEO13xBwFDhyQNc51vTSU7rOJlh3T8ppVn1bfqe3shNAiatIcAL55XG1dVxKev19ywp0aF1X	2025-03-09 15:28:46.027019
1618	james36	bowmanamanda@example.com	yzrs0KGxxyrpZz8NiaUEFY01tt75XsnbV8h5YcyEp1wJyYraqxPdLxqhvmmlj2IupVOHtYTxFsK6tuSp	2025-03-09 15:28:46.027019
1619	gutierrezjorge	blairmelanie@example.com	HwPbuvL36ir1aw6TwTbX2gnjXKElRvuaSBjJQjthbJP34TtGsQQYvLd3aMATupG9gC40A8ItIChtzXhT	2025-03-09 15:28:46.027019
1620	gpacheco	millerlindsey@example.org	HFZsP7GgpyibhVL8eFBztcsyh2FFtrl7PKbALwczr6k7NeipeDHFx55Gt9PASdVMKcSuAv63rgAsakQ2	2025-03-09 15:28:46.027019
1621	robin04	yvonnecoleman@example.net	dud063lyQfh9tc9kaC9UBVEGIcDleSTg5Znc3mVtmuNiZxBUw5bYCxTG19iaz4ceTOWMblja7fsp7jZx	2025-03-09 15:28:46.027019
1622	palvarez	williamsjohn@example.org	Nxt99TcsD5xWIyYHWJrQdRP04dHP5MMxvnR4smWAKvEH8w9Zip5TMr3zIZ11eG9W0oBrJUlybjsTitV7	2025-03-09 15:28:46.027019
1623	april62	dburnett@example.org	Uuu7LlNhDyx96z0irQnbYJnx61hZfVsVkP0UWTkGKzV3yuuDh72UicrcSGojUofB2rAX9gWJJfFh0q9l	2025-03-09 15:28:46.027019
1624	qclements	nicholaswashington@example.net	PXkp9r3N72Mv4LyORboXf0LXRDlcjLkwV6EvixNgzQPIs3hVnZAVIF9w1cbEShoCabXUXo8IuPp8Hqv5	2025-03-09 15:28:46.027019
1625	christinaochoa	kimberly39@example.com	yEavid8gfucxAQpz4aCsjenOCvujfmvF7RRDMVdF948hn2mG9EH4VHroUwYGBdbVZKNLrauOsJ8pSqAt	2025-03-09 15:28:46.027019
1626	christopher59	dmason@example.net	8b85FFNUUMaeyb0ZDCdRdzNN9Fzn7RyJyMT90IAHvOXYngu7Z6IZpxXUyc39jEo64mbng8Hy44ILEobc	2025-03-09 15:28:46.027019
1627	rlewis	pjones@example.com	cd8cCs4gOO2FfFuQecjJZAYJEqZcaCIKI1sZRnV2UYS539hzy6Uq0r8CvCPB0QpkyMqnaEMPkt8JZG0r	2025-03-09 15:28:46.027019
1628	jmartinez	allen12@example.net	TKKdtNkB51V7CCq5RpQAoSgjD7TiSJzaGESpuDostmLtEUJE6qnp2JhqMvLz0WduODocv7SIOAdqqXSZ	2025-03-09 15:28:46.027019
1629	jamesmiller	chavezpatrick@example.net	EbHRcOqbhNln8cr2e9KxhWexeebVZrFHoN03IiPH2PhmQL4KQWT4LbmNtsF6eIwdDMvad558jBPsWxbp	2025-03-09 15:28:46.027019
1630	ptaylor	desireescott@example.org	ytEvyBMSJb74FGQ46IcHe4nZ14w2yuN4DSDJK4dUhrLQFbPDqpu5vZSY8Ib6i7Xu2zHXTBgoaTArW2QD	2025-03-09 15:28:46.027019
1631	carlos97	cnunez@example.com	p2vsk0DOWcjpOEHKQaxe0zKvOUDTCj3OpCvwzCy6FiMelblvKjVb13upOcQ7tVyWjim7II46V1WFm9p8	2025-03-09 15:28:46.027019
1632	hwoodard	kwilliams@example.org	fhzmO3e2HK5Suo8PE0J3ocjJwCSxLrdmoGZuwREUHu2oiilgRz21f8K1kvPeqaJixETPqp9ZZRh9Iq18	2025-03-09 15:28:46.027019
1633	contrerasjessica	griffinnathan@example.org	AnmAyHG3LQdjueQjoCcHRIsCRWY7HRT9xiskEnB7EIj1h1XPWo5HRAPoXwakGc2fGVBxPh44NxmjLun1	2025-03-09 15:28:46.027019
1634	castillocrystal	fjimenez@example.org	do6hti8lWEx7iTZq6ts9O9LpvvuwdCJoQwYoupzrimCKkeuNrEH3ELXDDJYJDbYQTfAKzJ7CbnSOydoD	2025-03-09 15:28:46.027019
1635	morgandean	joshuamartin@example.net	QvO9rjaqY3RUZqObKOq2L9mJhIATrCccdO9h7nXsW3De2F6QZZH4QOtmAH9fyLI8kI5iS4H8PZOiFr6k	2025-03-09 15:28:46.027019
1636	zachary73	danareeves@example.com	svRdZjhv8TZ0UDliQibxdsvTm3cvgpGT7gIME1CqIsMGykJABsTo9VC5uexjXUUfC0VE2yl8YBklsivE	2025-03-09 15:28:46.027019
1637	mclaughlinamanda	tsimpson@example.org	4t2Z76jKq1HaEkeV8Um5tQqa1xKMia2Nw3WuEEhuI2Ku9yxBHkQkqtNkBKa3BAL0EYKAVsacM0Uycm4J	2025-03-09 15:28:46.027019
1638	cainsara	qmyers@example.net	FeKJZhCW4kKh7oKDQjbqocxhxqegLnUkV40GeoAciA464Vb4iorKZ8iW82mMwxXlKxXacvTFb9P0MMc5	2025-03-09 15:28:46.027019
1639	rodney72	kramergabrielle@example.net	uFsSig1hqeb9rlu95XezGxAkqPh76jWuwJLRZC4grmDyL0VaFtpehbY5pPcjtcWbCIUJvOUfWbrdGbSq	2025-03-09 15:28:46.027019
1640	jaredsimon	wardmarie@example.org	pYARiYNzUqQ2CUumSqtEWN3cqWdgj4uhZKhdtUPivOsqJVGD5nXVfhADs4YJFHK0mPUG5eHjAk27ulkP	2025-03-09 15:28:46.027019
1641	ryan11	darin68@example.org	xAnCibvZWMfraWVZ8OEOIQX1eoTcWP22f4Gqg2F5ezD8TKACSPnJydzcsofp2bh9fXCctMRhUkm4DOub	2025-03-09 15:28:46.027019
1642	amyrogers	rachael95@example.net	JYXooMSASqP7LWSNnRa0r1DyGj7QIYLLa83hpFmLFf0plwC6diFdPG8s2blgXofq7o72cXVDwQoUpovJ	2025-03-09 15:28:46.027019
1643	sarapatrick	garydean@example.org	mNDY6y3P9swg70BgHOZg6HCV70jXdxMo0n1JWAzMdTEtF7zgjy08GHqMqmk4WJnyPUaPNk7CaAvBGGmS	2025-03-09 15:28:46.027019
1644	james77	pjackson@example.org	AY1MSghlpXKqXWQDy5NWRUDEuK0vGbzqhVSOiYitGQEtIotQYPRqrsLKUIhBQiz6l2z6CighCpwg2kyU	2025-03-09 15:28:46.027019
1645	mharrison	lcooper@example.org	5JPIKGnIy1AaXGED83P9yJgkHVkZNAkyakQbqUHnHyOdcDFH5zeYCX7GTJUoJqqk0jOYrF7AZYEppdW4	2025-03-09 15:28:46.027019
1646	zbautista	dlee@example.com	1RSG2lyVCubKoDCJyfPTtAMqPlEFqNKxnljhE3EGkmusFXR8z8xTtnS06wgn4MfWvxTUHfugvASrSw7s	2025-03-09 15:28:46.027019
1647	bradleywashington	barrettcathy@example.org	pcwVDU05Se6QgTvVCDvWAhpLMStvR0A2Iq8oVKgZEXnGdh0YEyUIMaTCYfURuR8wfD2jkp55JMeYwlLF	2025-03-09 15:28:46.027019
1648	owensamy	amythomas@example.com	jb9J98OmxHVsqrNaECc9B9hIqvYF1QuIjylt759isp2s98iBs5Ly2gbdy3SAni4BbNKrry2D329j9qiE	2025-03-09 15:28:46.027019
1649	chadjackson	christopher46@example.net	Q5QQQ1CVtPZk6Gfdo5giblI0ylAlDBGkcG8GRLZ2eE00vSZUURMi380CfnSXeOPVTwS0A9jtkDc2Kad3	2025-03-09 15:28:46.027019
1650	jcarney	dboyer@example.org	57b7QI5ae9VfhL7v7OfJUld15HCPKaSwOAnXF5nnMRK0BI7DULbOpYpVVSutiKIkQW5E2W3cifAPIfbg	2025-03-09 15:28:46.027019
1651	kthompson	herreradonald@example.net	uIBiNLfO4OExFzXBNCtZ8E3jMBb1VX1GZ9zijM0JVDTA2fkuDcFYW20QWI8M66dysLUkMMtxQy7Mvbur	2025-03-09 15:28:46.027019
1652	davisjames	haroldnelson@example.org	LO2RAQuAXcWaElhep0hP5IIkoVokY2rLyitPWuprK4vdvQzfmJUXYh2WDEy8kfoBPdeUODLxiPs7UUPN	2025-03-09 15:28:46.027019
1653	haileymullen	johnlewis@example.org	UriXxf5AjawN3uz6zbFsPi4IHAZnd2HKSTcnNRo12v5Z4ePsf3CwoQek3LVBzFOBYxJB7ai7zopGeQNj	2025-03-09 15:28:46.027019
1654	moorecheryl	patriciaromero@example.org	ak9zhHlPMD1tS0v9ucj5xu7iN2rRgiZo5EsoeEratpnc1iCKjx90DdEeCAFHLtZvmMtOjegfS7hRhX8e	2025-03-09 15:28:46.027019
1655	chrismiller	lkaiser@example.net	XuQ5oC5rOwBpuXebJXiceh9ClaTJBiLW1ajmZW9BkBfP2GPdlN6PXN9OXVKAkKpXiFsRlRUJ1JvXBUmK	2025-03-09 15:28:46.027019
1656	chad69	jonesregina@example.net	olKP7LF2TfitRfSMyBmKOYxngzwLXFkLhZ5i1oIN1V7vPvfVvf0HAXZXxRED5mkCXnxXsG6thcOirXbT	2025-03-09 15:28:46.027019
1657	toddcruz	porteramy@example.org	zVHxuBLYOhWJVbu8xN6hPccgGtWx0xV6sLUpRzUqUIM1VdhujtzABWIX8qnxzNlqsa9atlSX1YCsFtLH	2025-03-09 15:28:46.027019
1658	odonnelltiffany	john14@example.org	aXMJXCh3vjurumgwitA29mZd5SSxndUBrwFlyMQ1YaefLI4EUO5ZMYLZfdzzRZ1VlO4Uf0z25rHYgXEE	2025-03-09 15:28:46.027019
1659	meyersamanda	kevin56@example.net	LPgsssxPPnIXMyb9hikezxTZhWgo4kjIwiYFLuvq4XuT9Gtrm58WpP2hHd6WR5AUgotqA7TUtbAEBlku	2025-03-09 15:28:46.027019
1660	bmcmillan	guerrerodebbie@example.org	k0VW5Z8IEBZBbo3OhaLYAPmfjXh0Ntm1hD1MPdZNKv8MVnb8usevpTv6HpLWP6AwZ2Jx0jxn41lrxAKN	2025-03-09 15:28:46.027019
1661	christopherstein	ojarvis@example.net	10ML5QGUbWfj7uzFHZGIjFtbdHWpGRUd2xocvkBSw2zZsTGhqk43OikInu5HIzteB1xpjSwYUkkhdwcF	2025-03-09 15:28:46.027019
1662	nandrews	jamesfranklin@example.com	TtkMhaf3TO3Dqq8cmXAsnVJFVByOCMH8IvxMx6x6yFjxD5ml6v5niMgzAoP4fpTfeD7zOPdcu81Gpjih	2025-03-09 15:28:46.027019
1663	autumn30	rodney98@example.com	SpfMZWRqiS1FPpNeIXAGoMG71oshghUgoY91CxOzLfMNMiVIil19xgUXRC9gFBQZuqRGs1Bu8qbfkb1A	2025-03-09 15:28:46.027019
1664	raustin	sherrydrake@example.com	MzQLW6rbysKuZdVEUNYcldWj4vCpyhP8CoTRFjiVRLl5Jp7DgOVoOlBD7yt8HjlKdGDg9Y8ane2UiQ8H	2025-03-09 15:28:46.027019
1665	sean48	donald56@example.net	kG5c3EDpY9LKwjDOT7J5DkiZ81WTYcKeDpIJNi3WfhpSyQqGec3uSdLsSvpw8OZicAx1ARSUzevEv5l9	2025-03-09 15:28:46.027019
1666	brianna29	teresa88@example.org	WHmwPEom4Lpx2SMmcKV5E2Zey901v0Y8loVATvVGXwLuMbf7Kz9cXgyN1jg4OJb6LzgUdeAJ7ChuEmMy	2025-03-09 15:28:46.027019
1667	howardrebecca	owilkins@example.net	Pv1kalelJ2CoyXmhuqTiNADjmDmzkCIiIVGECLlFmeKkCiunxCphhRWOL00pMH7HLYMlYRcFalDSjkRs	2025-03-09 15:28:46.027019
1668	vnorris	debra43@example.com	R6OZM4uNdJ29GrhIH7ZyRQFTAddQo79vnqpPi7JLKtziyWBi1WvByMIMtXPllnTHjGzQ4AuwS116obAT	2025-03-09 15:28:46.027019
1669	hhiggins	luis56@example.net	kLCvoF8zK4wNhEJgCUO5fIIA8z8SuA1re1v4BAbpekmBH3DGDeu4DkarTqaNPnEDRfetaIzvYXQGL3yu	2025-03-09 15:28:46.027019
1670	karen41	breanna84@example.com	4pFcxcV8I9SERU4ubXnifPAvVev3xBbBBeenIWmfTyzQkhbgpqdXtxjYdRd3YYRqatOxn3uzbkNEkhLW	2025-03-09 15:28:46.027019
1671	millerdonald	lopezvictor@example.net	s1pubZdxeBelwjXfKW7hHIM0k943tHuCBbGoDSwS5Q6iEM6GxuFKPqz8ukCBkOMaWjv3EGnzyYF0XJPc	2025-03-09 15:28:46.027019
1672	ernest53	jonathan87@example.com	zaOJsyDc9IkDOpLITCyehe1Q4mZhmP46dCw6O9PUnwNgDzAnN4gHo2h4wqo0S33pT429wBRDyIcEYFYc	2025-03-09 15:28:46.027019
1673	taylordavid	boliver@example.com	pVrIVlKwCMwcOaQjwfzKQLMVNzcbvhV0txmBOu2Fqm5ZRspWusROqsyaIoIxniN4Yaq97giAindImVQN	2025-03-09 15:28:46.027019
1674	cmartinez	wrightmartin@example.com	5upwVjTbZFWVqSlWElpwz0RPUdMTlzbePasK9022IFmwKSkH6KpGDJZovzrenkea646FI7q3O4DsiJuD	2025-03-09 15:28:46.027019
1934	asdasd	asdasdasd	25154	2025-03-12 10:58:27.54746
1675	jamie73	ashleysullivan@example.com	l8OQtkr4zYM5uphWrajeW6NmKNJ2II9u1ttGDRthitdo0bx0dMofTRm5pFphs3e3LNUS1J0HMLjOamtz	2025-03-09 15:28:46.027019
1676	molinachristopher	hokara@example.net	CPzCLM5TLjQuJ6hFUh4hbBw0mBwWInk8fVtM2xjCWGjZVQtpalOudV76EoOTRT7kEuDdI8fD22qIyynI	2025-03-09 15:28:46.027019
1677	russell57	boydjose@example.com	Ub87actxx0IQvUZRUBJg2IC8Hzu0y9XP9ybupBmpEwM2whhUrOxXEcPM4T1o1H93xeXE3UkX1OVDNmMM	2025-03-09 15:28:46.027019
1678	gomezmichele	melissaali@example.org	KC6FxG2Op58oAdr1o4EWLftHywcUVdKqMfFsw3STQ7nCGpW35JHH2jiLj38SXGVEFhvMeyvl1AT6Av6L	2025-03-09 15:28:46.027019
1679	wallstimothy	ghoover@example.org	OzbNjHh7vGumAQaJYI0IxAbWmH45qM0Zm3VM1hCjLvtnaFxV6bgMSr28SeUGHxOSmddYuoZ1nk7vdBSX	2025-03-09 15:28:46.027019
1680	pbarker	rosskenneth@example.org	RDLdnkmR950u1szcS36BqRsFZ80mQckpPUVCKbrRxegQp00PFdm6iFI4PmrZ5DNe38TENvRVofL9AKK5	2025-03-09 15:28:46.027019
1681	burnsjessica	kara61@example.com	unExjmGVRG6sAzIddUREzpDuT6SXoQZy5qoFo0yZhyIjl9SkzVkpOZbfm1GriMvE1m5qpzVs0Skr7Oc6	2025-03-09 15:28:46.027019
1682	joshua16	macdonalddaryl@example.org	bht5DkSAJFQnZR9ZGaLuUcLK6mJPEcaD4DvDqszTqtMsA80FCffy3QYERY9syMlVMSNPSWnAVwrAn3SO	2025-03-09 15:28:46.027019
1683	amyramos	baxterrobert@example.net	KAqEMTiOO1ZRn3r5XT7uuIqP2ZMbxhpFtI9rxzDI7DlajvtC75aARgAD68gmUVrOfBux2Ci3Ck6Sogus	2025-03-09 15:28:46.027019
1684	gmartin	shawkins@example.com	WRdJpfYX834jW3dhu7QVPmATDcjer17VdPjLdjzYKrKxALfkhJWMqs8qMXMkJeeNqCle9m6Fd78pCTk0	2025-03-09 15:28:46.027019
1685	christina70	melanie79@example.net	NFZWZw4Zh7PnfUq5VfAXon3BVa8Er05pq1Tut2bW6OXDZX2GERPTMmXR851NDJLgApVr0PTuU23LimP4	2025-03-09 15:28:46.027019
1686	kennethparker	ayersbryan@example.com	M0WuVIb6QnGyRRKxrdJBwPXsSoa4CqvzN1Ic2CPCYlLWotwzU5FtUNYdZiLhDXsNY50iuI82yTA57Xba	2025-03-09 15:28:46.027019
1687	jesuslee	stephensonrobert@example.org	fMlpnafk57IoZRCuN6M8Ptpx9bopNlJjCTchzcrxlPU3c4ZZp4cJIu2OYjPCYikPGE8MMcbvNsHAn30m	2025-03-09 15:28:46.027019
1688	yhoward	angela47@example.org	q6mViuSZ8G9E8im1jWNJp4M6YToItGa4Jnx0fJvz64KJWeeJAV35EIQHaccsDlaGl1GbVZNOqM6xhvBB	2025-03-09 15:28:46.027019
1689	staceyhoward	daviddavis@example.org	NlLAI36KKnWKaxvEFjmBhxaxThQMaGDRFLAozj2TmtzjS5RfrCMgJbq22npVsnWkjJEUFHv4h7iJbosi	2025-03-09 15:28:46.027019
1690	kevin99	cnorris@example.org	9bkwxn2honhSwAMHgSZiDWmfEOEAp2M8R6veTpHYld3fdddKhQgS5SBClebWIx0QYQKBOIjBtgh3Gt86	2025-03-09 15:28:46.027019
1691	melissathomas	michaelfrank@example.org	9jk29HlICJkgR6sDfmbo3uJtneRxypIFo6vZXJOnd8VPaAlnw0dDfCtUn3bVK1h6prFEApvgS6qsoKlt	2025-03-09 15:28:46.027019
1692	kristinafrye	istephens@example.com	ro2gFRxiLTTs4IJzlktjpBVpb1VyhLGCjqs9O7b0Sjm0xdpUMd3oxR1B68rHW3WnwZLlQvRDfbcjKemE	2025-03-09 15:28:46.027019
1693	david38	susan45@example.org	ufETJgoJfwqJ8yFDraUVgnwz6gKUnPftZsd0mk5BIOFBQAdlP7seZIvTEmsL1UU3epUPIuAPtDpl6AHh	2025-03-09 15:28:46.027019
1694	gallen	michellehernandez@example.org	rrE5xEe37nmFn5m4lYXIhLpxR01arNLK4uuUE7BJuDj0BpFyZUrX39V7GxLRBhTsY6QHs7Bb5GrskjLY	2025-03-09 15:28:46.027019
1695	raymond62	carlsongregory@example.net	wz7daOZ194mXhojU8q8vtkD6nxOgq3v3s4DUHW0rfQ4UaBdNi4OypGcFx7ZJDW2hakllwwNZZ79Cc5xU	2025-03-09 15:28:46.027019
1696	john75	xcopeland@example.org	JDmKrP7ivBWvb9AtjyU6jzQVpiMSzUjMALvlHm948apSXgM1lqArC5rwIYBvf8USoAc6kvwVh98wb13t	2025-03-09 15:28:46.027019
1697	kgould	juan83@example.net	FAWNgxe7HCq4a1cnaPYEwVHYvaabX9bUbU19GUh40Jpi9yA5NJ4W4AxK47ksfqRzrtenlhM0i7BBfSfn	2025-03-09 15:28:46.027019
1698	olivia79	tjohnson@example.org	093hdJDefeOqLVtWVaGaekQHRV5P6gmNcpXYDFE63CJRH1Fe5teuflylKYuXPduzVMSsY4zQScMCgKeX	2025-03-09 15:28:46.027019
1699	jamie17	cordovaemily@example.com	r7JocYwzcTkH9XbJ5aICH9QPxpbSMnGq5hhtSLlUjIAUNSsDrtLhjGIkYwF1d3TZxzCKkYtzwSea9xlI	2025-03-09 15:28:46.027019
1700	brianzamora	obrienelijah@example.net	9FC7CcCBbpW6Ka8aJwNs4Mn9H5nOfchH49mpBf9ubLaSjbAGwEH0NyaYQADtNSPB0ubDyZjFShWTi5wl	2025-03-09 15:28:46.027019
1701	ilindsey	robertmurillo@example.org	gECee7YLTpC5fmpfN3RPtVrtgAubqTo1heX4A3wbKRJY54gZ96U4T1S7QapXXWDnA2P1oGSxF9cU2zLm	2025-03-09 15:28:46.027019
1702	martinmelanie	dylanperry@example.com	OSdeACRvhgRrqwrOFrubFW6O0WWIZEiVeYJTPMBuhE25P4CL9UWXd0D0PDiYw7GOjGRRKfr22EqEt3fl	2025-03-09 15:28:46.027019
1703	jillreyes	kyle35@example.net	3LCKtBR8d5OPyCPwdZgE2y15gKOWi7r7ddgTsCuEwNDLFuGsOGldzEYX9ALAwpcA7YXDWj0kegfWhbzl	2025-03-09 15:28:46.027019
1704	amanda91	ucastaneda@example.net	mfJXNdzAwxcteOMNoopS7mMMg22imPU3gqSgq2CgiqxE3jP4kufNxANrf0pVFK64mv0zB8yIRGmfvqUh	2025-03-09 15:28:46.027019
1705	dunnveronica	jamessmith@example.org	Aiw3hiQrbAj3L93MXbpWiZJCZK2P9CYXtkbRPYNkllrQI3m802KdOGH3TnxizB7JXHpsDmrk5Zg2LvmZ	2025-03-09 15:28:46.027019
1706	longchristopher	gmiller@example.com	NgixVvxbhy0qpiatRwg9qum7Ll3lgoRdW7ZKg8b26zZjUzAODsJTkfNsTuynJxzWKLpxHVrZmtGpiVjr	2025-03-09 15:28:46.027019
1707	lawrence17	christina01@example.net	LwF22BgLvGuqZzVmlgpNl0gQ81bNGNO1s5Db59NgbZgyOiI380EKvDGdQnXE3c2NGlHCTtS0zX3DtMo1	2025-03-09 15:28:46.027019
1708	bryancrawford	joseedwards@example.net	RuBqgxOhHPOaBDyiscPNhwZr4yWs9mav1AZ0hCZAFkgYtnzvqPajzNBOCfrx3CHU5U2lgdG3br1bVEhu	2025-03-09 15:28:46.027019
1709	allison82	maureenwells@example.org	xL6VKdpf2S6oa7EJKdxPG2KLAWiV8XdHEFLm9NVX9ghGEJVz3MVN6RauOUAt8YEdWa0X9ylv4HgQPQSV	2025-03-09 15:28:46.027019
1710	grace95	matthewkramer@example.com	KjR1N5uOe5xn7IOn0tLTB04H73tg4Wq8wxKQhlLeyMqq9pYLmLHoJ9dQqq1QhupTyQwQSUDZKfaQEbRc	2025-03-09 15:28:46.027019
1711	halldominique	rothjames@example.com	TqEQNSu69rvlqrIkzVOLlDYtpZrFmAWajA1nMBvjYmfDPeOCNAyGEiyQcf4IkBLXur4Jvcr09AK4OeUC	2025-03-09 15:28:46.027019
1712	xschmidt	tyler44@example.net	KbxjW6ATY6gTwy7xHltF89XwJn9T2nvFQbxzQIzVQOBwpIeQgSwEu5zJgoV5OrcCj5Ed7lT6F5WpCtg1	2025-03-09 15:28:46.027019
1713	catherinepierce	hansenjared@example.org	AucRKYc3Gj3FYB7yPWe80DvIOPtAnr6mgLU7gB5iLMQvRZW7SUCZUYiMHhPeTSFiaIxqEeCwaKp8cA4s	2025-03-09 15:28:46.027019
1714	amyjones	nicholasperez@example.com	QFVHtQbk2aRCwWUvE5UpzXjFPd9yiJXt191loiHileqoFuDU1iMco6ha2gysChBOsQbyRv1s95Uyv5E7	2025-03-09 15:28:46.027019
1715	lopezmichael	nsmith@example.net	E1m7Mzycyx7qmbBuqKjfLgqcAxMkjRKF4YWBWqdyOE2SKYN3wV2HoLFESN2enatLrPoWPa7GC3cWXXIU	2025-03-09 15:28:46.027019
1716	daniel46	ncervantes@example.net	24URHPYutVxWpgaePDl9XD7HHjouBFNBoy3Erc75uTjrzSAZ4XavbJKUOEkOVp8xg9USH6ZNP4KcOs44	2025-03-09 15:28:46.027019
1717	maryramirez	vdavis@example.com	9fJbXRsit83ougWXmSVsRfuznbnTJw7VLJvpo7TpUuM5B2pUQL7oSdJSVrSXDDIYnBSgeIrM1BGBa6ir	2025-03-09 15:28:46.027019
1718	garybrown	portercynthia@example.net	nGpjcV1IocSEmXidQDXrZFrII9JaeEwEIQMfZpHk3964waJSkMjiECFl7yF5jq1EpwQY4nhXW0pFFLKF	2025-03-09 15:28:46.027019
1719	christopher14	kevintownsend@example.org	jtazuIu9Lg4FX4iSJh5PFXFQLH3iQvZyzh4DWTt6FFDz3awJJSY1vW0seRbe9ZlLUwuqgU79bvMtcVlQ	2025-03-09 15:28:46.027019
1720	tiffanywilliams	michaeldavidson@example.com	rmlUuZVpywBWf9jHK2f8vU6CJPeHCBR0v3vmrHZcRTtVtT5PXedczGQLk7ARK6TpMccpNNEdXI3bI7PZ	2025-03-09 15:28:46.027019
1721	rwebster	walkermichael@example.org	XuHWD5J4hzqA25Na121Lnt23aaipDNtj2LnfeE4SE3xYRcnnC9X9KWhbCojuhzMueXzCD2FmZYaJd2PH	2025-03-09 15:28:46.027019
1722	natalie50	cgeorge@example.org	0md1zUp5jNtKLKm0B7W7bDrXEVYqNOJjqk4V58UXYH1gU3SpthFRC7blpxxNUjTqnQgZ8OByDahRVadE	2025-03-09 15:28:46.027019
1723	nicholas32	hannanathan@example.net	dEtZrfR4ZAKdgK4VoNgNSyamOGn8qQ1r9miXWDaAW4cF7ZsjND3NXiwUeIXGakj5o9wj4Fp7nbTVxPCZ	2025-03-09 15:28:46.027019
1724	richardsonmelissa	jon07@example.net	jcrej5qyPabnpcmb49V3e5RLAspWyBL97Trk9TV8EQYcGopi5NGGyKW0pPMPC8lMobU4cS2fVXuktbbX	2025-03-09 15:28:46.027019
1725	pearsoncheryl	millsmichael@example.com	EagysgkJJowzJ1RJTeKqe7Lm7FrYLnR3AZExuaiDRBqvlQcZIE0M3aCoyEkvcMvnVHQ3v3oyaOaRFdkw	2025-03-09 15:28:46.027019
1726	atorres	ruizsarah@example.com	uCcI0Rd9HZFXgmL2uxiXv74DTFd89RuBECgD4lAr1sNQ9LT52OdSrFoAc4ofSzL316IMBD8vMs3zq2cW	2025-03-09 15:28:46.027019
1727	humphreyvicki	josephturner@example.org	nY7pL7LnilOGkPQ18aamkCfblnVhRIRobUFua5AHmrWhlfPlsqojgN0TFSLjVRnmyL1eICtUswc9eCQj	2025-03-09 15:28:46.027019
1728	ifloyd	nathanvalentine@example.net	IsvVQntnmf0Gifi4Xrpyp2oQfirmXV9oMy56zlAugXqcumtSPf5RQxMeyPNavOaGxORTXG0hX4L3cpMo	2025-03-09 15:28:46.027019
1729	ann24	pamelawilliams@example.net	b7SWguaH9iPissyDpz65QAj3xzDZKImsrbApteff5zyqHmBjCcJJ9d2kiLqXAbaGMpA8MYOP6yDirDtO	2025-03-09 15:28:46.027019
1730	brian15	goodmannicole@example.com	J6JRQQ6JCZTO7AAb2sUMs3z43v8JVVp2rLAhwJYKPmlU9TfolZ8nfuNrAEACQXqUsUIfyCmymK3Taj6s	2025-03-09 15:28:46.027019
1731	johnsonadam	elizabethrobbins@example.com	9Nk08MYxxn5NgWESaKxJMOGPO2UZQ6lOM0yhO4vuyVCOmMpeaJM7qZPuYaGgzyZC0EcPQfl9wlOQhEqa	2025-03-09 15:28:46.027019
1732	davidwillis	brandon06@example.com	XnKWyLAJZ1ssBJ2Vhbh3i9mbGN83FAcpLcpwK5JtDPHu7niVszFElMs3WAbJQcv6RFi6VL6hHk4UJrUy	2025-03-09 15:28:46.027019
1733	johnsonjoseph	jenniferstrong@example.net	mwqpoDrxak5rVaPF657ztpLksQksezBpWfdpQtuvvFkFbPLAxWgFtgg6wFsKXlNCQGQMdMlgaIb2RSot	2025-03-09 15:28:46.027019
1734	kylie88	keithjohnson@example.org	ASySlNRPFmTs7s1Z2rnM9qgGKRH7mDoJi2pSGmXrLOdRrmCrKiTP83UTHqO6IqvHlZfeyrCNACr10Ltn	2025-03-09 15:28:46.027019
1735	charlottewashington	dylanvincent@example.net	QsveWFUjSmcevmBqNxgpfhrXVWgh7ciousp5p71K5kyfCFC20GuxN1b0T91Ep9iJodazPC0JHCdwlqnS	2025-03-09 15:28:46.027019
1736	lisamann	jamie61@example.net	2ZbPldDDvJc5mg0likYIuM5MdCKUohArVlQpM0QHmZfehjPTcQbLqkbbD1SarpZmzzIK8bZISbYzjPe4	2025-03-09 15:28:46.027019
1737	mariabates	jessica17@example.org	SlQ3B4OUyURVALOU0Zf7Dm4vPJuJDz3Eectj3TKRtQSaEdjfqzJqtnZIfnXp9YGSewjtDpCdp7Tucrtb	2025-03-09 15:28:46.027019
1738	qrichards	xsanford@example.com	EsA2zKqk2GnABemNX5K6XA1tpP5VP29jTQr2tZb3n7fHuxrjgxOGFbm0qfTakN2FPpp3hYt7PaeO3c7A	2025-03-09 15:28:46.027019
1739	katie06	alexandra74@example.com	TJ9vJgSBHemYuKkvwrZD7oL2ZnhUy41NfZngBwPHK52nlPw6Td4bMXrXltgQsnrYsQ5SUeArKKJ1cV90	2025-03-09 15:28:46.027019
1740	michaellucas	williamsheather@example.com	bqFXOi4HEO3ZcG2uktrzVEi2uEP726TL4wCpzO1J0aGmanm2yMFtfr8VgXOFos2IsyRoRsglIlsUwOTP	2025-03-09 15:28:46.027019
1741	patricia23	johnstonjames@example.com	VVuoNsyxn9upr4LXujATUMizSOph3LT6N3XKu5rwizmemigSXyU5mPFyFX9uzFCuOzx9wapeMLFGwcjV	2025-03-09 15:28:46.027019
1742	benjamin95	perezdaniel@example.org	xGN0SQQl8Co1G9S0N84WvViCaUXD9vlwoNnFxTbwLkLSlBjpPmoJbLWzNLVLYr9baoZiJl7gbLneJhyv	2025-03-09 15:28:46.027019
1743	hendrixeric	alan60@example.com	F4FgwCWOZXjjvQN6lns1hJHB1TZMwW86egRBBF0NRyZpT19HpmFtYB2W90YyypnW9qDJeclgAOU0QOMW	2025-03-09 15:28:46.027019
1744	meyermark	diane68@example.com	D9IqzDKgm4SOQks9T0U0MbG9Zn9owxZVVjq9vtnRoKO21eZF1KK6XTlYVHi6twOzSCBOGm3HK1uvcIH9	2025-03-09 15:28:46.027019
1745	juliamullins	jeremydavila@example.net	05YlWuJKtCSaGjagHde0Vw1Ezbp8rHEyjXBvMHtKxwGVfFxQKMAvaTGB3KFgVyrjlyeNfz1zAIrHq4YS	2025-03-09 15:28:46.027019
1746	nchapman	wallen@example.com	MPaGeiiHQZUNB2Msd3QsWoxdLRruI3RneJzzRr0OXEQ4fyunfuhZ2GiNvK8q9yMaqEl85rLAigHOYUG7	2025-03-09 15:28:46.027019
1747	jeremy77	wendy83@example.net	NIPfDWA3NPrGjioZ9CCzexNT0H6ZjE9j5DgIylpUHPyhrTeo0mDvx1QWblmNJCvUkeEI1hxfCg6qH8pA	2025-03-09 15:28:46.027019
1748	jackbailey	danielbrady@example.com	KOuKfzP658sKalNz62oDZhMNrJTldKLRSnB2BgvLeeIHSk0RBoH9ZAUl2tUASrOxD4lZ7mBMcK0FUOTV	2025-03-09 15:28:46.027019
1749	wendycortez	bhuerta@example.org	4y7zjVl9m3J2cXRvA0qp2FEc6ehumM32KeKodOoA9HeObpHFYtvEUxgDL8vDzdf0TU2Vzi2nBwGSFP18	2025-03-09 15:28:46.027019
1750	dmcguire	dfreeman@example.com	yQZZu0aZswTlsYVzdXYwMBneq7NsFnXMp9eBBugrQNiHooIAfeqq2RF6JiRMNYHzfgfI6H7MhkAM14tj	2025-03-09 15:28:46.027019
1751	brianabrown	lindsey09@example.org	mHwWmyBuES2t1HCk4qckG5dUfIeebIRZt7vcwRyxgPF263y4lycPKytXShyqj1k8IuUEuuQDv6hb3Ok9	2025-03-09 15:28:46.027019
1752	tyler83	mark93@example.net	z7vtBGAYYdtmyzIuKgCpa0gxBxHBxKo60wUYzPOoHSYl4JAudnIXTTbc5PsvECFSrwVPnyUsZdSYYmYx	2025-03-09 15:28:46.027019
1753	westtimothy	tonyajohnson@example.net	mo4bURWNvmAK1dnMYoDxn0pLbJpJPVbAKXbPylB6LwTVgyxlgGPGItTu6aVvRQqxGrl9lQ7kPa65HZ9Y	2025-03-09 15:28:46.027019
1754	melissa17	danielleroberts@example.com	GcR1oNpXMh9vTjNOVGdOJzDbQ32h0njuEaPdIm535MPWjEvZPYgYwLceOFTuFC3uBhJf5k0K6Ydi1hBX	2025-03-09 15:28:46.027019
1755	adrian44	janet33@example.net	8NVvYXxB6EHCvuB9psnFhgv59Kmmg9UtEkCZXGbOdLIomwRsdabcYUeHxblXF3eDPij9Uu2pNkUFdRmy	2025-03-09 15:28:46.027019
1756	pattersonlinda	fterry@example.net	57B3zynp1g8hE1ty3Wg6M4dE2hB4lZdMpLXXHMs6m92QTcwJkujISkZavyt2K4YJlM8T8pQ0snh4W4bb	2025-03-09 15:28:46.027019
1757	mariomendoza	braychristine@example.org	xo3NyOjIlr2Tv70XEjFRwgXvlQFIMgUSxlef5xqQC9mgWsJOT2uHB4fV7dAxU8hiatQQHvG35NU9pd3X	2025-03-09 15:28:46.027019
1758	anthonyhuynh	richardmiller@example.org	LBlQbrTNnuxSV4t2DfKN4n8XFjAP6l9f8hdDDkGF5w2YhFuoBxcEkiOarrkGDuvXq3l169TN3q4pfQJk	2025-03-09 15:28:46.027019
1759	robert42	bennettgeorge@example.com	BOGLtLnC1v1GvIuvQTGg6ewV3EixCkisI5236owocQ0IfvsSxQGpC6L7kvWLWIvsWPkhACpZ7T3QwLrr	2025-03-09 15:28:46.027019
1760	brooke16	vegaanthony@example.net	bHSln98MntmXkOIv9oo64Shl6wp4R7FQYNXbV38B7DWwNu1fJYwn3msWIamzUF3eVz0siqdnKuY8iTV4	2025-03-09 15:28:46.027019
1761	rhebert	drewhamilton@example.org	w68hGnUYpT13H8mAOsadcKqLYeIqCPXJNC334GEd2IdSY4vJQa3A03IA3r8L6Ssfs2g0BwpkUPQInnFf	2025-03-09 15:28:46.027019
1762	matthewmason	adamfitzpatrick@example.org	K8pvvTUAACfXNRrvNNI6uEfdt7HUVl6FYKI53cFEu4KvGAcNXnhsWV8IlAX8Y9S8fn2EXtBUm9C0j8Dq	2025-03-09 15:28:46.027019
1763	elizabethlarson	qweeks@example.org	JNlUbfyApKuJ91oJoQCwY2YIJKKqq7jNWpJQDGywXRA7bIiB65CwGcOWG7sryL4JZ9BEiTqhADFeDtDz	2025-03-09 15:28:46.027019
1764	vholmes	juliebean@example.net	IRE6Q0CINfBYyJ6gMa1YhFlTFybajsLjL6WXaVwxt12SvVcok0ePHmuBpwPLNrVXCgdlFF7zx8Cy4qhg	2025-03-09 15:28:46.027019
1765	ulee	grantsanchez@example.com	Ja7IaHABuFuk8mmzpn0GhGMEtCFT69p88tEf02Ppaw7Nd0D3mctQWykqJcj5jMoFku2aENnd0MR12aKR	2025-03-09 15:28:46.027019
1766	tle	david24@example.net	lXa1dvcwHsOLwAbUsvWxBSECqUdb8Go5F5zlM3Q545JvpTxf9DbzhYLbPgAMI9KahfeYqLDonrbvxtIc	2025-03-09 15:28:46.027019
1767	iwright	vanderson@example.net	XcVStQmskE1aQQDoEsm7VLGy0HTHIlvOrrLgn21OcZQhXK4cG7mWcTNIi07U8n7jQoJJlkIvWyQWmBv2	2025-03-09 15:28:46.027019
1768	jamespage	scott74@example.net	9fnuLs1xjiS07H39xssIHixtnYAVkT8avfbNqR6jP3Fx7kSqOOAzXBAVvdQqiojKIfq8LX2Wfm1sznQc	2025-03-09 15:28:46.027019
1769	ashley78	ruthmoore@example.org	ckvteR9WxlycgSulkGOJIBTjWhrWoV2MZ0Sli8TAqn74PpUsieN5lEjgAw533qqwOffYlvfvqZrIKTLz	2025-03-09 15:28:46.027019
1770	kwest	matthew54@example.net	8UXgMm1JLHRK3LyAmhiuTjWcSa3zuj3msK84La4H6Jzt0H3Yh4voL5jPGu6DSgLKIhnX086n3ikoWm1w	2025-03-09 15:28:46.027019
1771	samantha95	tylerfreeman@example.net	v4kxNIP4oMHMhJxkcw7D9yaTmSatAarB7PrlbPn6J4nFMeAm93vWfqIFgJqCgFw0VwH6iFfNpKC8A6uj	2025-03-09 15:28:46.027019
1772	xholloway	jacqueline81@example.org	eHqQCbsM6joMh9jdOGSE1Ox607bcscD0SCYuFDgBEh5fWuUjG0o0v44bLkNLNZkUiKqweVcMalO30Fg1	2025-03-09 15:28:46.027019
1773	joneskristie	donnawelch@example.org	SSzrIK9OmOjsNXSWgQiaBltRe6hVM1MvDVI9VPGzzpr9WVHjgDUaCzFBCXplECvwyEOTVZgeDZqks02m	2025-03-09 15:28:46.027019
1774	pescobar	fredericklarsen@example.net	6vkmsjA0LA0LJ7kFjJeYzIHbvrLYJNWdhZ8NJZ1YEYEC7I508x4DHD2kOGt0PGH0GEcMNrV8ltXkEJ5s	2025-03-09 15:28:46.027019
1775	brownjeremy	john75@example.com	S0PNpHGDfAgTkuL8w6grkYs8KdUJeo42juMi1GJxmwcC6yink9eINLtJjIcd9pcOB58Fjypv8WjN6HlG	2025-03-09 15:28:46.027019
1776	foconnor	khall@example.com	sY68saoT4L5B6HT4fdVO9eEAUtrWh7FeTKfjT09egghiPkjgeoOPod2hXr2T74fzLiqaN0j9CjhFgcdY	2025-03-09 15:28:46.027019
1935	sada	asdasd	asdasd	2025-03-12 11:06:06.433264
1777	jacksonbrandon	williamjohnson@example.org	MHNvouUQbkjuoMJsizhTEvmA5nfYOaM7mdWhGJsssA8AcRmi5xWKlrgNLbOQlEDlrOO6rYVNObYvJGkD	2025-03-09 15:28:46.027019
1778	lgilmore	sheila33@example.org	7XTd8rKyKnd97PI1SP2fmJqb3fOZU3MtE9hSxnk1xKe2kqacY8Iy0noK6K19LczrwIOkw2wJqapT8Zpx	2025-03-09 15:28:46.027019
1779	jake94	debra07@example.net	v5DM6hz12aiOnRp0R4IujGZYncxqUiY22DQ2pioyG5fwqP0bxXRsXlXkb7xaS7UN4kTB3lAmrpVcUqRA	2025-03-09 15:28:46.027019
1780	christina03	fraziersarah@example.net	5CA61fBIWYTAPnqHECXQ1ItA8x0AeP7Oq2rwedpbmQ746gd3DzkRN9QmbDdXbXi4g44m5Fv8QKvWH9eY	2025-03-09 15:28:46.027019
1781	hpatterson	deckerbrian@example.org	MkN6njUfGycwi375N4i111SXVgLjHkUXoU63Gi803YiLJQ7gCzP8YbeW0163v5H5Gcqix3e2ooGe6qLr	2025-03-09 15:28:46.027019
1782	holdermelissa	kellerconnie@example.org	xXVUkzkb4roaWLcRdohhm5yvi4A18SOlffUW2WpFV5HiIRl4nEeQRM2hFaeZv7irYbUcr1sjgFYvgmfl	2025-03-09 15:28:46.027019
1783	keithadriana	danielle95@example.com	4zUDMPXXCosmEkwhDtbpyzc4DsssXMM5eXt8fWKRx6A6Frj2Kc3ltE1IYPVYCKGCNuJQuFUcyaacXSZg	2025-03-09 15:28:46.027019
1784	christine13	wellspaul@example.org	RSNQmsqCL0W0WW58ZnqCCcBhwThMV5t4M4mLK3pvBln88eVvclG04DCVSEqGjzDBwRBpNVG0Gk8gaAzg	2025-03-09 15:28:46.027019
1785	moorejoy	williamskristen@example.org	VZfDilj1GQtzdjfJRE6gKAn7WxtED9UPjRpeBOFCztvlXtt5fXs41LiL9sGfOyKHWvVKQwvensIRoNOE	2025-03-09 15:28:46.027019
1786	emily25	smithjermaine@example.com	0kydkucVH2ZODqjCjX7U15ECZxA5mMPMDWJmXfpZSBPPUAPLXNulYPl2MByst5d5lLWpsKeZFEQyhui6	2025-03-09 15:28:46.027019
1787	andersoncharles	schroederjason@example.net	qRJZDgw3zOTeihaB4xiLQYmLPfRmuMqOSV3EmfUGot7DVW4uuqJ8VZ5tSzxoGQth9NP5nS5t5kWpszgk	2025-03-09 15:28:46.027019
1788	jennifer53	fhowe@example.com	ldZPUIyJcTYhp2uX6Sal7s2H1D4LpDSH3BEJf0cb749EkxmxKDXv6xvSJeiNiy2liGoSfH0PB4XWpzHC	2025-03-09 15:28:46.027019
1789	zanderson	wilkinsluke@example.net	8Y4QEUNmssksvMpDYdECThBEPxkNjh6LRZfnLiilt0gHaBl5cb7XgeuUnHYB0EQQ1XGmiRtWxGiPhPw1	2025-03-09 15:28:46.027019
1790	alicia41	anthonytaylor@example.com	g4UqayxLhS70bI4uLczi017EAJXUCeTrxLaiR75pNAKd8MMvuiMeSsaUBLidF09ieiaZDvSmtrCnF7td	2025-03-09 15:28:46.027019
1791	sgallegos	jasonmorgan@example.net	vjw1CZevMBynwlaIkFEhV6FJCDJxMmRz7kvYjzsR8MmP54A5OZV9pBKw1za2vhTgJSKv7MA2xrHqNrqJ	2025-03-09 15:28:46.027019
1792	heather20	anthony56@example.net	QQsgeCUZOWWdylyCf3L5FBlDLG4ixEewJkt2D2qURa00lF7qKaDCwivJjt1ZR3WuwSv6oaC2bvZw3Xeg	2025-03-09 15:28:46.027019
1793	tbentley	jonathanwilliams@example.com	ALXqaqyhxmYv64yM4cE0wU3C0TYzOrD7t0gfl7r9lLN9rMpiwIGvw1GCt7UJslB0wNRv077WwOv14iFH	2025-03-09 15:28:46.027019
1794	amy96	fvaldez@example.org	0NrqBx3Wrpge6pBVD8VoHukHDdPHcW6XJ6PH9oBDnV0UJa7EjxNhUPPxlbHoEJHU4qDutj9g2HLme4kz	2025-03-09 15:28:46.027019
1795	allengina	jdavis@example.com	Y5ecCVJOYssXYG8s64qUwXgk1AfuolgnHMIJ8g0Cs8qsY7NiMEnOMLoKrx7oig7ltc7oeiBwmtXXvsHs	2025-03-09 15:28:46.027019
1796	mackenziespencer	melissa50@example.net	KDCFhxU1WxvoOFvfh2pNljOGBAbRsvIbcWEnlWZ4xoBlyQBWGh9fKVjQ7WLpbFr8g7KCt5pg9lepKpTj	2025-03-09 15:28:46.027019
1797	mhawkins	evanschelsea@example.com	ALmSsVp3JcL3DW643g9zzVoyMV41VQUcKysoQldWDqSitjVXDsqBJ2pIJfS931ZOU7K5eaFyfCEKy4QH	2025-03-09 15:28:46.027019
1798	dharrison	mooreamber@example.org	4hvNVWUMn08hqTy6HI3EtKphSTh2SKNZfkE44yNgw2pmvn42rMB8PpXs215DWERmtC6gIYPMbIDHcJt0	2025-03-09 15:28:46.027019
1799	susanrice	justin51@example.org	ZWUelVKpY1ECMit6TtKaNDk2BpYI9c5O1YblMWlD9V9SjB8eaqTXzqPgoZg2vqq9KC1UWiLzFyZkNMDN	2025-03-09 15:28:46.027019
1800	katiebrown	thomas82@example.net	LAIRWcZI5Q0KfLtpwljVKmlEjHfkpoIOLHPKSLpAELeU4y5pA2OeDIS6doRH4kpK1QYMsBRQBz3sftgL	2025-03-09 15:28:46.027019
1801	qcarter	brownsierra@example.org	iczagmi2MD1Oph3wOVjeqhjeXJjR3jrdJeqJymld4nBOjoeGO3uqugerhsfLiQBWstIDiinxaYOGDmJ1	2025-03-09 15:28:46.027019
1802	mark43	pmason@example.net	LMObjKqOBoxYI9xgjOyPa4wRXOTZDoKPNtTDToZDGyVrCUVVgeIDt12iYkYNXQXKPX9saX37B9H3soZb	2025-03-09 15:28:46.027019
1803	leelisa	amanda41@example.org	hk6UCwCYU4eWsAJ6wUwJYgjYOKXFz0TzpRsu0CmQIxNdzYhdoHBlNnBuW1Mz7vkwCIS5bGSIYhi6cjKl	2025-03-09 15:28:46.027019
1804	rwashington	joel24@example.net	x2kTx3grp0ETT4mnMMdpWCFxIrqDyDNvsnhz8eHp090f9ymm72WM5rNFUOa0CJ81L0IhD8p04tzgeWoN	2025-03-09 15:28:46.027019
1805	samuel50	shawn88@example.net	Ys4YcQf09fHJGFs5jgJSs1fUFF98qHibUDqpP3lwGljRkRO2Lw1pvpohqssE1PQjoIAow7xIgpx18nB5	2025-03-09 15:28:46.027019
1806	kinghaley	justin00@example.org	G1YLnxXR99BOkpLZpX3Rv1fxbUAGoWchzmlyzrH5Co57ojvkCkVPrnhw8ofxXoXgQfxxFwRNV9af6aGj	2025-03-09 15:28:46.027019
1807	ydennis	hullpaige@example.org	tlBL0asJ9lIF17CLW18kf0ZHyJGvHvMtjmUv0XMdIv7O62PlcUgc93eLY8k4trQ6yQ7Lv2H1bb6BjxYO	2025-03-09 15:28:46.027019
1808	ppalmer	heather66@example.org	pWMOmwAaxMCUthbYtjrQ06tofIyouOcHdWeAWmRC8xUgUTzpXZmaBtCfiFrBuBc5O2yfmkW9V49RNLQf	2025-03-09 15:28:46.027019
1809	ocortez	shawn67@example.net	63TN9ninzUgHeG3IprghUpC61hBkwYIHiaqzoxALMviXje85rjlc1s46L6RWCjhAV8MMONs9rNC5GPSv	2025-03-09 15:28:46.027019
1810	rachelmassey	jessicagraham@example.net	JssH688YIffkJvgcJynPVAkBlMowUsXTXlOsfAjTHQEwMuQAjjcjOBWtpj1ISf2vDHNs3a4GICW3bYFM	2025-03-09 15:28:46.027019
1811	andersonkendra	adrienne37@example.net	7tC9A7ynxoolq26OXcZB3o6YNqvMrr4Vp1EJXPYBFSJCwaQrS7xeSUVgTpSdiShAwwdXXZvh44Om1Fx4	2025-03-09 15:28:46.027019
1812	carterjohn	phillipsclaudia@example.com	tlgIshESXE75StgXrckYgmO1Xh9LV23d1SDObWUmk249OanvPeMP6GRF6DhGTi0s98KLmabRbdPGYcJT	2025-03-09 15:28:46.027019
1813	brenda55	meganryan@example.com	elsXmwzhFWLhJsmnkZmBbVfSzmQsD8O2xnkM2pzsklSLmLiqUpTAM47ijaypUlpO4eDXFbvLMhZZWXnb	2025-03-09 15:28:46.027019
1814	scott66	james75@example.com	dW6PuVVDXtNGivuK4La5EsoteqgKWnLLd4kYKysB2v3OtQUhzoRiT8yFytzkqTfCva5beuDYbmmBTB1H	2025-03-09 15:28:46.027019
1815	fsmith	bcastillo@example.com	AH3P8qwrVGm07zR7TvvxE42NRiBFUjOwe4NoiNMJRq02X1pVH6F9wnznBJWb2oelUS94yLjJvaIEXb7U	2025-03-09 15:28:46.027019
1816	vjames	sbrown@example.net	rvlBCeeh49rnfC0No5I4UASXS5npFp1bD4wLcJCSUX0p1B7qXEq5gea6K0lC9kjWshzdHHCCohzW9l7W	2025-03-09 15:28:46.027019
1817	campbellcody	nortiz@example.com	fGoWheNYKb6W7Q3DwgrWiSbFAJKdtrySJaBLFM89G5sHLdRw8YAVTOkNnH4ZyHIW3iOQUCU1bGgm6IS3	2025-03-09 15:28:46.027019
1818	gsantos	jacob13@example.net	pGNib8OQzrUqSsNKZJtT3b5R6QCKJ71udyWoU6MejA0ubc0VWM4Ru9PxN09culDt8oczxqsbziV60h3f	2025-03-09 15:28:46.027019
1819	oscar87	floresmatthew@example.org	IEJdzLTWwslL5VEVYj5lcDHLeCAjR8GF0x7rrJXpRrS6ob2CRFD8fpJg29IDwjs7pB5mHBJrDDVToHRV	2025-03-09 15:28:46.027019
1820	vmccullough	mrich@example.org	DoXYJ9xjgv1S8TIntRm8vMrfvuUCkUbpGVfpeChq7hhkKeZFLX6PZ6NbyiidEtI5e0SIKy4hYLR1Iqn6	2025-03-09 15:28:46.027019
1821	melissacastillo	jacob37@example.com	fPmkHoYBG3EOwdlSIodM7xLaMqe1nfiZq6Ztfy1HC5wWYw5QrzJ5TTp5JOq2PBnudCEPLr28StT3i3bc	2025-03-09 15:28:46.027019
1822	dianeharrison	jessicamiller@example.com	rAFJGRCYM6e4IY6GKjgPdcZhKXcSrvc6w2U1C9lUtI0jvpqIUVVEbJiRkEPflKZZAoQWVbTBCJIx7rQQ	2025-03-09 15:28:46.027019
1823	danielschwartz	mbutler@example.com	ZAiNEttYVRv0ccoeie5a0zzF6suXoJv7nSPJEklbp4jC3U5bjHaWZrsKmJIPeq6sijigIM6Mz2lU8p1M	2025-03-09 15:28:46.027019
1824	robertschmidt	codybell@example.com	X1g3cr13GD7gvJxpcjt0mMZpMrUHlRXZvTk88MwSxqArjlvHOZA3EFaEEpld7nHfro6hosqsf7MlDOpD	2025-03-09 15:28:46.027019
1825	ericsmith	sharon46@example.org	K21rRmwDRB9RcqD1R88zndttfGxPbvjxP0YpctMFSrj98hkq9OQr84yQluAF2xNtPmD1YObmcr3wHIy8	2025-03-09 15:28:46.027019
1826	andersonmichael	rhondayang@example.org	qqqhsCocto2queHk1qAGsOH8sGyc2LV0r5R4h8diMdmxvwHy4EZcNFbC0ru2K7UXBBByEcENBoYYsGYh	2025-03-09 15:28:46.027019
1827	nichole37	vmoss@example.com	urUpZYRsU42NR4KN8gwGAZYirlaJ8yNSsZbx44eS2upjJ2CGSnym5w1QhNeKP4ZnEIQ02ylXDejvl9c2	2025-03-09 15:28:46.027019
1936	asdas	asdas	asdasd	2025-03-12 11:09:07.982709
1940	asd	asd	asd	2025-03-12 11:14:21.609913
1828	jeremy69	xmyers@example.net	2lNjw1cLUwxtO86o7kht9zlNaQrRHYRYTXGweACrD6EjHX4TVCQ57xwgzMeumqKhKpx6bbojGsjXkQrq	2025-03-09 15:28:46.027019
1829	anthony54	jacqueline23@example.net	Rp6fFK2jtU4DfsQviZhpYVezHIYF1vergzCSVeaa2AgyiMB7G2OxWKDWhLivh5ZUgNU7NCBP0UMuHZgl	2025-03-09 15:28:46.027019
1830	mandy75	hernandezandrew@example.com	oL38X8bCPI19wQhaMs4ICw3I869bYsAlSXtornc2KlAchF4TpiVlqRKJPv0zKY6jAV7UuMVaQHU97h7H	2025-03-09 15:28:46.027019
1831	cynthia61	mitchellshelton@example.com	cbxFekyFFclpXtLt6RuQ50CVaDKEScMbRoKKgUcuf6KdeNqyBTMZZtBHYeukMgBJnRCM5fICX0j4yrkl	2025-03-09 15:28:46.027019
1832	gallegosjoshua	wrogers@example.net	V0UcMl52N4YqEWhEmKfItGhxZJiwxPPINPaKp5YLoRK216daMBfYiLPn53v30dLDXlZPeKrmTBM5ypOA	2025-03-09 15:28:46.027019
1833	richmondlisa	hgarza@example.com	GqLHPSIatVNpddMvz0X0svvTreNU0MunyV9UmnATxwIQS7o2BjV70HcPV11ubAUPk92dWdswRHCz9BTm	2025-03-09 15:28:46.027019
1834	adamssamantha	james34@example.org	2HbCQZIIhWKbhOVTnEBI3I4vimBWuPZOfcDqy7DNm08W7Il6EaGKN5RHV1k2dP65wbpG94iobjPUHDC3	2025-03-09 15:28:46.027019
1835	debbiehall	wcasey@example.net	rcI9xgzEF3ugwuQHJXenovLP9X6byivxbTahU5aHuZLDByaP733rrCmL3imXWTv1s58utA9R2CEqzMIx	2025-03-09 15:28:46.027019
1836	xcampbell	williamskathleen@example.com	X5xapcBDqrnnV8xNQ44YHjYh7DumSQtExhZrZMsAmUTyMm5OKVul8bpBx5sFRPX00xk6FvCg7R5iCKyV	2025-03-09 15:28:46.027019
1837	adam28	jillian94@example.org	Ofp0KFGg0AfA36eBsWJusSrJh7uWADsP5gHOmWnrgWJmnBVxJJ97VP7oeNurNafuqE01bwWjynKl7dQW	2025-03-09 15:28:46.027019
1838	alyssagalloway	yangbrandy@example.org	BJf5GzaNZeXtzYmoMtPRGCq2Lls1YprRjxdW40X4Dm3KpU71OmggqHorXLX4ELiuuQo2mtY7IzmHMuE4	2025-03-09 15:28:46.027019
1839	mathisjessica	jennifer54@example.com	qqWiQeuN0mC2uMjg7KMSAMelqdfBIqkfyA5xurEwxBCBC5Ay252rmNMAbPqgAhGdxS9ujBpJrMiDcC0x	2025-03-09 15:28:46.027019
1840	rebeccacarter	beankristin@example.net	0KB6NOqDjqMRz0OzibOClNXR4cjjmJ4Ts9VSRHyDXtZWGgfX6ZDdaXhU1cgjYCHeq8kif33HQ2uBnhOH	2025-03-09 15:28:46.027019
1841	joshua86	saradouglas@example.net	IEf39E5TvHhvIx4u7kj4jRpQOr46Ud2pq3XNL1HoCgAKuqfdNmBESQxrKmCFhmxuULOG0M91YykOAbZ9	2025-03-09 15:28:46.027019
1842	nmclaughlin	daniel04@example.org	DiVkoH86o8turRmRHnR3ce7tcU1WwtB38uPiSfhuj3XpxDmNNeCa2EMZAiB5JJ33BQuyB6Away1yDLte	2025-03-09 15:28:46.027019
1843	brandy80	thenry@example.org	vUAL8gvBGwSB0Ndtj6TLtyBa95AO7gqmRbhiuhiRq2bsL4ZDRhXXjY322sZ43rKEel7ep4S43pcjmwyo	2025-03-09 15:28:46.027019
1844	manuel59	rojasamanda@example.net	5iaNijhUgyjXoCNNpvS8b8I2Tdx8PU8bPO00ZHKqLYeDDBY5JDrpVxnx6KHv6QvsezynbRBfDRBAUhrO	2025-03-09 15:28:46.027019
1845	lrobinson	zrussell@example.com	SpGpQcJ8no6N41f2pL900soLItlcCpzjMM8aD7MArqKWlNF2Ov3LONeUIhzYiOWJ1MqDRHvquEIKMwBc	2025-03-09 15:28:46.027019
1846	projas	parkerpaul@example.com	kUh3AWNpFoGXmG391GHP8XnfCsG8w28HRHlLtyyOWO2hvoedSSR77Um1dJuGqHl3WN6zaEFQgy8xxZ0Z	2025-03-09 15:28:46.027019
1847	wblack	kennethgarza@example.net	AmHOcSdrYqVvkUp5TVAnxQ9FLDTohzQ5CDAi1RkYRKESEIYTyHtENN9oL8J5ZgznlnWlZVe6WdWwEmrx	2025-03-09 15:28:46.027019
1848	klewis	pboyd@example.net	RdL96V3P5ij8yHro1ZQ2OtR0mM8PxGTGdrkEGYdP15h8cVYL7ALfpDYl81TYUZmJubaFIfIIRvE7JgD6	2025-03-09 15:28:46.027019
1849	patricia21	fballard@example.com	aiBDTQGOj2nIGxqy6MGjhKPfRRvAa56ufYxjDBtCQGzUMeJt9Ls2hIIoD5ZW7hmv3sXWbMdYtXtoDBiR	2025-03-09 15:28:46.027019
1850	tiffany25	whitealex@example.com	N1DAUVQAeYHKX6wUdqZsxZYERmz3uB6enBsO6ncDydZRs68HcNuCiSu89yeKD0MP5RlBQNvETrD5XFdr	2025-03-09 15:28:46.027019
1851	avasquez	boothrebekah@example.com	IcGDBkYd9eHwCTl729D28nytjvkz1FbwsrXOvzEbg5o6Gup39tYDBn16AYkScIbYd78JfGKNI5eWvYho	2025-03-09 15:28:46.027019
1852	robersonelizabeth	bowersmakayla@example.com	z6y9oZtLm9VTUxrlp2LzIgBkKBNMvSEP6FXnnHlgITe0khaN5P15XZFdbjUAZxPYmPhvh1IGnd73cxpZ	2025-03-09 15:28:46.027019
1853	wmccullough	rebekahdodson@example.net	xI1TM5lYhCx2be5ulxwarIgLm3KysBNXMbvjWSn2tLN5KuT7vh9SQvK9W34402PpCLMYSPdlCnBn34VA	2025-03-09 15:28:46.027019
1854	moralesbryan	markwilliams@example.net	wzDu2yVED63TePByCo1ykb8bF6BdqgRHSCc7O59H0qEplrr8nzW5crrXcjgD8K0RMHsCad30RGJU7EHr	2025-03-09 15:28:46.027019
1855	robertweber	ecabrera@example.net	ZKbbw32JwE4f04Tx4KuvDeBCXXFjqtkSb7z1ikYuzxFEn179elPlSybpyabLSNrVR12UyrG4pRGvsL67	2025-03-09 15:28:46.027019
1856	bowengregory	jbond@example.com	RfCYrdbSz1s3qqXdJ7afpKCsr1Saw8HGv4GcNFd5rFjQBE6hoLq74DCwpI98rvfWZZVLExJz8awuO95c	2025-03-09 15:28:46.027019
1857	fle	david05@example.com	kxmziBr2yYz2gMTRwNFpI4us7eTx81Jt1gJ1qo5hwV9izD1dvtPFOmI13fZrjYCb8NlnCRMca1QE7S7S	2025-03-09 15:28:46.027019
1858	jerryhines	emilywebb@example.org	YQC4s0yUVXCMTCdY1GiyFVx9k1UvtoiXh0ktGIiP0FMxkhZjXiJDAtjpqWxNqnJTtM69JUVZKcXSxAmQ	2025-03-09 15:28:46.027019
1859	nbarrett	davisjeffrey@example.com	nkI6MpDx4GC9w5hetwXYBShpFKlgaXGXkaNwxfNlIAJXsR0Jteld83DrSmzlLCPRmfKgvl28wpNPuoqA	2025-03-09 15:28:46.027019
1860	amyedwards	batesthomas@example.com	zKQWIyD3JZ8jTQPWlkLhQGKk4PZOgPaB3Daki9sduRS18kNQ06BdFeIKCBOaOcf6e75Xt9slEiXhlUO1	2025-03-09 15:28:46.027019
1861	jhall	georgegibson@example.org	WsBqzlKZocuKQc1W5hY6wD3CobY8MUJ8kR5mrpAyXcLYgD1ZGcO7h1k9HGWdRZC9zLUbmvQmWsUIPWTa	2025-03-09 15:28:46.027019
1862	kennedypaul	josephscott@example.org	dxLdEcgWTa87dpjN8J0k7UvapBmjK4eSobyx2a6BJiz8doNtx6VpfLP4Bb2LjfrdQcIlMpmGLAV03i2D	2025-03-09 15:28:46.027019
1863	bensondanny	parmstrong@example.org	szg8J45Bwf6FWzjFIAOBWgBOECblmVAs9AP3JGdVOHELGzeI7MY2svkOTLv0rDccKZi1jwjmtIKgahIk	2025-03-09 15:28:46.027019
1864	aaronyates	jschneider@example.net	0nqHA8pI4TEKnuDCYdMe3cD792YvfzzFsFHYYiMHSTDS7eXLFfa5VpD8ZH2DHCvMhKSt0IhW0wS1EWt1	2025-03-09 15:28:46.027019
1865	hmills	rayalejandra@example.net	0Cj3qBEdywqbWtej606lQHV6caCDV6ScKRF6Y5UfW9ydS91dM2uFzisINHlBJnzhHdHnWqoSeYv710Ed	2025-03-09 15:28:46.027019
1866	danielmerritt	cday@example.org	ahVZv47P0iR6pSbAfKnm6OhyZJNHCgFEyPmHbfoL8aX0WxLCmoMFUXT5nwkVNzaYLodzsa1gLRSRufYn	2025-03-09 15:28:46.027019
1867	frederickmatthew	kperez@example.com	UURTx070GTqq5tzmhwapsqnY8oSzQsOlxIU9V7ImiqQqPOCLibQuJD8TCMS3fni269lGpO6g4uemn3NX	2025-03-09 15:28:46.027019
1868	ucarter	patricia51@example.org	S0tmEKpBapKEDpvQhkgBCqvqsoCylQP6YqvfqNoLXY5qV4rvedEMGxLh8FnfbCI210IloJLqarpb6RP3	2025-03-09 15:28:46.027019
1869	hortonjacob	susangarza@example.org	HdXz9geS8e08PIUJ3m3FsvZ8xhY2UBdpZ4GU4GPkQlJyoAy08S7lH2XWKsRBJIEl1FDUqvKMCThAHT3I	2025-03-09 15:28:46.027019
1870	wschroeder	michaelmcdonald@example.org	WI6eIHnrseGa3V7H5HYqtFFQvzudjCnpBSogxipYlehmWlb8lrxFjMO0dQ5kmNVzJbQXgi1ptHMj6v1b	2025-03-09 15:28:46.027019
1871	pthornton	oliviamartinez@example.net	lA9j1EWARlNYo8VdB8rj9PCBACbL8NCfBVQSHvZct4VAt52DeR1gmxBGkH52O1xU0w2BUxj7rfNhKFNo	2025-03-09 15:28:46.027019
1872	bray	esmith@example.com	ZZd7XRt8Fvs0HRFoSQ1amw14eXRdqAl8xxXLtuOLq7kdJUDF9UM8Q9rx5313vHlqiQBlusCBx860AuUk	2025-03-09 15:28:46.027019
1873	adam10	smithnicholas@example.org	7dq2rDSKfhKYxYc4sEBHBxJJ6LE3ibDnmz94jDFqwJIbSGCMlKyTiQg0mVZCNvWLLY37ki9JZRumVSbT	2025-03-09 15:28:46.027019
1874	wrightsteven	vweeks@example.net	NWnnyhTgqyx0vdcd1m1pYDalPpXIWgQyUm4JBrf8J6Cm54VwNWWTNVSqab1lncylccFe75xS20hhn9Cv	2025-03-09 15:28:46.027019
1875	toni05	gabriellewood@example.org	bnQqQKzh8LNPxsmBpX52kAAjtIlKbXzrI0ZIuE57ZXHqOvOFQUJqx64fTXCmGitcu94EnRqJYyonCPne	2025-03-09 15:28:46.027019
1876	gtanner	donna57@example.net	JWKBmhBAXOCES0l69fswYvTw0mpHR2TPR4X3Ix7zWa6MsmW0IB3x4ICawN6NLseydl11VSXef64WNTdH	2025-03-09 15:28:46.027019
1877	daydeborah	michaelwilliams@example.com	3SwG65zxbXc13amTdEHqGrROdytBhV76OiElENb6nca3sqi6GXQqz5X4d909GAmYJb0gVU6OWdvE5Y1x	2025-03-09 15:28:46.027019
1878	bakermelissa	coxthomas@example.org	FfQdq2A0FJoefFZqL1DTNtdSTkNsil1pAjnUe4UfnysiPES4shrxdSX1VtjwX4yWZ2U6QV8bhrXHxlfg	2025-03-09 15:28:46.027019
1879	williamsphillip	andrew82@example.org	yWmOqdeWdavgMMsypZwuxHbWwTeJt760onQHe4VTlOTNJBh0RutOImb0fmxD1epEervo1pM4C5PB60rX	2025-03-09 15:28:46.027019
1880	gdavis	gonzalezjennifer@example.com	nLn0DjtNmLBqgSms2eFKqEbB1FAOBjU1qyiic9H1Q1GNu1tYY8cCdycn4wFTkZsdP57yH75SatAccIOe	2025-03-09 15:28:46.027019
1881	onovak	alexis70@example.com	PrxNELZxMxegiTfqyoUcNKuTmA5c6oCtaZ8PuaZbWB8xtAFXYuMvBdCAdB3pBdKYw1QrM1LpAMRv47aI	2025-03-09 15:28:46.027019
1882	hannah93	mnichols@example.net	MBJwimZcJymQsbJDAitmO3tMeyOPgwgdGii15AHOLSLxLpzLlOoW0S2zWWfGPiWm4rRMz2TFmWGWQLnq	2025-03-09 15:28:46.027019
1883	nicolegraves	pricemichael@example.net	JcaS3ORsmhOy7X13JnPUgaNdjRkrxuSdjT1F5fwPLFjxVnMugrxvwJNnPf1OBRj1jePKBN99XaWoWekX	2025-03-09 15:28:46.027019
1884	pleonard	dsmith@example.net	69CrREJeZIc8NM7hopf848XsvWGuqWdQoRn47cTt6Zl56lX9UnG9cbuwQZ5OFzfaA5nSu6U9odgRJ7Bw	2025-03-09 15:28:46.027019
1885	morrisamy	bryan28@example.org	R07wz5N3q5zsUDgehPXvNhAknyj8U401fwZhRI7ikZz2XkzLq3F9btallrHTSIUqvbo1qaIOvHTt40o6	2025-03-09 15:28:46.027019
1886	sarahsolomon	tclark@example.org	NjVHLcSbyHKYQGtJVB358fLpLFjPh3pNov8PdxerKJxYKi0EjSoB4xTYm4a3G1YZpti4hoifELqThW0y	2025-03-09 15:28:46.027019
1887	johnhernandez	kimberly08@example.com	l0v28GjuepTDr6KAsR8U9hIytEFLHARiNYRgxPz3TFJA1mR59p0PLIIlPO0heZQA1T9jyZMUTrAPjk48	2025-03-09 15:28:46.027019
1888	lilouis	odonnellbarbara@example.net	TI2xsbyDFm4yBtfR8n3qdWRQMF5KQxTqq1yCBCibXvcbJosj3IGPn1CTrK6YqTxa7x0JfCKEsk5POmqt	2025-03-09 15:28:46.027019
1889	haneysean	scottthomas@example.org	bswq5J8AOHGBsUnngeOUY7LxH9D75IL4XCqg5FkrNYXztKpLVN2LFKxNniypEd6PWKt5YA07X4EhLd0i	2025-03-09 15:28:46.027019
1890	phillipperry	steven58@example.com	xJBqHc7j2dpBfVB9OedTMFuyBbvNg5WsZePjdf5pg2PYIBYIu5wzcPdGn5VTKLKsmfPl78Q4xRUkhxCg	2025-03-09 15:28:46.027019
1891	fordsandra	kwood@example.com	dNHaFhchFSTprq3CsX22tV7Klw7DasyxoZsHP1f4mbBAyrOmCalgfzCUnSdzZAYLkGjsPAzx7fNc7xAT	2025-03-09 15:28:46.027019
1892	mtyler	ayalajessica@example.org	yEGJVLNwoVYsCNqYDuYymo0q2xN8bfb4BhzivMonIAzZhaN8uQuwNzNnegCpXqUTu6x4weC39bRHzMZx	2025-03-09 15:28:46.027019
1893	danielsbrenda	lchase@example.org	7bEQ1cVRAzJoyybaOr2s7zWsNCZVDKKRaVTYCwUHXF4RywXQpIStJPpnpLmMhPDQ100L3DZjGaqibpRB	2025-03-09 15:28:46.027019
1894	billy08	glen96@example.com	pEAXr4TXGwhCrmw47Q8eBPaDPg3H3oIiat2ZVbUcOXQm4lXTf8ot1vb2izHo0wWgXib4VNxP30OkcLx4	2025-03-09 15:28:46.027019
1895	dkrueger	yvonne48@example.org	qQavicEkuuxGygdHvZP6Ze9ApBdIzDPWpvY3Rh5E0urWXYlyGJO5HqxcltxmzMBDtSg2A08X6hiEip5Y	2025-03-09 15:28:46.027019
1896	dustingutierrez	shellylogan@example.org	7OTUHwlADtIqZQp0QpLX7qOsahqg7T0HDPh1lbcGgnpXZszhXLZH3i5WpyEboYHLINtC7j43ujgHYrhC	2025-03-09 15:28:46.027019
1897	alexissmith	kdrake@example.net	eBAAWZRYVYyuuxih46qVyOkMwzXasWor97moOMWNoPT1ECDfnQ9Wrt6pTxVxsPQXeYFKPpR6BmkTDSco	2025-03-09 15:28:46.027019
1898	davidhernandez	debbie81@example.com	G4PhivcwLjrnqOgH9rt1XV2VRJG2C5RoaQus8VvmAdc57bLS6e2n8rxyyB8dX9hs712mrPkAAqxzcaOB	2025-03-09 15:28:46.027019
1899	marykim	carlasmith@example.org	8XXuUZkEzVjiVhmSIxft86q5CeZycsOnFdPYDWGtGEWWIjZKyvYnzMM9NO0KgOH5o6L5esR27vuCo4yL	2025-03-09 15:28:46.027019
1900	stephen31	njones@example.net	FL1LbM9pvh8Iv2M4UVnXbftemFOqy6amyVFONhHuSRmmUNC9ez2ZGLsBvGduffiRdMNosCdiFUXFzGD1	2025-03-09 15:28:46.027019
1901	zhansen	dylansmith@example.org	lhUqyts5PgUcpYCS9T1GdkjD5XzfQS2n6e6i4W3lYKCNTjBnbAr1obcU2ibqec3p4QNc8Alc3VQvXH4w	2025-03-09 15:28:46.027019
1902	jturner	megan76@example.org	wnIihhMImgnrjIADJ9f1jcjnycMYpR5blot2wPlHi4MCLJtGC4S2ZViWBxRUTVI7kovNcbOKGeM4Myoh	2025-03-09 15:28:46.027019
1903	kyle80	pattersoncindy@example.com	hxufEqrss0Bu7wC3niQtbe3pOMCjDBEQQH04MhKAjO6wReMzZPgeMQVpKmOQwOpfPpnBrdbsqsr3r72j	2025-03-09 15:28:46.027019
1904	anthonygardner	callahangregory@example.org	QpLsEZ5PqFspMRaaCBhJAiiITzmsyfTaMrC7FoWlC3KGDZhZrI7XwSthZAf9j73Bkt9p3dbcAgLRLHi8	2025-03-09 15:28:46.027019
1905	alexa26	daviswayne@example.net	GSQvASVJYUDg5BqGbmvwXIEL9KqndTWHNZy70dc0pGOlFX9G93sbxyHtc7opvBUbPcpn5jb7fWwtuSZL	2025-03-09 15:28:46.027019
1906	jenniferyoung	wesley57@example.net	q7fC6J0npl8veJFGSIbWOQFBFMLC6JYlPLdYvJBcputzHEweidwXi8msf9p1RZc3tRynBII0QKtcrurk	2025-03-09 15:28:46.027019
1907	faguirre	milleradrian@example.org	roFBPlgNYn4nMp7PCOO9f2fVAxzCOB7Wpm5pbux0dLU91jml8tj3fTRCQXb55W0VbGfxeQd6qa2yiRBt	2025-03-09 15:28:46.027019
1908	morrisonbilly	kwright@example.org	sTDU6PqZm0gdm3yEUzwq1YSDVzwrmorATNRIlfbbwEa7XfnaOfjlqKK6iNKEukOTUPhN2Cbldhsm5wq5	2025-03-09 15:28:46.027019
1909	sandraoneill	esilva@example.org	98mmxwSlLuBo4CdOLEYsROJ65srpsHxKWgtA4RRfqmIX8Gw8xPmvFztP28CH3TIzzBUJJDYSsk4P4rqr	2025-03-09 15:28:46.027019
1910	youngandrea	tannerjennifer@example.org	8WLgg5ln1xps39iFLTBtKEzoieNGg63212NWHrCMHuzULMgGiijMk2by0owJ9e6sKxIKwTyhn6JzoMSz	2025-03-09 15:28:46.027019
1911	tanyabrown	stanleyvanessa@example.org	fDZFHDj4BBF1GMJTCHnjvIP69ByPI01dBj5rYP3WgMFpm4uxbIrdVMYzdOn3GpZcx7VfBLLU7MOI64xe	2025-03-09 15:28:46.027019
1912	sross	pallen@example.com	dM2BZ7YjaKHWSyd1JqySi2a6Y11GSTB6EgTKrsAtB8HykLy04cuFqyfrEj0KWmmTZr84tNQpf0NAJeDN	2025-03-09 15:28:46.027019
1913	katherinerosales	bgriffin@example.org	MOncQsiZy5zrbZ315jgKD9HG5XpT5fI80NGHJqryJADCVTLRtML1iqKydjRtzszSw0MEHzTTKrl30psF	2025-03-09 15:28:46.027019
1914	colejoseph	leslie43@example.com	omrTJyfZZsKNjwVZ1ZIGbZGV3pkmXpv5TLVwRshpaQgGUzTfNp99mkeeanxiApgUrBj11KzXZ8U7SvMu	2025-03-09 15:28:46.027019
1915	alexandra80	millsadam@example.net	PqBLV2QDwAnlQnd19O5oQphmWQfCf03nczEQJ0qHLP7hZbsSuUYYg6KegKuDKPYbPlgkLHzfDKFSBp6d	2025-03-09 15:28:46.027019
1916	ugonzalez	timothy61@example.org	dbROY51RJSEgd3hIi8UVL6V0obxPpcH9teoCoTqkoj59xj5ahDTcRI0vZ9rB7jMgl5StXdmsBVAtgGnz	2025-03-09 15:28:46.027019
1917	michaeljackson	richardsonjames@example.com	L7eNG7e379nJSFayoJ3DyqpP3gWTVMLBa4xiDVtCji4LNGXuj6w4LbGSMt9OyAJJDd0bgUB9Dy5uU27T	2025-03-09 15:28:46.027019
1918	hollowayanna	martinkimberly@example.net	OBVY0ZNuRz8vt5wp2rbDvzEZrA4cdJoPk4kn9sVRhIraFqeag4onziZO5mCFzdOnCS1UcQrBPOGrIOKE	2025-03-09 15:28:46.027019
1919	russell61	zgriffin@example.org	y2QOwUMSoSfYa6goHxqWVkIigdiQs5T3jV8H5SYi7RGLN5W5InAAf1yjwM4UWLukZ7kJUX2KPQceOlZ0	2025-03-09 15:28:46.027019
1920	steven12	pgutierrez@example.org	g47Qqu1FXCQegZlamUkU36fYnli32xa7m2bENHQkLGxj3tF22luebOyA47iQP0s1aDDo7sWNpgkhvNLm	2025-03-09 15:28:46.027019
1921	galvanjennifer	harold40@example.org	C6AUOpSWCn3w7mwzwH4AEhkOBudO4pyfHKc8P38Gsbx1j1eS4XqMX7riFNj7jIxgyQJiaMQgCuAMHx9v	2025-03-09 15:28:46.027019
1922	brendayoung	williamrowland@example.org	tMykAvUT0cCI5sqgOoKHooUBa2fuU2I1vjDxfOtZWCHvke4ryQWiOM4pZfupFsqdZMNX92m5U1R92YJc	2025-03-09 15:28:46.027019
1923	matthew84	grose@example.org	tZ5MFBPMG1DRqWPBDY8Ealg7GhDCvVuvslzMYoJcw6ECLxGW1nvihHPoaiBTySNZDFqdG0YOeuzc558G	2025-03-09 15:28:46.027019
1924	vaughnjacob	joshuacolon@example.net	h38BWmaWMfyMyoY2EElMwyxBjtrIT0EKlteo1WXswj9sTGeKgczAblZDA2YwQ7NgNHbi5idyqS65HFgX	2025-03-09 15:28:46.027019
1942	sda	asda	asdasd	2025-03-12 11:16:08.677181
1954	sdadasdasd	asdasdasdasd	asdasdasdasd	2025-03-12 12:04:57.242623
1955	aaa	aaa	aaa	2025-03-12 12:05:32.284669
1958	asd16541651	asdasd4515611	asdasd	2025-03-12 12:26:50.979449
1960	asd165416512	asdasd45156112	asdasd	2025-03-12 12:43:51.664492
1961	vddfsdfsd	vfdfsdfds	vdfdfgsdf	2025-03-12 12:53:57.632609
1962	zxdsa	zasd	zxasd	2025-03-12 12:54:10.579388
1963	gbfbgf	bgfbfgb	gbfbfgb	2025-03-12 12:54:54.201379
1964	emerson	emerson	asdasd	2025-03-12 15:37:36.158419
1965	bnmgjmghghmghn	ghnghng	ghnghngh	2025-03-13 09:24:14.069653
1966	vbcbcv	sdasdasd	sadasdasd	2025-03-15 00:06:21.07941
1967	nyujyujuyj	yujuyjyujyuj	yujyujyj	2025-03-15 16:23:52.78804
1968	dasd	adsda	asdasd	2025-03-15 16:37:12.181535
1969	ghjmhjm	hjmhjm	hjmhjm	2025-03-17 16:02:05.082198
1970	hjjdytjtyj	tyjtyejteyj	tjryjtyrj	2025-03-18 11:38:38.358713
\.


--
-- TOC entry 4841 (class 0 OID 0)
-- Dependencies: 223
-- Name: order_items_id_seq; Type: SEQUENCE SET; Schema: public; Owner: postgres
--

SELECT pg_catalog.setval('public.order_items_id_seq', 2711, true);


--
-- TOC entry 4842 (class 0 OID 0)
-- Dependencies: 219
-- Name: orders_id_seq; Type: SEQUENCE SET; Schema: public; Owner: postgres
--

SELECT pg_catalog.setval('public.orders_id_seq', 2126, true);


--
-- TOC entry 4843 (class 0 OID 0)
-- Dependencies: 221
-- Name: products_id_seq; Type: SEQUENCE SET; Schema: public; Owner: postgres
--

SELECT pg_catalog.setval('public.products_id_seq', 1, false);


--
-- TOC entry 4844 (class 0 OID 0)
-- Dependencies: 217
-- Name: users_id_seq; Type: SEQUENCE SET; Schema: public; Owner: postgres
--

SELECT pg_catalog.setval('public.users_id_seq', 1971, true);


--
-- TOC entry 4674 (class 2606 OID 25132)
-- Name: order_items order_items_pkey; Type: CONSTRAINT; Schema: public; Owner: postgres
--

ALTER TABLE ONLY public.order_items
    ADD CONSTRAINT order_items_pkey PRIMARY KEY (id);


--
-- TOC entry 4670 (class 2606 OID 25104)
-- Name: orders orders_pkey; Type: CONSTRAINT; Schema: public; Owner: postgres
--

ALTER TABLE ONLY public.orders
    ADD CONSTRAINT orders_pkey PRIMARY KEY (id);


--
-- TOC entry 4672 (class 2606 OID 25124)
-- Name: products products_pkey; Type: CONSTRAINT; Schema: public; Owner: postgres
--

ALTER TABLE ONLY public.products
    ADD CONSTRAINT products_pkey PRIMARY KEY (id);


--
-- TOC entry 4664 (class 2606 OID 25095)
-- Name: users users_email_key; Type: CONSTRAINT; Schema: public; Owner: postgres
--

ALTER TABLE ONLY public.users
    ADD CONSTRAINT users_email_key UNIQUE (email);


--
-- TOC entry 4666 (class 2606 OID 25091)
-- Name: users users_pkey; Type: CONSTRAINT; Schema: public; Owner: postgres
--

ALTER TABLE ONLY public.users
    ADD CONSTRAINT users_pkey PRIMARY KEY (id);


--
-- TOC entry 4668 (class 2606 OID 25093)
-- Name: users users_username_key; Type: CONSTRAINT; Schema: public; Owner: postgres
--

ALTER TABLE ONLY public.users
    ADD CONSTRAINT users_username_key UNIQUE (username);


--
-- TOC entry 4675 (class 2606 OID 25110)
-- Name: orders fk_orders_users; Type: FK CONSTRAINT; Schema: public; Owner: postgres
--

ALTER TABLE ONLY public.orders
    ADD CONSTRAINT fk_orders_users FOREIGN KEY (user_id) REFERENCES public.users(id) ON DELETE CASCADE;


--
-- TOC entry 4677 (class 2606 OID 25133)
-- Name: order_items order_items_order_id_fkey; Type: FK CONSTRAINT; Schema: public; Owner: postgres
--

ALTER TABLE ONLY public.order_items
    ADD CONSTRAINT order_items_order_id_fkey FOREIGN KEY (order_id) REFERENCES public.orders(id) ON DELETE CASCADE;


--
-- TOC entry 4676 (class 2606 OID 25105)
-- Name: orders orders_user_id_fkey; Type: FK CONSTRAINT; Schema: public; Owner: postgres
--

ALTER TABLE ONLY public.orders
    ADD CONSTRAINT orders_user_id_fkey FOREIGN KEY (user_id) REFERENCES public.users(id) ON DELETE CASCADE;


--
-- TOC entry 4678 (class 2606 OID 25138)
-- Name: order_items products_order_items_key; Type: FK CONSTRAINT; Schema: public; Owner: postgres
--

ALTER TABLE ONLY public.order_items
    ADD CONSTRAINT products_order_items_key FOREIGN KEY (product_id) REFERENCES public.products(id) ON DELETE CASCADE;


-- Completed on 2025-03-18 16:33:15

--
-- PostgreSQL database dump complete
--

